time_s,demand_kw,raw_fc_kw,safe_fc_kw,raw_batt_kw,safe_batt_kw,raw_soc,safe_soc,safe_stack_1_kw,safe_stack_2_kw,safe_stack_3_kw,safe_stack_4_kw
0,0.0,4.90310532040894,0.0,-4.90310532040894,0.0,0.6500261918019253,0.65,0.0,0.0,0.0,0.0
1,1.5958538400853528,6.377866258844733,0.0,-4.782012418759381,1.5958538400853528,0.6500517367400598,0.6499914751397432,0.0,0.0,0.0,0.0
2,3.1924208441396127,7.017417810857296,0.0,-3.8249969667176833,3.1924208441396127,0.6500721694161641,0.6499744216095928,0.0,0.0,0.0,0.0
3,4.790414176131687,7.348036579787731,0.0,-2.557622403656044,4.790414176131687,0.6500858319290042,0.6499488317902758,0.0,0.0,0.0,0.0
4,6.390547000030483,7.5427718460559845,0.0,-1.1522248460255016,6.390547000030483,0.6500919869762586,0.6499146942528825,0.0,0.0,0.0,0.0
5,7.993532479804907,7.675186172127724,0.0012930500702168501,0.3183463076771833,7.99223942973469,0.6500902864083757,0.6498720006661852,0.0005201095973461634,0.00036285641726863105,0.00025360886866110377,0.00015647518694095197
6,9.600083779423871,7.778648566454649,0.29276172281242907,1.821435212969222,9.307322056611442,0.6500805565194175,0.6498222820654554,0.11781849898397923,0.0821910216473043,0.057372963055968285,0.035379239125177264
7,11.210914062856274,7.868821639567614,0.823147059418261,3.34209242328866,10.387767003438013,0.6500627034616008,0.6497667918571037,0.33186746295541525,0.23107838351279497,0.16119269421324134,0.09900851873680949
8,12.826736494071024,7.962728105485439,1.5505093382671475,4.864008388585585,11.276227155803877,0.6500367205108071,0.6497065556009296,0.626671826466918,0.4352020565420389,0.3034365363419056,0.18519891891628504
9,14.448264237037037,8.073822688311338,2.440556767396629,6.374441548725699,12.007707469640408,0.6500026690068075,0.6496424118644465,0.9898636490106583,0.6850322708487511,0.4769284278154373,0.2887324197217822
10,16.076210455723203,8.195469155907631,3.465273231267929,7.880741299815572,12.610937224455274,0.6499605710297786,0.6495750457467945,1.411365531384945,0.9729532524943352,0.6755979266017675,0.40535652078688145
11,17.71128831409846,8.324530441313982,4.60179434157908,9.386757872784479,13.109493972519381,0.6499104280924239,0.6495050163986507,1.883566565811634,1.2933268211781979,0.8936134167015553,0.5312875378876925
12,19.354210976131707,8.459594938904047,5.831484775990248,10.89461603722766,13.52272620014146,0.6498522303571823,0.6494327796133935,2.4001387879252434,1.6402972862124443,1.1277148500084877,0.6633338518440723
13,21.005691605791814,8.600128628313541,7.139177713543177,12.405562977478272,13.866513892248637,0.649785961324183,0.6493587063554221,2.9568102210760117,2.0091379061341286,1.3749443925917149,0.7982851937413216
14,22.666443367047695,8.755511697381735,8.512555062770844,13.91093166966596,14.153888304276851,0.6497116507917595,0.6492830979777283,3.5396698862314224,2.398296445608139,1.6361700370907784,0.9384186938405037
15,24.3371794238683,8.930567651987076,9.941634070128202,15.406611771881224,14.395545353740097,0.6496293505152003,0.6492061986969925,4.148394241929054,2.8034837916493416,1.9076639786362648,1.0820920579135418
16,26.018612940222543,9.12077659741044,11.41835106536746,16.897836342812102,14.600261874855082,0.6495390842954203,0.6491282058450969,4.781133681535721,3.2222121953964233,2.18710545450449,1.2278997339308262
17,27.71145708007928,9.324401617050171,12.936217989772558,18.38705546302911,14.775239090306723,0.6494408628452972,0.6490492782858538,5.435837432742119,3.6539532244205475,2.4722473695874214,1.3741799630224705
18,29.416425007407394,9.540578257292509,14.49003629386425,19.875846750114885,14.926388713543144,0.6493346884502645,0.6489695433034096,6.110665202140808,4.0986306965351105,2.7611711993813515,1.5195691958069801
19,31.134229886175874,9.76939583197236,16.07566848397255,21.364834054203513,15.058561402203324,0.6492205600632228,0.6488891022702782,6.805527210235596,4.553761705756187,3.0530789867043495,1.6633005812764168
20,32.86558488035363,10.011492483317852,17.689847014844418,22.854092397035778,15.175737865509213,0.6490984762363156,0.6488080352945009,7.518200576305389,5.018619075417519,3.348115086555481,1.8049122765660286
21,34.61120315390945,10.267928335815668,19.330019131302834,24.343274818093782,15.281184022606617,0.6489684373751078,0.6487264050379699,8.247245103120804,5.492674186825752,3.6460626870393753,1.9440371543169022
22,36.37179787081236,10.540359001606703,20.99421862512827,25.831438869205655,15.377579245684089,0.64883044891961,0.6486442598496917,8.991671353578568,5.975698679685593,3.946572169661522,2.080276422202587
23,38.14808219503127,10.830742493271828,22.680959664285183,27.317339701759444,15.467122530746089,0.6486845229596646,0.6485616363318992,9.736839681863785,6.462857872247696,4.259728640317917,2.2215334698557854
24,39.94076929053495,11.141781322658062,24.38915017992258,28.79898796787689,15.551619110612371,0.648530682211973,0.6484785614434878,10.48986092209816,6.949320435523987,4.580945521593094,2.3690233007073402
25,9.487197835695731,9.706455003470182,20.310615748167038,-0.21925716777445103,-10.823417912471307,0.6485318534575273,0.6485363788468664,8.835473656654358,5.766245350241661,3.7777338176965714,1.9311629235744476
26,-10.892430312296309,8.25573829934001,16.65470451116562,-19.14816861163632,-27.547134823461928,0.6486341406830168,0.648683532344855,7.1975357830524445,4.699830710887909,3.1130244955420494,1.644313521683216
27,-10.502180794941006,7.5173020362854,13.656858075410128,-18.019482831226405,-24.159038870351132,0.6487303986041238,0.6488125870396753,5.839581415057182,3.8411762565374374,2.576235495507717,1.3998649083077908
28,-10.103811905799716,7.170811574906111,11.19862338528037,-17.274623480705827,-21.302435291080087,0.6488226775757088,0.6489263820999909,4.750996083021164,3.1397301703691483,2.1275339648127556,1.180363167077303
29,-9.697676661037047,7.017432060092688,9.182871133089066,-16.715108721129734,-18.880547794126112,0.6489119676863986,0.6490272397270962,3.871512785553932,2.5674771517515182,1.7536265775561333,0.9902546182274818
30,-9.284128076817549,6.954356748610735,7.529954705387354,-16.238484825428284,-16.814082782204903,0.6489987117292695,0.6491170585453772,3.150681033730507,2.103898301720619,1.4454396441578865,0.8299357257783413
31,-8.863519169305892,6.932583078742027,6.174562592059374,-15.79610224804792,-15.038081761365266,0.6490830926173466,0.6491973901787178,2.5652410462498665,1.7244815826416016,1.1909917928278446,0.6938481703400612
32,-8.436202954666676,6.92959101870656,5.06314137019217,-15.365793973373236,-13.499344324858846,0.6491651748501104,0.649269502060795,2.0905522629618645,1.4135741628706455,0.9807238355278969,0.5782911088317633
33,-8.002532449064482,6.935178022831678,4.151775827631354,-14.93771047189616,-12.154308276695836,0.6492449703120329,0.6493344289212475,1.7054589465260506,1.158680859953165,0.8071889169514179,0.4804471042007208
34,-7.56286066866393,6.944756954908371,3.4044562373310328,-14.507617623572301,-10.967316905994963,0.6493224682694237,0.6493930150158308,1.3923740945756435,0.9498461149632931,0.6639384664595127,0.3982975613325834
35,-7.117540629629623,6.956258974969387,2.7916540624573827,-14.07379960459901,-9.909194692087006,0.6493976488228671,0.6494459487481603,1.1376254260540009,0.7786952424794436,0.545805599540472,0.32952779438346624
36,-6.6669253481261945,6.968747079372406,2.2891564294695854,-13.635672427498601,-8.95608177759578,0.6494704889533559,0.6494937910653483,0.9301085025072098,0.6384880281984806,0.4484259057790041,0.27213399298489094
37,-6.2113678403182515,6.9818065501749516,1.8771082162857056,-13.193174390493203,-8.088476056603957,0.6495409653122795,0.6495369987365909,0.7607839535921812,0.5238305777311325,0.3681004513055086,0.22439323365688324
38,-5.751221122370374,6.995229236781597,1.5392287634313107,-12.746450359151972,-7.290449885801685,0.6496090553248818,0.6495759434475193,0.6225575692951679,0.429739011451602,0.3020931500941515,0.18483903259038925
39,-5.286838210447182,7.009788043797016,1.2621675850823522,-12.296626254244199,-6.549005795529534,0.6496747424309408,0.6496109274528373,0.509531470015645,0.3525543259456754,0.24788917507976294,0.15219261404126883
40,-4.8185721207133065,7.025257684290409,1.034977415110916,-11.843829805003715,-5.853549535824222,0.6497380107525488,0.649642196414033,0.41713137179613113,0.28920918703079224,0.20337251480668783,0.1252643414773047
41,-4.346775869333337,7.041245140135288,0.8486814796924591,-11.388021009468625,-5.195457349025796,0.6497988441981122,0.6496699499255129,0.3416360588744283,0.2372345421463251,0.16677849926054478,0.10303237941116095
42,-3.8718024724718827,7.0575750432908535,0.6959188263863325,-10.929377515762736,-4.567721298858215,0.6498572276250126,0.6496943501461264,0.27984988410025835,0.19463602220639586,0.13674896908923984,0.08468395099043846
43,-3.394004946293548,7.074146531522274,0.5706534255295992,-10.468151477815823,-3.9646583718231474,0.6499131472376078,0.6497155288767451,0.22928325925022364,0.15968144871294498,0.11212036479264498,0.06956835277378559
44,-2.91373630696296,7.090919651091099,0.46793581568636,-10.004655958054059,-3.38167212264932,0.6499665909125975,0.6497335933645798,0.1878885319456458,0.13099692296236753,0.09192285360768437,0.057127507170662284
45,-2.431349570644721,7.107864413410425,0.38370736583601683,-9.539213984055145,-2.8150569364807376,0.6500175482522559,0.6497486310618901,0.15399218536913395,0.10745798936113715,0.07536167395301163,0.0468955171527341
46,-1.9471977535034268,7.124958001077175,0.3146400355035439,-9.072155754580603,-2.2618377890069707,0.6500660106227397,0.6497607135287117,0.12623523361980915,0.08814328466542065,0.061779271345585585,0.03848224587272853
47,-1.461633871703702,7.1421814151108265,0.2580048399977386,-8.603815286814529,-1.7196387117014407,0.6501119711744855,0.6497698996329409,0.1034915097989142,0.07229715120047331,0.05064443685114384,0.03157174214720726
48,-0.9750109414101513,7.159526273608208,0.21156396251171827,-8.134537215018359,-1.1865749039218696,0.6501554248989246,0.6497762381740942,0.08485118742100894,0.05929840845055878,0.041516320197843015,0.025898046442307532
49,-0.4876819787873785,7.176971156150103,0.1734824472805485,-7.664653134937481,-0.661164426067927,0.6501963685588334,0.6497797700353446,0.06957172881811857,0.048636505380272865,0.034032759140245616,0.02124145394191146
50,0.0,7.194497436285019,0.1422556088073179,-7.194497436285019,-0.1422556088073179,0.650234800703258,0.6497805299477848,0.05704490467905998,0.03989333927165717,0.0278963620075956,0.017421002849005163
51,1.7183710857344994,7.241562753915787,0.11664959747577086,-5.523191668181287,1.6017214882587285,0.6502643049322547,0.6497719737432535,0.046792891225777566,0.03273241163697094,0.022852676920592785,0.014271617692429572
52,3.4375482469185195,7.3027679696679115,0.09565267100697383,-3.865219722749392,3.3418955759115456,0.6502849524735087,0.6497541217369719,0.03838437842205167,0.026856502518057823,0.01872097927844152,0.011690810788422823
53,5.158337559001581,7.371155824512243,0.07843518906156532,-2.212818265510662,5.079902369940016,0.6502967730839014,0.6497269855063632,0.031491409754380584,0.022034876747056842,0.015334441559389234,0.009574461000738665
54,6.8815450974332055,7.4435655027627945,0.06431685615098104,-0.562020405329589,6.8172282412822245,0.6502997753296564,0.649690568688835,0.025831928360275924,0.01808183587854728,0.012562234769575298,0.007840857142582536
55,8.607976937662912,7.518583349883556,0.17108731990447268,1.0893935877793552,8.436889617758439,0.6502939559194653,0.6496454998340393,0.06874391692690551,0.048130122013390064,0.033387186704203486,0.020826094259973615
56,10.338439155140223,7.608560565859079,0.5714201019145548,2.729878589281144,9.767019053225669,0.6502793732346934,0.6495933255869601,0.229847920127213,0.16080631176009774,0.11143401497974992,0.06933185504749417
57,12.073737825314659,7.727219257503748,1.2135487864725292,4.346518567810911,10.86018903884213,0.6502561546526004,0.6495353117566245,0.48963124863803387,0.34133035223931074,0.23650191724300385,0.14608526835218072
58,13.814679023635732,7.8627809882164,2.055135671980679,5.951898035419331,11.759543351655052,0.6502243603254881,0.6494724936831648,0.832633301615715,0.5774849560111761,0.40020961314439774,0.24480780120939016
59,15.562068825552986,8.009696938097477,3.061576304025948,7.552371887455509,12.500492521527038,0.6501840164585679,0.6494057175479003,1.2458767741918564,0.8602943271398544,0.5951648578047752,0.360240344889462
60,17.316713306515922,8.165456634014845,4.20461636967957,9.151256672501077,13.112096936836352,0.6501351315404456,0.6493356742950326,1.720232516527176,1.1824834160506725,0.8141094818711281,0.4877909552305937
61,19.07941854197405,8.329065795987844,5.461212899535894,10.750352745986206,13.618205642438156,0.6500777044424435,0.6492629274700196,2.2482141852378845,1.5368763357400894,1.0529165156185627,0.6232058629393578
62,20.850990607376918,8.500493969768286,6.812601070851088,12.350496637608632,14.03838953652583,0.6500117295672426,0.6491879360729227,2.8234440833330154,1.9180305302143097,1.3078529387712479,0.7632735185325146
63,22.632235578174043,8.680415339767933,8.243523258715868,13.95182023840611,14.388712319458175,0.6499372006129777,0.6491110732934384,3.43247652053833,2.323380671441555,1.5787456184625626,0.9089204482734203
64,24.423959529814923,8.869035728275776,9.741602465510368,15.554923801539147,14.682357064304554,0.6498541080713027,0.6490326418988641,4.071599617600441,2.748311683535576,1.862281747162342,1.0594094172120094
65,26.22696853774909,9.066860284656286,11.296827718615532,17.160108253092805,14.930140819133559,0.649762440826361,0.6489528868731209,4.739923030138016,3.189614787697792,2.154988795518875,1.212301105260849
66,28.042068677426116,9.274610225111246,12.901127617806196,18.76745845231487,15.14094105961992,0.6496621873089875,0.648872005777717,5.434258282184601,3.6486078053712845,2.4530308321118355,1.3652306981384754
67,29.8700660242954,9.492941852658987,14.548022393137217,20.377124171636414,15.322043631158184,0.649553335149951,0.6487901572540462,6.152037158608437,4.120936617255211,2.7570415288209915,1.5180070884525776
68,31.711766653806574,9.72153740003705,16.232338920235634,21.990229253769524,15.47942773357094,0.6494358659765868,0.6487074680033327,6.891956925392151,4.605300351977348,3.0655885115265846,1.66949313133955
69,33.56797664140915,9.962951391935349,17.94997900724411,23.605025249473805,15.617997634165043,0.649309770756237,0.6486240385287912,7.652430236339569,5.100879073143005,3.377841040492058,1.8188286572694778
70,35.43950206255256,10.221256501972675,19.697721116244793,25.218245560579888,15.74178094630777,0.6491750579060201,0.648539947818608,8.431965112686157,5.607160180807114,3.6932654678821564,1.9653303548693657
71,37.32714899268642,10.503766313195229,21.473066695034504,26.82338267949119,15.854082297651914,0.6490317706053819,0.6484552572080436,9.224099665880203,6.1221398413181305,4.0153250098228455,2.1115021780133247
72,39.231723507260234,10.809983499348164,23.27411323785782,28.42174000791207,15.957610269402416,0.6488799450711515,0.6483700135634421,10.019762068986893,6.638182699680328,4.35066781938076,2.2655006498098373
73,41.154031681723446,11.140912119299173,25.099441595375538,30.013119562424272,16.054590086347908,0.6487196185777625,0.648284251864263,10.830438137054443,7.1542441844940186,4.691896215081215,2.422863058745861
74,43.094879591525626,11.49872811511159,26.948033832013607,31.596151476414036,16.14684575951202,0.6485508357173115,0.6481979973463169,11.650653928518295,7.668956369161606,5.038707330822945,2.5897162035107613
75,45.05507331211639,11.886641010642052,28.8191981613636,33.16843230147434,16.23587515075279,0.6483736539208294,0.6481112672440159,12.466081976890564,8.19254219532013,5.391243472695351,2.7693305164575577
76,47.035418918945176,12.308934517204762,30.712512508034706,34.726484401740414,16.32290641091047,0.6481881491964611,0.6480240722311371,13.274571299552917,8.735664933919907,5.747853592038155,2.9544226825237274
77,49.03672248746146,12.771171890199184,32.62777775526047,36.265550597262276,16.408944732200993,0.647994422964638,0.6479364176118412,14.10878300666809,9.282925724983215,6.099281832575798,3.1367871910333633
78,51.05979009311479,13.280542939901352,34.564971178770065,37.77924715321344,16.494818914344727,0.6477926107469393,0.6478483042629397,14.952287077903748,9.84630212187767,6.444337218999863,3.322044759988785
79,53.10542781135461,13.846397865563631,36.524222046136856,39.25902994579098,16.581205765217753,0.6475828937066306,0.6477597294458178,15.818840265274048,10.415403544902802,6.787396222352982,3.502582013607025
80,38.670669426821284,13.338299002498388,35.53510196506977,25.332370424322896,3.1355674617515135,0.6474475712150477,0.6477429796196332,15.45606255531311,10.151834040880203,6.57033771276474,3.3568676561117172
81,22.37760777854137,11.951747816056013,31.791755370795727,10.425859962485358,-9.414147592254356,0.6473918775186669,0.6477932688695919,13.82429152727127,9.078225493431091,5.892348289489746,2.9968900606036186
82,22.589436762629102,10.92463806271553,28.758890740573406,11.664798699913572,-6.169453977944304,0.6473295655597998,0.6478262253545168,12.508252263069153,8.176909387111664,5.350970476865768,2.722758613526821
83,22.802392019775677,10.218104533851147,26.30932405591011,12.58428748592453,-3.506932036134433,0.6472623418018622,0.647844958965821,11.47426962852478,7.469088584184647,4.884209483861923,2.4817563593387604
84,23.016481481481506,9.760673344135284,24.33867771178484,13.255808137346222,-1.3221962303033337,0.6471915308609575,0.6478520219798717,10.616249591112137,6.915203481912613,4.511961713433266,2.295262925326824
85,23.231713079247005,9.478913433849812,22.761286236345768,13.752799645397193,0.4704268429012366,0.6471180650508859,0.6478495090159673,9.916327893733978,6.476401537656784,4.217061027884483,2.1514957770705223
86,23.4480947445726,9.313570894300938,21.506845951080322,14.134523850271663,1.941248793492278,0.6470425601157883,0.6478391390971986,9.35281589627266,6.131299585103989,3.978494182229042,2.0442362874746323
87,23.66563440895856,9.222477860748768,20.51766123622656,14.443156548209792,3.1479731727320015,0.6469654065017487,0.6478223230011904,8.904734253883362,5.847907066345215,3.797909989953041,1.967109926044941
88,23.88434000390556,9.177716542035341,19.746381044387817,14.706623461870219,4.137958959517743,0.6468868454789823,0.647800218519569,8.55371206998825,5.624893680214882,3.6590661853551865,1.9087091088294983
89,24.104219460914006,9.1615273617208,19.154145382344723,14.942692099193206,4.950074078569283,0.6468070234058029,0.6477737758161579,8.280130475759506,5.452572554349899,3.555634245276451,1.8658081069588661
90,24.32528071148408,9.162855427712202,18.70906464755535,15.162425283771878,5.616216063928729,0.6467260275442442,0.6477437746619703,8.074677735567093,5.3233664482831955,3.4777987748384476,1.8332216888666153
91,24.54753168711631,9.174972772598267,18.384968116879463,15.372558914518045,6.162563570236848,0.6466439091739744,0.6477108549847789,7.925049960613251,5.229451507329941,3.421080857515335,1.8093857914209366
92,24.770980319311107,9.193788841366768,18.16037781536579,15.57719147794434,6.610602503945316,0.6465606976810366,0.6476755419372151,7.821137458086014,5.164482444524765,3.3818040043115616,1.792953908443451
93,24.995634539568893,9.216809924691916,18.017669208347797,15.778824614876978,6.977965331221096,0.6464764090880084,0.6476382664813859,7.754718512296677,5.123282223939896,3.356923535466194,1.782744936645031
94,25.221502279390084,9.242541808634996,17.942377366125584,15.978960470755087,7.2791249132645,0.646391051393186,0.6475993822671057,7.719090580940247,5.101630091667175,3.343924880027771,1.7777318134903908
95,25.448591470275076,9.270136710256338,17.922632582485676,16.178454760018738,7.5259588877894,0.6463046280237414,0.6475591794952692,7.708793878555298,5.0960686057806015,3.3407293260097504,1.777040772140026
96,25.67691004372418,9.29916650056839,17.94869899749756,16.37774354315579,7.7282110462266225,0.6462171400774639,0.6475178963166035,7.719367742538452,5.103776603937149,3.3456239849328995,1.779930666089058
97,25.906465931238046,9.329226706176996,18.01258083432913,16.57723922506105,7.893885096908917,0.6461285864491249,0.6474757281269833,7.747168838977814,5.122438073158264,3.3571962267160416,1.7857776954770088
98,26.137267064317104,9.360076300799847,18.1077241897583,16.777190763517257,8.029542874558803,0.6460389647035932,0.6474328352697474,7.789216190576553,5.150162428617477,3.374284505844116,1.7940610647201538
99,26.369321374461514,9.391564596444368,18.22874452918768,16.977756778017145,8.140576845273834,0.6459482715584115,0.647389349282326,7.843071222305298,5.185393244028091,3.395931050181389,1.8043490126729012
100,26.6026367931718,9.423607029020786,18.371231481432915,17.179029764151014,8.231405311738886,0.6458565032370218,0.6473453781001052,7.906738668680191,5.226860195398331,3.421352803707123,1.8162798136472702
101,26.83722125194839,9.456164948642254,18.531563691794872,17.381056303306135,8.305657560153517,0.645763655714034,0.6473010102712582,7.978582382202148,5.273521691560745,3.449902683496475,1.8295569345355034
102,27.073082682291698,9.489204362034798,18.706767447292805,17.5838783202569,8.366315234998893,0.6456697247401011,0.6472563184163703,8.057258278131485,5.324522778391838,3.4810498356819153,1.8439365550875664
103,27.310229015702134,9.522717073559761,18.894409202039242,17.787511942142373,8.415819813662893,0.6455747059797264,0.6472113621139469,8.141671121120453,5.3791627287864685,3.5143598914146423,1.859215460717678
104,27.548668183680114,9.5566944219172,19.092488288879395,17.991973761762914,8.45617989480072,0.6454785950087768,0.6471661902127995,8.230915665626526,5.436867102980614,3.549477830529213,1.875227689743042
105,27.78840811772591,9.59114134311676,19.299367628991604,18.19726677460915,8.489040488734307,0.6453813873871176,0.6471208427742914,8.32425281405449,5.497164651751518,3.5861115902662277,1.8918385729193687
106,28.029456749340213,9.626058395951986,19.513703882694244,18.403398353388226,8.515752866645968,0.6452830786352298,0.6470753526414568,8.421074599027634,5.55967390537262,3.6240212619304657,1.9089341163635254
107,28.27182201002345,9.661450330168009,19.734394550323486,18.61037167985544,8.537427459699963,0.6451836642565981,0.6470297467255396,8.520884066820145,5.624077096581459,3.6630097776651382,1.9264236092567444
108,28.515511831275752,9.69733027741313,19.960539042949677,18.818181553862622,8.554972788326076,0.6450831397824857,0.6469840470845764,8.623272180557251,5.690114572644234,3.7029199302196503,1.9442323595285416
109,28.760534144597663,9.733703546226025,20.191397331655025,19.02683059837164,8.569136812942638,0.6449815007301439,0.6469382717810884,8.727731555700302,5.757521092891693,3.7437450140714645,1.9623996689915657
110,29.00689688148961,9.77059081196785,20.426364988088608,19.23630606952176,8.580531893401002,0.6448787426849008,0.6468924356064442,8.832414448261261,5.825566127896309,3.7865597754716873,1.9818246364593506
111,29.254607973451996,9.807998593896627,20.664946921169758,19.44660937955537,8.589661052282239,0.6447748612245399,0.6468465506649256,8.938731253147125,5.894702672958374,3.8300324231386185,2.00148057192564
112,29.503675351985247,9.845943842083216,20.906738005578518,19.65773150990203,8.59693734640673,0.6446698519750211,0.6468006268543144,9.046529978513718,5.9648070484399796,3.87408584356308,2.021315135061741
113,29.754106948589627,9.884429443627596,21.151406317949295,19.86967750496203,8.602700630640332,0.6445637105353579,0.6467546722569285,9.155657887458801,6.035785749554634,3.918663039803505,2.0412996411323547
114,30.00591069476583,9.923476725816727,21.398681960999966,20.082433968949104,8.607228733765865,0.6444564325761221,0.6467086934709575,9.265683591365814,6.106529384851456,3.9641428738832474,2.0623261108994484
115,30.259094522014287,9.963092487305403,21.64834626019001,20.296002034708884,8.610748261824277,0.644348013761834,0.6466626958840888,9.376730769872665,6.177766248583794,4.0101610124111176,2.0836882293224335
116,30.513666361835114,10.003296937793493,21.900217980146408,20.51036942404162,8.613448381688706,0.644238449822603,0.6466166838735028,9.48878601193428,6.249649450182915,4.056599363684654,2.1051831543445587
117,30.769634145728876,10.044099483639002,22.15415108948946,20.725534662089874,8.615483056239416,0.6441277364964166,0.6465706609939289,9.601785987615585,6.322135776281357,4.103432223200798,2.12679710239172
118,31.027005805195984,10.085521079599857,22.41002917289734,20.941484725596126,8.616976632298645,0.6440158695908312,0.6465246301358504,9.715674817562103,6.395193934440613,4.1506413370370865,2.1485190838575363
119,31.28578927173685,10.127573739737272,22.66775779426098,21.158215531999577,8.61803147747587,0.6439028449352115,0.6464785936429152,9.830667078495026,6.468625366687775,4.198051616549492,2.1704137325286865
120,-4.43681705729171,8.42850524932146,18.587561137974262,-12.86532230661317,-23.02437819526597,0.6439715699475332,0.6466015871161804,8.11331644654274,5.279804021120071,3.4139569848775864,1.7804836854338646
121,-23.914435317201992,7.130495458841324,15.241800621151924,-31.044930776043316,-39.156235938353916,0.6441374082529608,0.6468107550432015,6.555487215518951,4.293765500187874,2.8424562886357307,1.5500916168093681
122,-23.31537719907403,6.5637844149023294,12.498276215046644,-29.87916161397636,-35.81365341412068,0.6442970191590184,0.6470020672943453,5.326990038156509,3.510761260986328,2.349867857992649,1.3106570579111576
123,-22.692574072265582,6.333190994337201,10.248586535453796,-29.025765066602784,-32.94116060771938,0.6444520713228357,0.6471780350326344,4.33744452893734,2.8710072860121727,1.9385000690817833,1.1016346514225006
124,-22.046873972800952,6.244334066286683,8.403840940445662,-28.291208039087635,-30.450714913246614,0.6446031995709077,0.6473406991080256,3.53715680539608,2.3474574089050293,1.5964843332767487,0.9227423928678036
125,-21.3791249367043,6.213150452822447,6.891149748116732,-27.592275389526748,-28.270274684821032,0.6447505942043988,0.647491715532624,2.884916588664055,1.921805553138256,1.3135060667991638,0.7709215395152569
126,-20.69017499999996,6.205200823023915,5.650742677971721,-26.895375823023876,-26.34091767797168,0.6448942660837953,0.647632425562955,2.35005896538496,1.575244776904583,1.0819120332598686,0.6435269024223089
127,-19.980872198712408,6.206680182367563,4.633608926087618,-26.18755238107997,-24.614481124800026,0.6450341568550617,0.6477639131758012,1.9159816205501556,1.2913620099425316,0.8905382826924324,0.5357270129024982
128,-19.252064568865762,6.212086835876107,3.7995593156665564,-25.46415140474187,-23.05162388453232,0.6451701833048734,0.6478870521922784,1.5634195879101753,1.0587336495518684,0.7325821556150913,0.4448239225894213
129,-18.504600146484343,6.219235435128212,3.115638718008995,-24.723835581612555,-21.620238864493338,0.6453022550761427,0.6480025449212554,1.2768283486366272,0.8680284023284912,0.60237399302423,0.36840797401964664
130,-17.739326967592614,6.227252446115017,2.554823737591505,-23.96657941370763,-20.29415070518412,0.6454302816755749,0.6481109538459626,1.0434292256832123,0.711751775816083,0.49504898488521576,0.30459375120699406
131,-16.957093068214714,6.2357918825000525,2.0949554163962603,-23.192884950714767,-19.052048484610975,0.6455541752917646,0.6482127276092351,0.8531834930181503,0.5836321040987968,0.4066640045493841,0.25147581472992897
132,-16.158746484374994,6.24987636692822,1.7178635112941265,-22.408622851303214,-17.87660999566912,0.6456738794736626,0.6483082223207505,0.6975597236305475,0.47877999022603035,0.33400016836822033,0.2075236290693283
133,-15.345135252097817,6.269502500072122,1.4086480485275388,-21.61463775216994,-16.753783300625358,0.6457893422821678,0.6483977190264162,0.5706789903342724,0.39297728799283504,0.27393572963774204,0.1710560405626893
134,-14.517107407407403,6.2917654402554035,1.1550913681276143,-20.808872847662805,-15.672198775535017,0.6459005007909694,0.6484814380369692,0.46692020259797573,0.32265293411910534,0.22462776396423578,0.1408904674462974
135,-13.675510986328119,6.315439846366644,0.9471749304793775,-19.990950832694764,-14.622685916807496,0.6460072900582381,0.6485595506754137,0.38219604175537825,0.26485947892069817,0.18418271793052554,0.11593669187277555
136,-12.821194024884253,6.34001730941236,0.7766834576614201,-19.161211334296613,-13.597877482545673,0.6461096469563914,0.648632188909829,0.3129606135189533,0.21738288924098015,0.1510112197138369,0.09532873518764973
137,-11.95500455910011,6.369456276297569,0.6368804431986064,-18.32446083539768,-12.591885002298717,0.6462075340335035,0.64869945325279,0.2563385758548975,0.1783968647941947,0.12380970874801278,0.0783352938015014
138,-11.077790625000011,6.4057134091854095,0.5222419509664178,-17.483504034185422,-11.600032575966429,0.6463009288200109,0.6487614192387727,0.21000190172344446,0.14638365246355534,0.10152093600481749,0.0643354607746005
139,-10.190400258608213,6.4453179482370615,0.4282384063117206,-16.635718206845276,-10.618638664919933,0.6463897948360731,0.6488181427359144,0.17211452359333634,0.12009635102003813,0.08322569192387164,0.0528018397744745
140,-9.293681495949071,6.486817821860313,0.3511554969009012,-15.780499317809385,-9.644836992849973,0.646474092375164,0.6488696643010472,0.141094287391752,0.09851931827142835,0.0682300771586597,0.04331181407906115
141,-8.388482373046884,6.529595796018839,0.2879475010558963,-14.918078169065723,-8.67642987410278,0.6465537829636739,0.6489160127512293,0.11568868067115545,0.08081087726168334,0.05593520472757518,0.0355127383954823
142,-7.475650925925928,6.57337992452085,0.2361169521464035,-14.049030850446778,-7.711767878072331,0.6466288312053964,0.6489572080924584,0.0948689877986908,0.06628280971199274,0.04585418209899217,0.029110972536727786
143,-6.556035190610529,6.618038704618812,0.19361589656909928,-13.174073895229341,-6.749651087179628,0.6466992055317597,0.6489932639209155,0.07780370069667697,0.05436474457383156,0.03758895618375391,0.023858495114836842
144,-5.6304832031249985,6.663510436192155,0.15876504039624706,-12.293993639317154,-5.789248243521246,0.6467648785747048,0.6490241893923018,0.06381323910318315,0.04458848270587623,0.03081279282923788,0.0195505257579498
145,-4.699842999493637,6.7097436636686325,0.1301873300690204,-11.409586663162269,-4.830030329562657,0.6468258272214097,0.6490499908363699,0.05234192940406501,0.03656940534710884,0.025257703964598477,0.01601829135324806
146,-3.7649626157407416,6.757846940308809,0.10675361118046567,-10.522809556049552,-3.8717162269212073,0.6468820388109185,0.6490706730811718,0.04293499805498868,0.029992012423463166,0.020703778136521578,0.013122822565492243
147,-2.8266900878906256,6.8083724938333035,0.0875379606441129,-9.635062581723929,-2.9142280485347385,0.6469335081623167,0.649086240538696,0.03522021579556167,0.024597247829660773,0.016970705473795533,0.010749791545094922
148,-1.8858734519675924,6.8603909108787775,0.07178112864494324,-8.74626436284637,-1.9576545806125356,0.6469802296599815,0.6490966980952164,0.028892330010421574,0.020173192024230957,0.01391012774547562,0.008805478864815086
149,-0.943360743995949,6.913485797122121,0.05886052531423047,-7.85684654111807,-1.0022212693101795,0.6470221999940686,0.6491020518413132,0.02370144211454317,0.016544674872420728,0.011402092059142888,0.007212316268123686
150,0.0,6.9674506317824125,0.04826563053939026,-6.9674506317824125,-0.04826563053939026,0.6470594192816316,0.6491023096705362,0.019443935889285058,0.01356783468509093,0.009346666774945334,0.005907193190068938
151,0.9415813101305871,7.022122107446194,0.03957781846111175,-6.0805407973156065,0.9020034916694754,0.6470919008029847,0.6490974912758157,0.015951441309880465,0.011126515892101452,0.0076617921877186745,0.004838069071411155
152,1.8834563795357808,7.077501248568296,0.032453810854349285,-5.194044869032515,1.8510025686814315,0.6471196467691654,0.6490876034415813,0.013086365652270615,0.009124271309701726,0.006280778325162828,0.0039623955672141165
153,2.825918967490188,7.133601605892181,0.026612124202074483,-4.307682638401993,2.7993068432881136,0.6471426578943705,0.6490726498793843,0.010735937394201756,0.007482255750801414,0.005148817581357434,0.003245113475713879
154,3.769262833268416,7.1989948861300945,0.021821942209498957,-3.4297320528616786,3.747440891058917,0.6471609791126016,0.649052631498556,0.00880766601767391,0.0061356957303360105,0.004221017297822982,0.0026575631636660546
155,4.7137817361450685,7.269819360226393,0.017893992117024027,-2.5560376240813243,4.695887744028044,0.6471746331597388,0.6490275466281284,0.00722587137715891,0.005031411274103448,0.003460352309048176,0.002176357156713493
156,5.659769435394757,7.344038877636194,0.014673073746962473,-1.6842694422414368,5.645096361647795,0.6471836303255627,0.6489973911988461,0.005928080281591974,0.004126166822970845,0.00283632252831012,0.0017825041140895337
157,6.607519690292085,7.420716341584921,0.012031920505251037,-0.8131966512928361,6.595487769786834,0.6471879743247683,0.6489621588923836,0.004863394133280963,0.003383784496691078,0.002324829256394878,0.0014599126188841183
158,7.55732626011166,7.499435730278492,0.00986617496891995,0.057890529833168,7.54746008514274,0.647187665080485,0.6489218412637237,0.003989797187387012,0.0027750198569265194,0.0019056349628954194,0.0011957229617109988
159,8.509482904128088,7.580033130943775,0.13084799575153738,0.929449773184313,8.37863490837655,0.6471827000710129,0.6488770835986148,0.05292860441841185,0.03681089146994054,0.025267238379456103,0.015841261483728886
160,9.464283381615978,7.662476692348719,0.4032062628539279,1.8018066892672593,9.06107711876205,0.6471730750352795,0.6488286804088779,0.16326169716194272,0.11340620694682002,0.0778606568928808,0.04867770185228437
161,10.422021451849927,7.746799383312464,0.8003268681932241,2.6752220685374635,9.621694583656703,0.6471587843191015,0.6487772824677258,0.3246054518967867,0.22501717321574688,0.15452360967174172,0.09618063340894878
162,11.382990874104555,7.833060249686241,1.3004200183786452,3.549930624418314,10.08257085572591,0.6471398210144839,0.648723422580676,0.5286097526550293,0.3658002009615302,0.2507362049072981,0.1552738598547876
163,12.347485407654473,7.921339757740498,1.885657198727131,4.426145649913975,10.461828208927342,0.6471161770740463,0.6486675367462266,0.768606923520565,0.5307014100253582,0.3629284678027034,0.22342039737850428
164,13.315798811774258,8.01211828365922,2.5414582574740052,5.303680528115038,10.774340554300252,0.6470878454472936,0.6486099815082228,1.039376761764288,0.7156427949666977,0.4878928419202566,0.29854585882276297
165,14.288224845738547,8.105740044265985,3.2559083309024572,6.182484801472562,11.03231651483609,0.6470548193532686,0.6485510481935068,1.33690582588315,0.9171349927783012,0.6233675871044397,0.37849992513656616
166,15.265057268821945,8.202067762613297,4.019284900277853,7.062989506208648,11.245772368544092,0.6470170897084705,0.6484909746231621,1.6574382781982422,1.1324974708259106,0.7673540618270636,0.4619950894266367
167,16.246589840299045,8.301108051091433,4.8236601985991,7.945481789207612,11.422929641699945,0.6469746458954939,0.6484299546998624,1.9978784024715424,1.3595331460237503,0.9182514622807503,0.5479971878230572
168,17.233116319444427,8.402930665761232,5.6625801138579845,8.830185653683195,11.570536205586443,0.6469274761003353,0.6483681462799608,2.3557256907224655,1.5964284539222717,1.074780710041523,0.6356452591717243
169,18.22493046553277,8.507661148905754,6.530801532790065,9.717269316627014,11.694128932742704,0.646875567610396,0.6483056776424996,2.728763595223427,1.8417755141854286,1.2360083870589733,0.7242540363222361
170,19.222326037838627,8.61544581130147,7.4240729212760925,10.606880226537157,11.798253116562535,0.6468189069254252,0.6482426527861077,3.115219622850418,2.094307728111744,1.4012032188475132,0.8133423514664173
171,20.22559679563664,8.72645303606987,8.33895904943347,11.49914375956677,11.88663774620317,0.6467574798754275,0.6481791557896002,3.5081513226032257,2.3537883535027504,1.5724286437034607,0.904590729624033
172,21.235036498201378,8.840884361416101,9.272692911326885,12.394152136785276,11.962343586874493,0.6466912717977737,0.6481152543815506,3.9087869226932526,2.620658278465271,1.7466170713305473,0.9966306388378143
173,22.25093890480739,8.958943840116262,10.223057307302952,13.291995064691129,12.02788159750444,0.6466202675506333,0.6480510028772904,4.318483546376228,2.892523817718029,1.92307960242033,1.0889703407883644
174,23.273597774729456,9.080869145691395,11.188284866511822,14.192728629038061,12.085312908217634,0.6465444516925722,0.6479864445818405,4.736641421914101,3.16893570125103,2.1014152094721794,1.1812925338745117
175,24.30330686724208,9.206912387162447,12.166978511959314,15.096394480079631,12.136328355282764,0.6464638085596658,0.6479216137679769,5.162784084677696,3.4495465457439423,2.2813117131590843,1.2733361683785915
176,25.34035994161981,9.337357245385647,13.158044312149286,16.003002696234162,12.182315629470523,0.6463783224341517,0.6478565372955972,5.596546828746796,3.7341054528951645,2.462518587708473,1.364873442798853
177,26.38505075713734,9.472506120800972,14.160637371242046,16.912544636336367,12.224413385895293,0.6462879776444277,0.6477912359420401,6.037649512290955,4.0224339812994,2.6448464021086693,1.4557074755430222
178,27.437673073069252,9.612706396728754,15.17411693930626,17.824966676340498,12.263556133762993,0.6461927588053447,0.6477257254926077,6.485874205827713,4.314423352479935,2.828150801360607,1.5456685796380043
179,28.49852064869015,9.75833311676979,16.198009252548218,18.74018753192036,12.300511396141932,0.6460926509659647,0.6476600176325855,6.941048055887222,4.61001843214035,3.012331947684288,1.6346108168363571
180,29.460719890736915,9.904256742447615,17.212688364088535,19.5564631482893,12.24803152664838,0.6459881826799161,0.6475945901137465,7.395007461309433,4.903622716665268,3.1936295330524445,1.72042865306139
181,30.413832484215266,10.051720310002565,18.21817085146904,20.3621121742127,12.195661632746226,0.6458794107131735,0.6475294423486143,7.847052067518234,5.1953088492155075,3.3723440021276474,1.8034659326076508
182,31.483034868513123,10.208179242908955,19.23699900507927,21.274855625604168,12.246035863433853,0.6457657629801307,0.6474640254903695,8.306264132261276,5.491694062948227,3.5529155284166336,1.8861252814531326
183,32.561444725422945,10.373296122998,20.2684348449111,22.188148602424945,12.293009880511846,0.6456472365452887,0.6473983577025463,8.770684897899628,5.792152509093285,3.7363965064287186,1.9692009314894676
184,33.6493470892751,10.547142568975687,21.31192684173584,23.102204520299416,12.337420247539264,0.6455238273331075,0.6473324526798564,9.234069287776947,6.091101095080376,3.9281249046325684,2.058631554245949
185,34.74702699440027,10.730062797665596,22.36707154661417,24.016964196734676,12.379955447786102,0.6453955315841934,0.6472663204392165,9.702716767787933,6.392153352499008,4.1227612644433975,2.149440161883831
186,35.85476947512858,10.922643914818764,23.433586582541466,24.932125560309814,12.421182892587112,0.6452623471527815,0.6471999679664997,10.179293155670166,6.6949255764484406,4.3183088302612305,2.2410590201616287
187,36.97285956579048,11.125671491026878,24.511295557022095,25.8471880747636,12.461564008768384,0.645124274566912,0.6471333997826921,10.660035908222198,6.9990649819374084,4.5158881694078445,2.3363064974546432
188,38.10158230071629,11.34010013192892,25.60010515153408,26.761482168787367,12.501477149182207,0.644981317931395,0.6470666183876644,11.142383515834808,7.304191589355469,4.71750944852829,2.4360205978155136
189,39.24122271423657,11.567110288888216,26.699988543987274,27.674112425348355,12.541234170249297,0.6448334861342511,0.6469996246153875,11.61716803908348,7.619080692529678,4.920648783445358,2.5430910289287567
190,40.39206584068188,11.808085720986128,27.810974046587944,28.583980119695752,12.581091794093936,0.644680793932757,0.6469324179284532,12.09467425942421,7.9384200274944305,5.126966908574104,2.6509128510951996
191,41.554396714382044,12.064697127789259,28.933135978877544,29.489699586592785,12.6212607355045,0.6445232634862474,0.6468649966638405,12.574367225170135,8.259081095457077,5.339127779006958,2.760559879243374
192,42.72850036966775,12.338954769074917,30.066590011119843,30.389545600592832,12.661910358547907,0.644360926170005,0.6467973582538055,13.060179352760315,8.580467849969864,5.553489550948143,2.8724532574415207
193,43.914661840869535,12.633267510682344,31.21147956699133,31.28139433018719,12.703182273878205,0.6441938247045659,0.6467294993741373,13.560213148593903,8.906488865613937,5.761682987213135,2.9830945655703545
194,45.113166162317796,12.950586341321468,32.367971539497375,32.16257982099633,12.74519462282042,0.644022016051676,0.6466614160695282,14.058542251586914,9.248971194028854,5.967450141906738,3.0930079519748688
195,46.324298368342795,13.293463457375765,33.536261692643166,33.03083491096703,12.78803667569963,0.6438455692839892,0.646593103907799,14.563168585300446,9.594966471195221,6.1748940497636795,3.2032325863838196
196,47.548343493274565,13.664610031992197,34.71655584871769,33.88373346128237,12.831787644556876,0.6436645664343028,0.6465245580336294,15.08205384016037,9.92991179227829,6.392338126897812,3.312252089381218
197,48.7855865714441,14.069669414311647,35.909074917435646,34.71591715713245,12.876511654008453,0.6434791181588908,0.6464557732491528,15.604256093502045,10.265810787677765,6.615636497735977,3.4233715385198593
198,50.0363126371817,14.515712484717369,37.11405098438263,35.52060015246433,12.922261652799072,0.6432893713632045,0.6463867440736571,16.130506992340088,10.605334490537643,6.842050701379776,3.536158800125122
199,51.30080672481733,15.01181861385703,38.33172880113125,36.2889881109603,12.96907792368608,0.6430955199309879,0.6463174648112443,16.66078269481659,10.948549211025238,7.0716917514801025,3.6507051438093185
200,52.57935386868193,15.569987334311008,39.56235721707344,37.00936653437092,13.016996651608487,0.6428978203234325,0.6462479295727207,17.20181107521057,11.300420761108398,7.296929508447647,3.7631958723068237
201,53.87223910310549,16.206520795822144,40.80619551241398,37.66571830728335,13.066043590691514,0.642696614563244,0.6461781323313175,17.753607034683228,11.654889583587646,7.518810033798218,3.878888860344887
202,55.17974746241826,16.932350024580956,42.063505575060844,38.24739743783731,13.116241887357418,0.6424923015427427,0.64610806693662,18.309924006462097,12.013506889343262,7.743572443723679,3.996502235531807
203,56.502163980951295,17.71880444139242,43.33455115556717,38.78335953955887,13.167612825384126,0.6422851254768263,0.6460377271245187,18.870627880096436,12.376346439123154,7.971420139074326,4.116156697273254
204,57.839773693034786,18.576191924512386,44.61960531771183,39.2635817685224,13.220168375322956,0.6420753841212252,0.6459671065669582,19.435665011405945,12.743507325649261,8.202476799488068,4.237956181168556
205,59.19286163299864,19.53845340758562,45.918937772512436,39.65440822541302,13.273923860486207,0.641863555017457,0.6458961988540283,20.004983246326447,13.115079700946808,8.436867594718933,4.362007230520248
206,60.56171283517324,20.585612393915653,47.23282568156719,39.976100441257586,13.328887153606047,0.6416500074723648,0.6458249975337633,20.57853639125824,13.491159677505493,8.674714714288712,4.488414898514748
207,61.94661233388941,21.74091562628746,48.56154955923557,40.20569670760195,13.38506277465384,0.6414352334514909,0.6457534961300526,21.156279742717743,13.871835172176361,8.91614854335785,4.61728610098362
208,63.347845163477885,23.061407543718815,49.905382469296455,40.28643761975907,13.44246269418143,0.6412200281223255,0.6456816881028401,21.738174557685852,14.257197082042694,9.161285310983658,4.748725518584251
209,64.76569635826844,24.56721793860197,51.26460678875446,40.19847841966647,13.50108956951398,0.641005292660682,0.6456095668978747,22.327914834022522,14.648914337158203,9.407537430524826,4.880240187048912
210,66.2004509525913,26.191138103604317,52.63950228691101,40.00931284898698,13.560948665680286,0.6407915676988818,0.6455371259327803,22.923490405082703,15.044890344142914,9.657537937164307,5.013583600521088
211,67.65239398077715,27.893210016191006,54.03035283088684,39.75918396458614,13.622041149890308,0.6405791788956522,0.6454643586189455,23.528029024600983,15.439200401306152,9.915072470903397,5.148050934076309
212,69.12181047715656,29.65847421437502,55.437442660331726,39.46333626278154,13.684367816824832,0.640368370475445,0.6453912583635137,24.136875569820404,15.8384770154953,10.17676666378975,5.285323411226273
213,70.60898547605993,31.48090150207281,56.86105042695999,39.12808397398712,13.747935049099937,0.640159352932849,0.6453178185395335,24.749955534934998,16.242748498916626,10.442831367254257,5.425515025854111
214,72.11420401181734,33.24666768312454,58.30146409571171,38.86753632869279,13.812739916105627,0.6399517272045974,0.6452440325357082,25.36725103855133,16.652105748653412,10.713382810354233,5.568724498152733
215,73.6377511187593,34.88490916788578,59.75896641612053,38.75284195087352,13.878784702638768,0.639744714159988,0.645169893728536,25.988739728927612,17.06663817167282,10.98853424191475,5.715054273605347
216,75.17991183121624,36.44602410495281,61.233844608068466,38.73388772626343,13.946067223147779,0.6395378023665785,0.6450953955061901,26.615190505981445,17.485497891902924,11.26888021826744,5.8642759919166565
217,76.74097118351816,37.94535435736179,62.72638067603111,38.79561682615636,14.014590507487043,0.6393305608237038,0.6450205312406586,27.247628569602966,17.90694147348404,11.556345969438553,6.015464663505554
218,78.32121420999637,39.3758587539196,64.23685811460018,38.94535545607677,14.084356095396188,0.6391225193949854,0.6449452942957046,27.883484959602356,18.334433436393738,11.848888546228409,6.170051172375679
219,79.92092594498092,40.75568579137325,65.76556488871574,39.16524015360767,14.155361056265178,0.6389133033685238,0.6448696780507459,28.52354347705841,18.767370283603668,12.146566808223724,6.328084319829941
220,34.25129677259585,39.40338008105755,58.800750598311424,-5.152083308461698,-24.549453825715574,0.638940825181069,0.6450008182955413,25.65307319164276,16.81506335735321,10.76699122786522,5.5656228214502335
221,-6.579089193875012,35.768189653754234,48.21661449968815,-42.34727884762925,-54.79570369356316,0.6391670392774773,0.6452935303879215,21.16544097661972,13.838241994380951,8.724851906299591,4.488079622387886
222,-6.696160996027449,32.23653323948383,39.53762501478195,-38.932694235511285,-46.2337860108094,0.6393750130714704,0.6455405057405433,17.34132617712021,11.380531638860703,7.138913869857788,3.6768533289432526
223,-6.805035657344493,28.865202516317368,32.42085129022598,-35.67023817366186,-39.22588694757047,0.6395655592155605,0.6457500457349213,14.191977679729462,9.321849048137665,5.881160497665405,3.025864064693451
224,-6.905823479296309,25.716659054160118,26.585098542273045,-32.62248253345643,-33.490922021569354,0.6397398246137093,0.6459289502328998,11.652757972478867,7.594270259141922,4.847225174307823,2.490845136344433
225,-6.998634763353068,22.716474533081055,21.79978061467409,-29.71510929643412,-28.79841537802716,0.6398985591719167,0.6460827879218849,9.598762542009354,6.205974519252777,3.9611712098121643,2.0338723435997963
226,-7.0835798109849275,19.53355260193348,17.875819839537144,-26.61713241291841,-24.959399650522073,0.6400407447083105,0.6462161180482231,7.83412978053093,5.089768767356873,3.2439619302749634,1.7079593613743782
227,-7.160768923661966,15.92545211315155,14.65817242860794,-23.086221036813516,-21.818941352269906,0.6401640685386354,0.6463326722221134,6.369931250810623,4.158054292201996,2.6793628931045532,1.4508239924907684
228,-7.230312402854611,12.523325439542532,12.019701302051544,-19.753637842397143,-19.250013704906156,0.6402695901083063,0.6464355034919046,5.175328254699707,3.4002557396888733,2.21444983035326,1.2296674773097038
229,-7.292320550032764,9.91778252646327,9.856155421584845,-17.210103076496033,-17.148475971617607,0.6403615244196124,0.6465271085985906,4.213428124785423,2.781422436237335,1.825854741036892,1.0354501195251942
230,-7.346903666666676,8.27153930440545,8.082047291100025,-15.618442971072128,-15.428950957766702,0.6404449562730903,0.6466095282084078,3.432079032063484,2.2758428007364273,1.5044288709759712,0.8696965873241425
231,-7.394172054226603,7.335128635168076,6.627278868108988,-14.729300689394679,-14.02145092233559,0.6405236384348926,0.6466844291214544,2.7923179790377617,1.8622096627950668,1.242006290704012,0.7307449355721474
232,-7.434236014182452,6.8636495154351,5.4343686904758215,-14.297885529617552,-12.868604704658274,0.6406000160285337,0.6467531716679537,2.273794077336788,1.5250727534294128,1.0239926166832447,0.6115092430263758
233,-7.467205848004567,6.637111399322748,4.4561822433024645,-14.104317247327316,-11.923388091307032,0.6406753596035728,0.6468168649804072,1.85313131660223,1.249807421118021,0.8432946167886257,0.5099488887935877
234,-7.493191857163171,6.529769813641906,3.6540695000439882,-14.022961670805078,-11.14726135720716,0.640750268586857,0.6468764123167171,1.511566899716854,1.0243083350360394,0.6940582301467657,0.42413603514432907
235,-7.512304343128366,6.478377943858504,2.99633692484349,-13.990682286986871,-10.508641267971857,0.6408250051375354,0.6469325482209264,1.233926322311163,0.839563924819231,0.5708908196538687,0.35195585805922747
236,-7.524653607370382,6.452891975641251,2.456996263936162,-13.977545583011633,-9.981649871306544,0.640899671513513,0.6469858690001534,1.0079882107675076,0.6881871726363897,0.4693365190178156,0.2914843615144491
237,-7.5303499513593115,6.439418159425259,2.0147369941696525,-13.969768110784571,-9.545086945528965,0.6409742963431646,0.6470368577124693,0.8239254355430603,0.5641378927975893,0.3856752533465624,0.24099841248244047
238,-7.529503676565168,6.431601848453283,1.652084314264357,-13.961105525018452,-9.181587990829525,0.6410488748983196,0.6470859046568648,0.6738921627402306,0.4624428693205118,0.3168380120769143,0.1989112701267004
239,-7.522225084458342,6.426551844924688,1.3547091279178858,-13.94877692938303,-8.876934212376227,0.641123387595592,0.64713332417723,0.5512060131877661,0.37926335353404284,0.26011914014816284,0.16412062104791403
240,-7.508624476508927,6.422959361225367,1.1108614853583276,-13.931583837734294,-8.619485961867255,0.641197808449426,0.6471793684398468,0.4509903024882078,0.31104686204344034,0.2135598100721836,0.13526451075449586
241,-7.4888121541870145,6.420221272855997,0.9109064121730626,-13.909033427043012,-8.399718566360077,0.6412721088416644,0.6472242387313337,0.3691521938890219,0.2550949575379491,0.17528404714539647,0.11137521360069513
242,-7.462898418962973,6.418069358915091,0.7469432603102177,-13.880967777878062,-8.20984167927319,0.6413462593105633,0.6472680947232102,0.30221513006836176,0.20924152340739965,0.14383717207238078,0.09164943476207554
243,-7.430993572306765,6.4163772854954,0.612493499647826,-13.847370857802165,-8.04348707195459,0.6414202303087353,0.64731106206868,0.24744414258748293,0.17166875768452883,0.11801545042544603,0.07536514895036817
244,-7.393207915688561,6.41508218832314,0.5022446566727012,-13.8082901040117,-7.895452572361262,0.6414939925421969,0.6473532386315666,0.2026524394750595,0.14082386624068022,0.09682272793725133,0.06194562301971018
245,-7.349651750578778,6.414151424542069,0.4118406097404659,-13.763803175120849,-7.761492360319244,0.6415675171318076,0.6473946995950298,0.16600688686594367,0.11551239294931293,0.07942747324705124,0.050893856678158045
246,-7.300435378447197,6.413563434034586,0.3377093089511618,-13.713998812481783,-7.638144687398359,0.6416407756724726,0.6474355016499839,0.1360138412564993,0.09474488906562328,0.06515163113363087,0.041798947495408356
247,-7.245669100764182,6.413312908262014,0.27692162548191845,-13.658982009026197,-7.522590726246101,0.6417137403199566,0.6474756864295044,0.11146023171022534,0.07770716329105198,0.0534345512278378,0.034319679252803326
248,-7.185463219000009,6.413388019427657,0.22707574244122952,-13.598851238427667,-7.412538961441238,0.6417863837560593,0.6475152833256659,0.09135243599303067,0.06373070646077394,0.043820502469316125,0.028172097518108785
249,-7.119928034624607,6.4137795474380255,0.18620210030348971,-13.533707582062632,-7.306130134928097,0.6418586792025447,0.6475543117986089,0.07487968541681767,0.052266434067860246,0.03593502624426037,0.023120954574551433
250,-7.049173849108376,6.414485117420554,0.15268572460627183,-13.46365896652893,-7.201859573714648,0.6419306004577078,0.6475927832706907,0.06138240569271147,0.042863396811299026,0.02946769818663597,0.018972223915625364
251,-6.973310963921304,6.415491830557585,0.125202295021154,-13.388802794478888,-7.098513258942458,0.6420021218401569,0.6476307026791253,0.050321524031460285,0.0351512833731249,0.02416375937173143,0.015565728244837373
252,-6.892449680533615,6.416796240955591,0.10266588215017691,-13.309245921489207,-6.995115562683792,0.6420732182393102,0.6476680697494387,0.04125612322241068,0.02882631088141352,0.019814082770608366,0.012769365275744349
253,-6.80670030041553,6.418387172743678,0.08418602228630334,-13.225087473159208,-6.890886322701833,0.6421438650741027,0.647704880039624,0.0338254525559023,0.023639100254513323,0.016247117309831083,0.010474352166056633
254,-6.716173125037044,6.420266116037965,0.0690325403411407,-13.13643924107501,-6.785205665378185,0.6422140383606469,0.6477411257963835,0.027734224568121135,0.019385098130442202,0.01332210231339559,0.008591115329181775
255,-6.620978455868441,6.42242357134819,0.05660668321070261,-13.043402027216631,-6.677585139079143,0.6422837146535274,0.6477767966571693,0.022740638814866543,0.015896493277978152,0.01092355596483685,0.007045995153021067
256,-6.5212265943799785,6.424848549067974,0.0464174801891204,-12.946075143447953,-6.567644074569099,0.6423528710378407,0.6478118802259436,0.01864666264737025,0.013035618758294731,0.00895676203072071,0.005778436752734706
257,-6.417027842041672,6.427540862932801,0.03806233326031361,-12.844568704974474,-6.455090175301986,0.6424214851869057,0.6478463625452561,0.015290080045815557,0.010689543705666438,0.007344029290834442,0.004738680217997171
258,-6.308492500323716,6.430488638579845,0.031211112582241185,-12.738981138903561,-6.339703612905957,0.6424895352998272,0.6478802284833592,0.012537953443825245,0.00876566773513332,0.006021634908393025,0.0038858564948895946
259,-6.195730870696316,6.433740956708789,0.025593112877686508,-12.629471827405105,-6.221323983574003,0.6425570004271104,0.6479134620516476,0.010281364666298032,0.007188015297288075,0.004937326229992323,0.0031864066841080785
260,-6.078853254629616,6.437349133193493,0.020986352319596335,-12.516202387823109,-6.099839606949212,0.6426238604826009,0.6479460466649326,0.008431029709754512,0.005894296191399917,0.004048245682497509,0.0026127807359443977
261,-5.957969953593823,6.44124117679894,0.01720880864013452,-12.399211130392763,-5.975178762233957,0.6426900955847932,0.6479779653549018,0.006913782999617979,0.0048334102757507935,0.0033192496630363166,0.0021423657017294317
262,-5.833191269058991,6.445396691560745,0.014111223208601587,-12.278587960619737,-5.847302492267593,0.6427556863324461,0.6480092009451383,0.005669634629157372,0.0039634625863982365,0.002721516830206383,0.0017566091628395952
263,-5.704627502495336,6.4497873187065125,0.011571202867344255,-12.154414821201849,-5.716198705362681,0.6428206137620465,0.6480397361946327,0.004649414768209681,0.0032500862289452925,0.002231417238363065,0.0014402846318262164
264,-5.57238895537314,6.454407703131437,0.009488386422162876,-12.026796658504576,-5.581877341795303,0.6428848594706923,0.6480695539154756,0.0038128040614537895,0.002665108331711963,0.001829570101108402,0.0011809039278887212
265,-5.436585929162403,6.459252024069428,0.007780477153573884,-11.895837953231831,-5.444366406315977,0.6429484056136049,0.6480986370693554,0.0031267525628209114,0.002185418452427257,0.0015000850908108987,0.0009682210475148167
266,-5.297328725333301,6.4643096178770065,0.006379991100402549,-11.761638343210308,-5.303708716433704,0.6430112348782588,0.6481269688466869,0.002564157148299273,0.001792041257431265,0.0012299507034185808,0.00079384199125343
267,-5.154727645356146,6.469574337825179,0.005231592740528868,-11.624301983181326,-5.159959238096675,0.6430733305085109,0.6481545327315057,0.002102798498526681,0.0014694698620587587,0.00100846164059476,0.0006508627393486677
268,-5.008892990700982,6.475037895143032,0.004289906019039336,-11.483930885844014,-5.013182896720021,0.6431346762931575,0.6481813125546719,0.001724458888929803,0.0012049608812958468,0.0008268559213320259,0.0005336303274816601
269,-4.859935062837952,6.48070084862411,0.0035177229165128665,-11.340635911462062,-4.863452785754465,0.6431952566131973,0.6482072925375019,0.0014141955034574494,0.0009880650395643897,0.0006779528575862059,0.00043750951590482146
270,-4.232655521261987,6.505972053855658,0.002884532796088024,-10.738627575117643,-4.235540054058075,0.6432526210767396,0.6482299182856539,0.0011601406185945962,0.0008102623723971192,0.0005557345957640791,0.00035839520933222957
271,-3.653332741610778,6.539813708513975,0.002365316959185293,-10.193146450124754,-3.655698058569963,0.6433070716453835,0.6482494465872488,0.0009516936188447289,0.0006644510904152412,0.0004555602117761737,0.00029361203814914916
272,-3.547159543768732,6.558802677318454,0.0019395598656046786,-10.105962221087186,-3.5490991036343367,0.643361056486308,0.6482684054499819,0.0007804443157510832,0.0005448445335787255,0.0003735289510586881,0.0002407420652161818
273,-3.4389017361111236,6.570830661803484,0.0015904390465948381,-10.009732397914608,-3.4404921751577184,0.6434145272790319,0.6482867841474987,0.0006400108759407885,0.00044676826291834004,0.0003062686573684914,0.00019739125036721816
274,-3.328633768988465,6.579628074541688,0.0013041600368524087,-9.908261843530152,-3.3299379290253173,0.6434674560281961,0.6483045722774615,0.0005248483375908108,0.00036634660318668466,0.00025111921786447056,0.0001618458782104426
275,-3.2164300927513443,6.586965220049024,0.0010694112575038162,-9.803395312800369,-3.217499504008848,0.6435198245929012,0.648321759774812,0.0004304086360207293,0.0003004014843099867,0.00020590030089806532,0.00013270083627503482
276,-3.102365157750341,6.593684293329716,0.0008769172154643456,-9.696049451080057,-3.1032420749658054,0.6435716197288579,0.6483383369226483,0.0003529627520038048,0.00024632695385662373,0.0001688237716734875,0.00010880373793042963
277,-2.9865134143359726,6.600183621048927,0.0007190721191818739,-9.5866970353849,-2.9872324864551545,0.6436228307172948,0.6483542943611443,0.00028945255508006085,0.00020198633592372062,0.0001384234906254278,8.920973755266459e-05
278,-2.868949312858816,6.606648489832878,0.0005896391371607024,-9.475597802691695,-2.8695389519959766,0.6436734482269245,0.6483696230948622,0.0002373703864577692,0.0001656272843320039,0.0001134973217631341,7.314414460779517e-05
279,-2.7497473036694142,6.613174639642239,0.00048350409542763373,-9.362921943311653,-2.750230807764842,0.6437234638355961,0.6483843144987499,0.00019465974219201598,0.0001358132408313395,9.305960588790185e-05,5.9971506516376394e-05
280,-2.6289818371183244,6.619794247671962,0.00039647335938752803,-9.248776084790286,-2.629378310477712,0.6437728696907499,0.648398360323058,0.00015963427131282515,0.00011136592092952924,7.630210916431679e-05,4.917105798085686e-05
281,-2.5067273635561187,6.626537488773465,0.0003251081523103494,-9.133264852329583,-2.507052471708429,0.6438216584987217,0.6484117526973726,0.0001309111894443049,9.131928777605935e-05,6.256211690924829e-05,4.0315558180736843e-05
282,-2.383058333333332,6.633646180853248,0.00026658869103357574,-9.01670451418658,-2.3833249220243657,0.6438698246553146,0.6484244841339218,0.00010735635669334442,7.488121696042072e-05,5.1296296987857204e-05,3.30548203919534e-05
283,-2.258049196800534,6.640994595363736,0.00021860271885998372,-8.89904379216427,-2.258267799519394,0.6439173622824095,0.6484365475302868,8.803982609606464e-05,6.140211326055578e-05,4.205911636745441e-05,2.7101663135908893e-05
284,-2.1317744043082896,6.648521311581135,0.00017925423065889845,-8.780295715889425,-2.1319536585389485,0.6439642655714901,0.6484479361716251,7.2198935185952e-05,5.034936521042255e-05,3.4485324817978835e-05,2.2220605444545072e-05
285,-2.004308406207136,6.656192801892757,0.00014698846655392117,-8.660501208099893,-2.00445539467369,0.6440105289326445,0.6484586437324941,5.920830972172553e-05,4.1286182295152685e-05,2.8275363206375914e-05,1.8218611330667045e-05
286,-1.8757256528476303,6.663988064974546,0.00012053054234684168,-8.539713717822178,-1.875846183389977,0.6440561470614791,0.6484686642783455,4.85551197471068e-05,3.385441402770084e-05,2.318365375231224e-05,1.4937354819721804e-05
287,-1.7461005945803476,6.671916740015149,9.883504787921993e-05,-8.418017334595497,-1.7461994296282268,0.6441011151027963,0.6484779922667516,3.981875238423527e-05,2.776041583274491e-05,1.900883290772981e-05,1.2247046754509938e-05
288,-1.6155076817558325,6.67996876873076,8.104473820935709e-05,-8.295476450486593,-1.6155887264940418,0.6441454285453737,0.6484866225484103,3.2654293136147317e-05,2.2763390461477684e-05,1.5585789014949114e-05,1.0041265596782978e-05
289,-1.4840213647246348,6.688125524669886,6.645668761962042e-05,-8.17214688939452,-1.4840878214122544,0.6441890831761932,0.6484945503679691,2.67789374674976e-05,1.8665845402665582e-05,1.2779153735209547e-05,8.232751014247697e-06
290,-1.3517160938373236,6.696383282542229,5.449448252647926e-05,-8.048099376379552,-1.35177058831985,0.6442320751600413,0.6485017713647016,2.1960721596769872e-05,1.5305892020478495e-05,1.0477916134732368e-05,6.749952774498524e-06
291,-1.2186663194444447,6.704724300652742,4.468547594171923e-05,-7.923390620097187,-1.2187110049203864,0.6442744009646358,0.6485082815730612,1.800942754925927e-05,1.2550745509543049e-05,8.591084821318873e-06,5.53421806159804e-06
292,-1.0849464918965588,6.71314331702888,3.664208989562212e-05,-7.798089808925439,-1.0849831339864544,0.6443160574272904,0.6485140774231359,1.4769072720355325e-05,1.0291548591112587e-05,7.044025096547557e-06,4.537443487606652e-06
293,-0.9506310615442265,6.721637211740017,3.004651389915125e-05,-7.672268273284243,-0.9506611080581256,0.6443570417663571,0.6485191557410208,1.211177362847593e-05,8.439045018349134e-06,5.7755396909442425e-06,3.7201555613819437e-06
294,-0.8157944787379956,6.730200117453933,2.4638141482569154e-05,-7.545994596191928,-0.8158191168794782,0.6443973515665504,0.6485235137491238,9.932598032946771e-06,6.920021178302704e-06,4.73547707713351e-06,3.0500451941861684e-06
295,-0.6805111938284304,6.738819181919098,2.0203275674646193e-05,-7.419330375747529,-0.680531397104105,0.6444369847416346,0.648527149066416,8.145508445522864e-06,5.6744166698763365e-06,3.8827103310268285e-06,2.5006402282201634e-06
296,-0.5448556571660843,6.747490679845214,1.6566686511509943e-05,-7.292346337011298,-0.5448722238525958,0.6444759395831784,0.6485300597086374,6.679935182773988e-06,4.653129082043961e-06,3.1834435532118732e-06,2.0501786934801203e-06
297,-0.4089023191015083,6.756209535524249,1.3584682712064478e-05,-7.165111854625757,-0.4089159037842204,0.644514214753342,0.6485322440884653,5.47805356632125e-06,3.8156635184805054e-06,2.6101067973627323e-06,1.6808588298999894e-06
298,-0.2727256299852666,6.764970347285271,1.1139439681784324e-05,-7.037695977270538,-0.2727367694249484,0.6445518092831352,0.6485337010156524,4.492419591883845e-06,3.1289236090970007e-06,2.1400287764095083e-06,1.3780677043939704e-06
299,-0.13640004016791207,6.773769855499268,9.134340839267452e-06,-6.910169895667179,-0.13640917450875134,0.6445887225838599,0.6485344296971401,3.6841250050656527e-06,2.5657826085989655e-06,1.7546112118793644e-06,1.1298220137234694e-06
300,0.0,6.782596930861473,7.490159426026821e-06,-6.782596930861473,-7.490159426026821e-06,0.6446249544050717,0.6485344297371517,3.0212614632318946e-06,2.1039948450152224e-06,1.4386074553840444e-06,9.262956623956597e-07
301,1.4204821974263762,6.848304718732834,6.141930608549728e-06,-5.4278225213064575,1.4204760554957676,0.6446539491834975,0.6485268417240347,2.4798309183893252e-06,1.7258937390352003e-06,1.178610276042491e-06,7.575956750827118e-07
302,2.8415520238554532,6.943243835121393,5.036383043943715e-06,-4.10169181126594,2.8415469874724093,0.6446758599303526,0.6485116625200419,2.03547738664156e-06,1.4155996375109225e-06,9.65663549123974e-07,6.196424706672587e-07
303,4.263797108289931,7.054362678900361,4.129834163535406e-06,-2.79056557061043,4.2637929784557675,0.644690766797717,0.6484888858481485,1.670733418279724e-06,1.1610905126246962e-06,7.911948429750737e-07,5.068153896559124e-07
304,5.68780507973251,7.175546977669001,3.3864640425207426e-06,-1.4877418979364903,5.687801693268468,0.6446987141369154,0.6484585022920947,1.3713377988722186e-06,9.523453137205706e-07,6.482419934172867e-07,4.1453893651066664e-07
305,7.114163567185894,7.3040008544921875,2.776900487333478e-06,-0.18983728730629323,7.114160790285407,0.6446997282249886,0.6484204992964201,1.1255656851005824e-06,7.81108866476643e-07,5.311546313890858e-07,3.390713043671667e-07
306,8.543460199652783,7.438537105917931,0.14331439015222713,1.1049230937348522,8.400145809500556,0.6446938258580348,0.6483756267226514,0.058152241399511695,0.040315717342309654,0.027394568314775825,0.01745186309562996
307,9.976282606135866,7.578745298087597,0.5200305895414203,2.3975373080482694,9.456252016594446,0.64468101850062,0.6483251125558961,0.21134403068572283,0.14628629432991147,0.09936984861269593,0.06303041591309011
308,11.413218415637862,7.7246337197721004,1.0890419245697558,3.688584695865762,10.324176491068107,0.6446613145225438,0.6482699620404524,0.44398484751582146,0.30645469669252634,0.2076735720038414,0.1309288083575666
309,12.854855257161455,7.8764257952570915,1.816713740117848,4.978429461904364,11.038141517043607,0.6446347203480678,0.6482109976092716,0.7440279237926006,0.5115549545735121,0.345194130204618,0.21593673154711723
310,14.301780759709356,8.034494146704674,2.6755489874631166,6.267286613004682,11.62623177224624,0.6446012412529128,0.6481488916703173,1.1013692244887352,0.7539884187281132,0.5065447650849819,0.31364657916128635
311,15.754582552284285,8.199310582131147,3.643086925148964,7.555271970153138,12.111495627135321,0.6445608818940979,0.648084193509916,1.508151926100254,1.0273588821291924,0.687067024409771,0.42050909250974655
312,17.21384826388888,8.371432684361935,4.700998542830348,8.842415579526946,12.512849721058533,0.6445136467681388,0.6480173513639701,1.9577406346797943,1.3265746645629406,0.8830409497022629,0.5336422938853502
313,18.68016552352591,8.551511261612177,5.834348779171705,10.128654261913734,12.845816744354206,0.6444595407090474,0.647948730548028,2.4446075782179832,1.647491566836834,1.0914081707596779,0.6508414633572102
314,20.154121960198054,8.74029491096735,7.030984526500106,11.413827049230704,13.123137433697948,0.6443985694107075,0.6478786283181471,2.963918261229992,1.9886476919054985,1.308669801801443,0.7697487715631723
315,21.63630520290798,8.939816057682037,8.281037025153637,12.696489145225943,13.355268177754343,0.6443307462849317,0.6478072860736078,3.503929078578949,2.346694841980934,1.5380620956420898,0.892351008951664
316,23.12730288065845,9.150643181055784,9.57651473581791,13.976659699602667,13.550788144840542,0.6442560846412373,0.6477348993847999,4.063400998711586,2.718733437359333,1.7764914780855179,1.0178888216614723
317,24.627702622452116,9.373753052204847,10.910964291542768,15.253949570247268,13.716738330909347,0.6441745998678919,0.6476616262099553,4.644052684307098,3.1027648597955704,2.0200377330183983,1.1441090144217014
318,26.138092057291626,9.610396903008223,12.279191799461842,16.527695154283403,13.858900257829784,0.6440863108980507,0.6475875936231079,5.244211107492447,3.497511148452759,2.2674616426229477,1.2700079008936882
319,27.659058814179797,9.862121473997831,13.677044957876205,17.796937340181966,13.982013856303592,0.6439912417883275,0.647512903378149,5.860340595245361,3.9011191576719284,2.519235573709011,1.3963496312499046
320,29.191190522119363,10.130817629396915,15.101219713687897,19.060372892722448,14.089970808431467,0.6438894235570629,0.6474376364400698,6.491304934024811,4.312875494360924,2.7745982632040977,1.5224410220980644
321,30.73507481011287,10.418756026774645,16.549110040068626,20.316318783338225,14.185964770044244,0.6437808962131348,0.6473618567137341,7.1396201848983765,4.73194532096386,3.0318617820739746,1.6456827521324158
322,32.291299307163094,10.7287073507905,18.01868248730898,21.562591956372593,14.272616819854115,0.6436657114270431,0.647285614102517,7.802961766719818,5.158606916666031,3.290855512022972,1.766258291900158
323,33.86045164227273,11.051536910235882,19.508374482393265,22.808914732036847,14.352077159879464,0.6435438689338164,0.6472089470236715,8.477886021137238,5.590200051665306,3.5535741597414017,1.8867142498493195
324,35.44311944444439,11.384447198361158,21.017011255025864,24.058672246083233,14.426108189418528,0.6434153503854934,0.6471318844799246,9.152527153491974,6.01956807076931,3.8289792835712433,2.0159367471933365
325,37.039890342680934,11.737923882901669,22.543731704354286,25.301966459779266,14.496158638326648,0.6432801903082509,0.6470544477350618,9.837917983531952,6.4531393349170685,4.10555973649025,2.147114649415016
326,38.65135196598511,12.123946752399206,24.087935499846935,26.5274052135859,14.563416466138172,0.6431384840838194,0.6469766517069307,10.521668195724487,6.897031515836716,4.384088143706322,2.2851476445794106
327,40.27809194335945,12.548134196549654,25.649236142635345,27.729957746809795,14.628855800724104,0.6429903539676505,0.6468985061097047,11.202242225408554,7.337573170661926,4.67507392168045,2.4343468248844147
328,41.92069790380663,13.017739728093147,27.227422036230564,28.90295817571348,14.693275867576062,0.6428359578235494,0.6468200163881899,11.882032454013824,7.783912122249603,4.972779750823975,2.5886977091431618
329,43.57975747632935,13.542403280735016,28.82242724299431,30.037354195594332,14.75733023333504,0.6426755018716499,0.6467411844959178,12.573321163654327,8.234582096338272,5.270488187670708,2.7440357953310013
330,45.255858289930586,14.135139808058739,30.434297770261765,31.120718481871847,14.821560519668822,0.6425092587173664,0.6466620094931418,13.271677494049072,8.683106303215027,5.577443167567253,2.9020708054304123
331,46.949587973612765,14.813933428376913,32.06318486481905,32.13565454523585,14.886403108793715,0.6423375938960778,0.6465824881090136,13.963033258914948,9.153130650520325,5.886769667267799,3.0602512881159782
332,48.66153415637853,15.604368317872286,33.7093111127615,33.05716583850624,14.952223043617032,0.6421610064717268,0.6465026151226695,14.664581418037415,9.627120941877365,6.199447810649872,3.218160942196846
333,50.392284467230944,16.516747325658798,35.37297025322914,33.875537141572146,15.019314214001803,0.6419800474057996,0.6464223837433212,15.383873879909515,10.103383660316467,6.513488292694092,3.3722244203090668
334,52.14242653517236,17.515725828707218,37.05450780689716,34.626700706465144,15.087918728275199,0.6417950757139915,0.6463417858868667,16.11786186695099,10.577835142612457,6.828862428665161,3.529948368668556
335,53.91254798920562,18.647943064570427,38.754311576485634,35.264604924635194,15.158236412719987,0.6416066964141804,0.646260812401756,16.871191561222076,11.0584057867527,7.135210186243057,3.6895040422677994
336,55.70323645833325,19.905937649309635,40.47280736267567,35.797298809023616,15.230429095657584,0.6414154715273801,0.6461794532719716,17.634205520153046,11.547830700874329,7.441389560699463,3.8493815809488297
337,57.515079571558104,21.29936758428812,42.210448533296585,36.215711987269984,15.304631038261519,0.6412220115274481,0.6460976977642886,18.402960896492004,12.043238431215286,7.751971483230591,4.012277722358704
338,59.34866495788327,22.88487385958433,43.96771267056465,36.46379109829894,15.380952287318621,0.6410272263185897,0.6460155345576256,19.177161157131195,12.544839084148407,8.067264407873154,4.178448021411896
339,61.20458024631081,24.60430208593607,45.7451019436121,36.60027816037474,15.459478302698713,0.6408317120121774,0.6459329518743847,19.95662748813629,13.0528062582016,8.387541025876999,4.348127171397209
340,22.25007973251017,23.72008990496397,40.1931282132864,-1.4700101724538008,-17.94304848077623,0.64083956463062,0.6460288014923375,17.631344497203827,11.527793109416962,7.280486822128296,3.7535037845373154
341,-9.1351451712176,20.809918642044067,32.958366349339485,-29.94506381326167,-42.09351152055709,0.6409995275783403,0.6462536599940499,14.4828200340271,9.460827708244324,5.947881191968918,3.066837415099144
342,-9.064282304000004,17.355259135365486,27.025859989225864,-26.41954143936549,-36.09014229322587,0.6411406576073968,0.6464464492157018,11.866044253110886,7.748603075742722,4.885565489530563,2.525647170841694
343,-8.98627085944908,13.663266878575087,22.161204926669598,-22.649537738024165,-31.147475786118676,0.6412616487277922,0.6466128353043029,9.788257628679276,6.318802386522293,3.991488739848137,2.062656171619892
344,-8.901259766259264,10.494804102927446,18.172188475728035,-19.39606386918671,-27.0734482419873,0.6413652601800849,0.6467574584252537,8.00202265381813,5.190720036625862,3.2588325440883636,1.7206132411956787
345,-8.809397953124941,8.333929441869259,14.901194535195827,-17.143327394994202,-23.71059248832077,0.6414568377836907,0.6468841175731613,6.505325436592102,4.237143322825432,2.6931792497634888,1.4655465260148048
346,-8.710834348740685,7.115403190255165,12.218979187309742,-15.82623753899585,-20.929813536050425,0.6415413796508862,0.6469959221326488,5.278120934963226,3.4615881741046906,2.2309685125947,1.2483015656471252
347,-8.605717881800931,6.511046038940549,10.019562859088182,-15.11676392074148,-18.625280740889114,0.6416221315949072,0.6470954161537006,4.292060807347298,2.830173447728157,1.84253491461277,1.0547936893999577
348,-8.494197481000006,6.233016261830926,8.216041699051857,-14.727213742830932,-16.710239180051865,0.6417008026084907,0.6471846802518846,3.4970570355653763,2.314506657421589,1.5177206136286259,0.886757392436266
349,-8.376422075032412,6.111499294638634,6.737154256552458,-14.487921369671046,-15.11357633158487,0.6417781953508501,0.6472654151681858,2.846390940248966,1.8937528133392334,1.2517989613115788,0.7452115416526794
350,-8.252540592592599,6.061525084078312,5.5244664195925,-14.31406567667091,-13.777007012185098,0.6418546593769007,0.6473390102911142,2.31673214584589,1.5502408146858215,1.032756082713604,0.6247373763471842
351,-8.122701962375006,6.043596751987934,4.530062386766076,-14.16629871436294,-12.652764349141082,0.6419303340495202,0.6474065998442613,1.887427270412445,1.26987025141716,0.8510790765285492,0.5216857884079218
352,-7.98705511307408,6.04000142775476,3.7146512418985367,-14.02705654082884,-11.701706354972616,0.6420052649071101,0.6474691089594053,1.53932711109519,1.0406775400042534,0.7006518542766571,0.43399473652243614
353,-7.845748973384264,6.042904872447252,3.0460139736533165,-13.888653845831517,-10.89176294703758,0.6420794564340643,0.6475272914537805,1.2564471922814846,0.852940883487463,0.5764399655163288,0.3601859323680401
354,-7.698932472000005,6.0488678980618715,2.497731475159526,-13.747800370061878,-10.196663947159532,0.6421528955386052,0.6475817608124727,1.0262852534651756,0.699126347899437,0.4740038886666298,0.2983159851282835
355,-7.546754537615744,6.056375615298748,2.04813985619694,-13.603130152914492,-9.594894393812684,0.6422255618321571,0.6476330155902174,0.8385997265577316,0.5731344688683748,0.3898032708093524,0.2466023899614811
356,-7.389364098925929,6.065020430833101,1.6794746043160558,-13.45438452975903,-9.068838703241985,0.6422974335443887,0.6476814602414099,0.6854831706732512,0.47005079686641693,0.32027100678533316,0.20366962999105453
357,-7.226910084625003,6.07443256303668,1.3771692058071494,-13.301342647661684,-8.604079290432153,0.6423684877251988,0.6477274222034315,0.5603880621492863,0.38561313413083553,0.2631057519465685,0.16806225758045912
358,-7.0595414234074125,6.084378529340029,1.129278726875782,-13.143919952747442,-8.188820150283195,0.6424387009728096,0.6477711659008155,0.4584445618093014,0.31625847332179546,0.21604166831821203,0.13853402342647314
359,-6.887407043967597,6.0947418212890625,0.9260085760615766,-12.98214886525666,-7.813415620029174,0.6425080500586283,0.6478129042321191,0.3752525895833969,0.2593525219708681,0.17736084992066026,0.11404261458665133
360,-6.710655874999982,6.105474568903446,0.7593270158395171,-12.816130443903429,-7.469982890839499,0.6425765122939056,0.6478528079868778,0.30727325938642025,0.21267833653837442,0.14557860558852553,0.09379681432619691
361,-6.529436845199077,6.116576818749309,0.6226481636986136,-12.646013663948386,-7.152085008897691,0.6426440657857001,0.6478910135691903,0.25163721293210983,0.17441537929698825,0.11947938473895192,0.07711618673056364
362,-6.343898883259263,6.1279884073883295,0.5105714895762503,-12.471887290647594,-6.854470372835514,0.6427106891152442,0.647927629329729,0.20610226783901453,0.14303887728601694,0.09804567089304328,0.06338467355817556
363,-6.1541909178750025,6.139621883630753,0.4186686303000897,-12.293812801505755,-6.572859548175092,0.6427763611921753,0.6479627407589393,0.16884751385077834,0.11729657417163253,0.08044557180255651,0.05207897047512233
364,-5.9604618777407445,6.151519017294049,0.34330828057136387,-12.111980895034794,-6.303770158312108,0.6428410619448197,0.6479964147448277,0.13836011057719588,0.09616647730581462,0.0660061719827354,0.042775520705617964
365,-5.762860691550928,6.1637005768716335,0.28151278966106474,-11.926561268422562,-6.044373481211993,0.6429047722080057,0.648028703064706,0.1133935758844018,0.07884632213972509,0.05415239720605314,0.03512049443088472
366,-5.561536288000003,6.176166515797377,0.23084048589225858,-11.73770280379738,-5.792376773892261,0.6429674736118721,0.6480596452483272,0.09294205228798091,0.06464978214353323,0.044423085637390614,0.028825565823353827
367,-5.356637595782394,6.18891310878098,0.1892891974421218,-11.545550704563375,-5.545926793224516,0.643029148562217,0.6480892709256414,0.07618910167366266,0.05301037454046309,0.03643605741672218,0.023653663811273873
368,-5.148313543592581,6.201937887817621,0.15521714522037655,-11.350251431410202,-5.303530688812957,0.6430897802472139,0.6481176017519705,0.06246183183975518,0.04346729547251016,0.029882040689699352,0.019405977218411863
369,-4.936713060125003,6.215231819078326,0.12727805587928742,-11.151944879203329,-5.06399111600429,0.6431493526023379,0.6481446529865645,0.05121097783558071,0.03564294311217964,0.024505684268660843,0.015918450662866235
370,-4.721985074074077,6.228787545114756,0.10436800512252375,-10.950772619188832,-4.8263530791966005,0.6432078503193207,0.6481704347872013,0.04198838723823428,0.029228380299173295,0.020095068612135947,0.013056168972980231
371,-4.504278514134262,6.242596916854382,0.08558176486985758,-10.746875430988643,-4.589860279004119,0.6432652588419221,0.6481949532715977,0.03442831803113222,0.023968293680809438,0.016478027100674808,0.010707126057241112
372,-4.283742309000003,6.256655976176262,0.07017704629106447,-10.540398285176265,-4.353919355291067,0.6433215643883172,0.6482182113878119,0.028230561292730272,0.019654876086860895,0.013511822908185422,0.008779786003287882
373,-4.060525387365743,6.270953267812729,0.057545179151929915,-10.331478655178472,-4.118070566517673,0.6433767539110479,0.6482402096280176,0.02314924931852147,0.016117779887281358,0.011079332034569234,0.007198817911557853
374,-3.8347766779259227,6.2854846473783255,0.047187046584440395,-10.120261325304249,-3.881963724510363,0.6434308151360763,0.6482609466137255,0.018983038899023086,0.013217279047239572,0.009084591147257015,0.0059021374909207225
375,-3.606645109374997,6.300238240510225,0.03869337888318114,-9.906883349885222,-3.645338488258178,0.6434837365214923,0.6482804195757353,0.015566972433589399,0.010838777234312147,0.007448872202076018,0.004838757013203576
376,-3.37627961040741,6.315205059945583,0.03172856959281489,-9.691484670352994,-3.408008180000225,0.6435355072729365,0.6482986247476371,0.01276586262974888,0.008888322190614417,0.00610759889241308,0.003966785880038515
377,-3.1438291097175948,6.330379471182823,0.026017427444458008,-9.474208580900418,-3.169846537162053,0.6435861173615097,0.6483155576885408,0.010468938125995919,0.007288868800969794,0.00500778915011324,0.0032518313673790544
378,-2.909442535999997,6.345755606889725,0.02133429061359493,-9.255198142889721,-2.930776826613592,0.6436355575225294,0.6483312135476573,0.008585400064475834,0.005977251930744387,0.004105986954527907,0.002665651663846802
379,-2.67326881794908,6.3613219652324915,0.01749411767377751,-9.03459078318157,-2.6907629356228573,0.643683819225431,0.6483455872812878,0.007040811033220962,0.0049016656703315675,0.0033665590308373794,0.002185081939387601
380,-2.4354568842592603,6.377070490270853,0.014345177260111086,-8.812527374530113,-2.4498020615193714,0.6437308946921754,0.6483586738307617,0.005774157398263924,0.0040196329791797325,0.0027602740374277346,0.0017911128452396952
381,-2.196155663625002,6.393007654696703,0.011763045131374383,-8.589163318321706,-2.2079187087563765,0.6437767769748587,0.6483704682683085,0.00473540676466655,0.0032963223929982632,0.0022631649699178524,0.0014681510037917178
382,-1.9555140847407397,6.409449549391866,0.00964569708230556,-8.364963634132605,-1.9651597818230453,0.6438214616096564,0.6483809659167157,0.003883547833538614,0.0027031695935875177,0.0018555736460257322,0.0012034060091536958
383,-1.7136810763009263,6.426210701465607,0.00790947142377263,-8.139891777766532,-1.7215905477246989,0.643864943937529,0.6483901624474193,0.0031849442166276276,0.0022167538190842606,0.0015213839105854277,0.0009863894774753135
384,-1.4708055669999993,6.44319923594594,0.006485766607511323,-7.914004802945939,-1.4772913336075106,0.6439072196042114,0.6483980539609535,0.002612021125969477,0.0018178665413870476,0.0012473781680455431,0.0008085007721092552
385,-1.227036485532408,6.460364675149322,0.005318328703651787,-7.68740116068173,-1.2323548142360599,0.6439482847813518,0.6484046370529098,0.0021421648852992803,0.0014907562217558734,0.0010227196071355138,0.0006626879894611193
386,-0.982522760592592,6.47768690250814,0.0043610294596874155,-7.4602096631007315,-0.9868837900522794,0.6439881363286974,0.6484099088680276,0.0017568310795468278,0.001222507853526622,0.000838521373225376,0.0005431691533885896
387,-0.7374133208750009,6.495419004932046,0.0035760441733145854,-7.232832325807047,-0.7409893650483155,0.6440267732535148,0.6484138671445503,0.0014408137758437078,0.0010025286428572144,0.0006874978225823725,0.0004452039320312906
388,-0.4918570950740738,6.513681821525097,0.002932356255769264,-7.00553891659917,-0.4947894513298431,0.6440641960041377,0.6484165102505938,0.0011816437108791433,0.0008221332791435998,0.0005636733476421796,0.00036490591810434125
389,-0.24600301188426021,6.532255467027426,0.0024045320742516196,-6.778258478911686,-0.24840754395851183,0.6441004046498584,0.6484178372139696,0.000969093252933817,0.0006741980996594066,0.0004621508651325712,0.00029908985652582487
390,0.0,6.551027810201049,0.001971716324078443,-6.551027810201049,-0.001971716324078443,0.6441353994565369,0.6484178477466422,0.0007947763151605614,0.0005528826477529947,0.00037891327338002156,0.0002451440877848654
391,2.3199948824565775,6.65689860470593,0.0016168073670996819,-4.336903722249352,2.318378075089478,0.6441585666772753,0.6484054632483779,0.0006527498499053763,0.0004537730092124548,0.0003101783704551053,0.00020010613752674544
392,4.641309368294597,6.807519355788827,0.0013257820910439477,-2.1662099874942298,4.639983586203553,0.6441701383118239,0.6483806770112721,0.0005363195214158623,0.0003722759629454231,0.00025392737370566465,0.00016325923297699774
393,6.965263060895502,6.98402002453804,0.0010871412996493746,-0.018756963642537983,6.964175919595853,0.6441702385092792,0.6483434752168298,0.000440651865574182,0.0003054075932595879,0.00020788356778211892,0.00013319827303348575
394,9.293175563640736,7.178264390677214,0.28137011104263365,2.114911172963522,9.011805452598102,0.6441589409068595,0.6482953352304377,0.11420955415815115,0.07908137631602585,0.0537531275767833,0.03432605299167335
395,11.62636647991174,7.387043163180351,0.9325636434368789,4.239323316731388,10.69380283647486,0.6441362949489711,0.6482382102152856,0.37977853789925575,0.262164487503469,0.17785675590857863,0.11276386212557554
396,13.966155413089956,7.610264327377081,1.889350451529026,6.355891085712875,12.07680496156093,0.6441023425393252,0.6481736973682687,0.7740543223917484,0.5315140821039677,0.3584861056879163,0.22529594134539366
397,16.313861966556825,7.856905460357666,3.098360332660377,8.456956506199159,13.215501633896448,0.6440571664896126,0.6481031017398825,1.2782243080437183,0.8725137449800968,0.5850021727383137,0.3626201068982482
398,18.670805743693794,8.126374892890453,4.516030754894018,10.54443085080334,14.154774988799776,0.6440008394017345,0.6480274886256261,1.8779786303639412,1.2731199152767658,0.8478164672851562,0.5171157419681549
399,21.038306347882305,8.418294228613377,6.106848968192935,12.620012119268928,14.93145737968937,0.6439334248070803,0.6479477265669739,2.560550905764103,1.7252743244171143,1.1389954015612602,0.6820283364504576
400,23.41768338250379,8.73405011370778,7.84190446138382,14.683633268796008,15.57577892111997,0.6438549865951743,0.6478645226197457,3.3073827624320984,2.221553586423397,1.4577382244169712,0.8552298881113529
401,25.81025645093971,9.076232183724642,9.697709698230028,16.73402426721507,16.112546752709683,0.6437655954399006,0.6477784513229897,4.107503965497017,2.7538172900676727,1.7998525872826576,1.036535855382681
402,28.217345156571515,9.448532946407795,11.655224580317736,18.76881221016372,16.56212057625378,0.6436653346909147,0.6476899784566635,4.961038380861282,3.3163323998451233,2.1566323935985565,1.2212214060127735
403,30.64026910278061,9.855814278125763,13.699060585349798,20.784454824654848,16.941208517430812,0.6435543066202701,0.6475994805479166,5.863416939973831,3.905664011836052,2.523970790207386,1.406008843332529
404,33.08034789294846,10.304410755634308,15.816827677190304,22.775937137314152,17.263520215758156,0.6434326402894084,0.6475072608886444,6.810792535543442,4.519078880548477,2.8988929465413094,1.5880633145570755
405,35.53890113045647,10.802586656063795,17.998591996729374,24.736314474392678,17.5403091337271,0.6433005018573871,0.6474135626560924,7.799673080444336,5.154752731323242,3.2792020589113235,1.7649641260504723
406,38.017248418686144,11.36132450774312,20.236440561711788,26.655923910943024,17.780807856974356,0.6431581091014525,0.6473185797081384,8.81362333893776,5.79899363219738,3.675125539302826,1.9486980512738228
407,40.516709361018954,11.995520256459713,22.52411339432001,28.52118910455924,17.992595966698943,0.6430057523220478,0.6472224654134445,9.837280213832855,6.456049531698227,4.084525257349014,2.1462583914399147
408,43.03860356083625,12.725965678691864,24.856714345514774,30.312637882144386,18.181889215321476,0.6428438258376347,0.6471253399368669,10.86413487792015,7.1199871599674225,4.512769728899002,2.359822578728199
409,45.58425062151946,13.5826475918293,27.230460941791534,32.00160302969016,18.353789679727925,0.6426728771035017,0.6470272961885778,11.885292828083038,7.787945121526718,4.963947832584381,2.593275159597397
410,48.154970146450154,14.61056126281619,29.642485454678535,33.54440888363396,18.51248469177162,0.6424936868851062,0.6469284047105235,12.931406497955322,8.451022952795029,5.428395047783852,2.831660956144333
411,50.75208173900963,15.855089761316776,32.0906737819314,34.896991977692856,18.661407957078232,0.6423072713296698,0.6468287177022057,13.976958394050598,9.145989269018173,5.896151065826416,3.071575053036213
412,53.37690500257938,17.291930317878723,34.57352966070175,36.084974684700654,18.803375341877626,0.6421145097127644,0.646728272321106,15.036697685718536,9.859854727983475,6.367574632167816,3.3094026148319244
413,56.03075954054102,18.933411687612534,37.090057134628296,37.097347852928486,18.940702405912724,0.6419163401195329,0.6466270933552625,16.129444539546967,10.576871782541275,6.83819055557251,3.5455502569675446
414,58.714964956275736,20.719155110418797,39.639681205153465,37.99580984585694,19.07528375112227,0.6417133710498435,0.6465251954719765,17.26018786430359,11.298881471157074,7.296156883239746,3.7844549864530563
415,61.43084085316509,22.745742835104465,42.22216233611107,38.68509801806062,19.208678517054018,0.6415067198852171,0.6464225850098128,18.403874337673187,12.034454941749573,7.757461816072464,4.026371240615845
416,64.17970683459049,24.881327897310257,44.837550818920135,39.29837893728023,19.342156015670355,0.6412967926473043,0.6463192615268231,19.555343687534332,12.78068721294403,8.227138966321945,4.274380952119827
417,66.9628825039334,26.967691257596016,47.486115619540215,39.995191246337384,19.476766884393186,0.6410831431214158,0.64621521896868,20.71339637041092,13.5377898812294,8.705829083919525,4.52910028398037
418,69.78168746457526,29.067981615662575,50.168320909142494,40.71370584891268,19.613366555432762,0.6408656553764964,0.6461104467114394,21.87931090593338,14.302890002727509,9.195753931999207,4.790366068482399
419,72.63744131989752,31.185675412416458,52.88478024303913,41.45176590748106,19.752661076858388,0.6406442250030591,0.6460049303595331,23.058412969112396,15.067751705646515,9.70197543501854,5.056640133261681
420,75.53146367328145,33.24052393436432,55.636242777109146,42.29093973891713,19.895220896172304,0.6404183118634281,0.6458986524701305,24.249404668807983,15.846547484397888,10.214173793792725,5.32611683011055
421,78.46507412810881,35.21538898348808,58.42355042695999,43.24968514462073,20.04152370114882,0.6401872772205616,0.64579159304865,25.44744610786438,16.63767695426941,10.736110806465149,5.6023165583610535
422,81.43959228776103,37.12744489312172,61.24764084815979,44.31214739463931,20.19195143960124,0.6399505670314877,0.6456837300601905,26.650968194007874,17.439177632331848,11.270655691623688,5.886839330196381
423,84.45633775561929,38.984183594584465,64.1095157712698,45.47215416103482,20.34682198434949,0.6397076602250719,0.6455750397718126,27.862748503684998,18.246757984161377,11.822135001420975,6.177874282002449
424,87.51663013506513,40.81786498427391,67.01023131608963,46.69876515079122,20.506398818975498,0.6394582010095228,0.6454654970430788,29.078704118728638,19.06391978263855,12.388087809085846,6.479519605636597
425,90.62178902948004,42.64982528984547,69.95090618729591,47.971963739634575,20.670882842184128,0.6392019405194607,0.6453550756603748,30.301690101623535,19.88331377506256,12.970617413520813,6.7952848970890045
426,93.7731340422454,44.495027139782906,72.93268218636513,49.2781069024625,20.840451855880275,0.6389387027689133,0.64524374846029,31.52957558631897,20.715157687664032,13.566730916500092,7.121217995882034
427,96.97198477674272,46.363143250346184,75.95673501491547,50.60884152639653,21.01524976182725,0.638668356393238,0.6451314875107076,32.76282548904419,21.559707820415497,14.176692068576813,7.457509636878967
428,100.21966083635323,48.25929217040539,79.02427464723587,51.96036866594784,21.195386189117357,0.6383907903213045,0.6450182642938854,34.001946449279785,22.417297959327698,14.800681173801422,7.804349064826965
429,103.51748182445871,50.187523290514946,82.1365237236023,53.32995853394377,21.380958100856418,0.6381059080641788,0.6449040497741159,35.2495014667511,23.290176689624786,15.436385571956635,8.160459995269775
430,53.818927838267946,49.44637417793274,75.74611976742744,4.372553660335207,-21.9271919291595,0.6380825504057368,0.6450211822096349,32.70237147808075,21.502116322517395,14.134486019611359,7.407145947217941
431,0.5116346429780161,45.833124592900276,62.11181730031967,-45.32148994992226,-61.600182657341655,0.638324652381965,0.6453502430144283,27.048563957214355,17.70807057619095,11.425475031137466,5.929707735776901
432,0.2590972222221414,42.2958143055439,50.931691750884056,-42.03671708332176,-50.67259452866192,0.6385492074945895,0.6456209299510131,22.38987535238266,14.548683166503906,9.232079982757568,4.761053249239922
433,0.013412617824469635,38.880058377981186,41.76398664712906,-38.866645760156715,-41.75057402930459,0.6387568284655305,0.6458439565216825,18.384937942028046,11.975804716348648,7.520410418510437,3.882833570241928
434,-0.1116138979981528,35.68766601383686,34.24646928906441,-35.799279911835015,-34.35808318706256,0.638948063935145,0.6460274932908441,15.0740846991539,9.820707142353058,6.168448552489281,3.1832288950681686
435,-0.22653771520539195,32.774572260677814,28.082104586064816,-33.0011099758832,-28.308642301270208,0.6391243519157854,0.6461787146706586,12.336316704750061,8.044709265232086,5.075663700699806,2.625414915382862
436,-0.3381636145404193,30.075863748788834,23.027325607836246,-30.414027363329254,-23.365489222376667,0.639286820010675,0.646303530318214,10.155792534351349,6.569185853004456,4.149601235985756,2.152745984494686
437,-0.44652300474487294,27.472042851150036,18.882407434284687,-27.918565855894908,-19.32893043902956,0.6394359576487941,0.6464067831517558,8.330508321523666,5.397726595401764,3.3877581357955933,1.7664143815636635
438,-0.5516472945602232,24.96642041951418,15.483574010431767,-25.5180677140744,-16.03522130499199,0.6395722721130788,0.6464924413852227,6.795434653759003,4.41635474562645,2.782454900443554,1.4893297106027603
439,-0.6535678927281159,22.55469113588333,12.696530483663082,-23.208259028611447,-13.350098376391198,0.639696247855753,0.6465637560133016,5.523516237735748,3.6093711853027344,2.299397252500057,1.2642458081245422
440,-0.7523162079903516,20.288687013089657,10.41115503758192,-21.041003221080008,-11.163471245572271,0.6398086463772331,0.6466233899408955,4.487729072570801,2.952011488378048,1.900624856352806,1.0707896202802658
441,-0.8479236490885784,17.52016469836235,8.537147380411625,-18.36808834745093,-9.385071029500203,0.6399067665072943,0.6466735238673351,3.649887442588806,2.415221929550171,1.5689590945839882,0.9030789136886597
442,-0.9404216247642685,14.469762053340673,7.000460755079985,-15.410183678104943,-7.940882379844253,0.6399890858645491,0.6467159431108171,2.967679873108864,1.9763784483075142,1.2961440719664097,0.760258361697197
443,-1.029841543759146,11.639935337007046,5.740377772599459,-12.669776880766191,-6.770219316358604,0.6400567662966045,0.6467521088122934,2.414884604513645,1.6177287325263023,1.069929450750351,0.6378349848091602
444,-1.116214814814773,9.466536529362202,4.707109834998846,-10.582751344176975,-5.823324649813619,0.6401132980879729,0.6467832163157646,1.9667962566018105,1.324535347521305,0.882412027567625,0.5333662033081055
445,-1.199572846672948,8.054681215435266,3.859830042347312,-9.254254062108215,-5.0594028890202605,0.6401627332058261,0.6468102430405991,1.6032742336392403,1.084736455231905,0.727146677672863,0.4446726758033037
446,-1.279947048075307,7.246859651058912,3.165060537867248,-8.52680669913422,-4.445007585942555,0.6402082823869112,0.646833987739242,1.3081659562885761,0.8886438794434071,0.5986420903354883,0.36960861179977655
447,-1.3573688277633442,6.821445422247052,2.595349634066224,-8.178814250010397,-3.9527184618295683,0.6402519726339732,0.6468551026882902,1.0682021267712116,0.7283855695277452,0.4923629108816385,0.3063990268856287
448,-1.4318695944786977,6.606628140434623,2.128186752088368,-8.03849773491332,-3.5600563465670656,0.6402949133270015,0.6468741200833039,0.8728254586458206,0.5970651283860207,0.4047564696520567,0.25353969540446997
449,-1.5034807569631579,6.499773496761918,1.7451131017878652,-8.003254253725077,-3.248593858751023,0.6403376657535705,0.6468914736829767,0.7135873194783926,0.4894466605037451,0.33260087948292494,0.20947824232280254
450,-1.5722337239583668,6.446324661374092,1.4309927471913397,-8.018558385332458,-3.0032264711497065,0.6403804999329794,0.6469075165594251,0.5835696589201689,0.40126615203917027,0.2733280649408698,0.17282887129113078
451,-1.6381599042058166,6.418865546584129,1.1734140920452774,-8.057025450789945,-2.811573996251094,0.640423539598849,0.6469225356512854,0.47736624255776405,0.3290819004178047,0.2244634786620736,0.14250247040763497
452,-1.7012907064472198,6.403998704627156,0.9621995384804904,-8.105289411074375,-2.6634902449277105,0.6404668370850193,0.6469367636974656,0.39064534939825535,0.26988591998815536,0.18427444156259298,0.11739382753148675
453,-1.761657539424152,6.395262666046619,0.7890036155004054,-8.156920205470772,-2.5506611549245575,0.6405104103767152,0.6469503890241478,0.3197866724804044,0.22132599260658026,0.15127366641536355,0.09661728399805725
454,-1.8192918118783918,6.389560550451279,0.6469829590059817,-8.20885236232967,-2.4662747708843735,0.6405542610837789,0.6469635635688641,0.2618821104988456,0.18142611952498555,0.12419943232089281,0.07947529666125774
455,-1.8742249325515776,6.3854096457362175,0.5305260478053242,-8.259634578287795,-2.404750980356902,0.6405983830633638,0.6469764094608532,0.2145078731700778,0.14868928119540215,0.10196480434387922,0.06536408909596503
456,-1.9264883101852153,6.382109178230166,0.435031350934878,-8.308597488415382,-2.3615196611200933,0.6406427665969557,0.6469890244163079,0.1757321530021727,0.12186517706140876,0.08369950228370726,0.053734518587589264
457,-1.9761133535209479,6.379324709996581,0.3567257052054629,-8.355438063517528,-2.3328390587264107,0.640687400347295,0.6470014861634165,0.14395711477845907,0.09990875842049718,0.06869961507618427,0.04416021693032235
458,-2.023131471300547,6.376890931278467,0.2925150765804574,-8.400022402579014,-2.315646547881004,0.6407322722618387,0.6470138560701894,0.11794785968959332,0.0819105887785554,0.05637934082187712,0.03627728729043156
459,-2.0675740722656553,6.374732917174697,0.23986236192286015,-8.442306989440352,-2.3074364341885154,0.6407773700555858,0.6470261821195172,0.09665238321758807,0.06715594790875912,0.04626298905350268,0.029791041743010283
460,-2.1094725651577804,6.372805032879114,0.19668714376166463,-8.482277598036895,-2.306159708919445,0.6408226813675411,0.6470385013487315,0.07921079522930086,0.0550603901501745,0.03795763768721372,0.024458320694975555
461,-2.1488583587185652,6.371094938367605,0.16128345596371219,-8.51995329708617,-2.3101418146822774,0.6408681939385725,0.6470508418498784,0.06492274696938694,0.04514420870691538,0.031140493229031563,0.02007600705837831
462,-2.18576286168978,6.369585543870926,0.1322524345596321,-8.555348405560705,-2.318015296249412,0.6409138955860382,0.6470632244102216,0.05321610369719565,0.037014493136666715,0.025545767857693136,0.016476069868076593
463,-2.2202174828130654,6.368276057764888,0.1084469971829094,-8.588493540577954,-2.328664479995975,0.6409597742908489,0.6470756638572301,0.043623161036521196,0.03034921537619084,0.020954906358383596,0.013519714411813766
464,-2.252253630829931,6.367159681394696,0.0889265356818214,-8.619413312224626,-2.3411801665117524,0.64100581816538,0.6470881701615384,0.03576137241907418,0.024884435697458684,0.017188183846883476,0.011092543718405068
465,-2.2819027144820883,6.3662278931587934,0.07291975780390203,-8.648130607640882,-2.3548224722859903,0.641052015444267,0.6471007493414117,0.029317729058675468,0.020403845701366663,0.014097952225711197,0.009100230818148702
466,-2.3091961425111136,6.365484185516834,0.05979420166113414,-8.674680328027948,-2.3689903441722477,0.6410983545485834,0.6471134042043614,0.02403597318334505,0.016730376228224486,0.011562759027583525,0.007465093221981078
467,-2.334165323658769,6.36492632329464,0.04903124499833211,-8.69909164695341,-2.3831965686571013,0.6411448240552445,0.6471261349552623,0.019706320017576218,0.013718529953621328,0.00948307933867909,0.006123315688455477
468,-2.3568416666666936,6.364547414705157,0.04020562118967064,-8.72138908137185,-2.3970472878563642,0.6411914126721322,0.6471389396950479,0.016156990022864193,0.011248902592342347,0.007777290738886222,0.005022437835577875
469,-2.3772565802764114,6.364342197775841,0.03296860959380865,-8.741598778052252,-2.41022518987022,0.6412381092468012,0.6471518148296092,0.01324722106801346,0.0092238602519501,0.006378233229042962,0.004119295044802129
470,-2.3954414732295652,6.364311603829265,0.027034260347136296,-8.75975307705883,-2.4224757335767015,0.6412849027995633,0.647164755405109,0.01086167903849855,0.007563376857433468,0.005230772512732074,0.003378431938472204
471,-2.41142775426791,6.364456377923489,0.02216809389210539,-8.775884132191399,-2.4335958481600155,0.6413317825224917,0.6471777553829303,0.00890585797606036,0.006201819633133709,0.004289692878955975,0.002770723403955344
472,-2.4252468321330842,6.364771164953709,0.01817783650039928,-8.790017997086792,-2.4434246686334835,0.6413787377468351,0.6471908078651346,0.007302307494683191,0.005085371958557516,0.003517888762871735,0.002272268284286838
473,-2.4369301155666188,6.365250097587705,0.01490582581027411,-8.802180213154323,-2.451835941376893,0.6414257579402814,0.6472039052793513,0.005987544864183292,0.0041699124267324805,0.002884925197577104,0.001863443321781233
474,-2.44650901331021,6.365898298099637,0.012222777149872854,-8.812407311409848,-2.458731790460083,0.6414728327656629,0.6472170395303688,0.004909547351417132,0.003419255153858103,0.002365831096540205,0.0015281435480574146
475,-2.4540149341054462,6.366707431152463,0.010022677361121168,-8.82072236525791,-2.4640376114665674,0.6415199520090671,0.6472302021244472,0.004025665475637652,0.0028037287847837433,0.0019401275494601578,0.0012531555512396153
476,-2.4594792866940725,6.367680663242936,0.008218595212383661,-8.827159949937009,-2.467697881906456,0.6415671056412783,0.6472433842712522,0.0033009338949341327,0.0022990090656094253,0.0015910156434983946,0.0010276366083417088
477,-2.462933479817732,6.36881054379046,0.006739248328813119,-8.831744023608191,-2.469672728146545,0.6416142837610626,0.6472565769674495,0.0027066900656791404,0.0018851498680305667,0.0013047171705693472,0.0008426912245340645
478,-2.4644089222179586,6.370092649012804,0.0055261836223508,-8.834501571230764,-2.4699351058403094,0.6416614766113362,0.6472697710652372,0.002219434463768266,0.0015457922927453183,0.0010699335689423606,0.0006910232968948549
479,-2.4639370226363972,6.371526326984167,0.0045314704038901255,-8.835463349620564,-2.4684684930402874,0.6417086745993149,0.6472829573285547,0.001819903263822198,0.001267524748982396,0.0008773958143137861,0.0005666465767717455
480,-3.2254380787036983,6.342681730166078,0.0037158057239139453,-9.568119808869776,-3.229153884427612,0.6417597863504306,0.6473002070822108,0.001491221792093711,0.001039195376506541,0.0007199369974841829,0.0004654515578295104
481,-3.9534212042824235,6.3010865822434425,0.003046960773644969,-10.254507786525867,-3.9564681650560685,0.6418145647039911,0.647321342061725,0.0012219403288327157,0.0008520013579982333,0.0005907196737098275,0.00038229941310419235
482,-3.9148559999999923,6.2839689664542675,0.002498507842574327,-10.19882496645426,-3.9173545078425667,0.6418690456065897,0.6473422681007626,0.0010020153240475338,0.0006986329481151188,0.0004844007435167441,0.0003134588268949301
483,-3.8736856290509185,6.2784428242594,0.002048776423180243,-10.152128453310318,-3.8757344054740988,0.6419232770620027,0.6473629718101935,0.0008216916285164189,0.000572871476833825,0.00039721289795124903,0.0002570004198787501
484,-3.8299643657407327,6.278427038341761,0.0016799966488179052,-10.108391404082493,-3.8316443623895506,0.6419772748793322,0.6473834399958901,0.0006738299362041289,0.00046974796532595064,0.00032571563224337297,0.00021070311504445272
485,-3.7837464843750155,6.281087594106793,0.0013775972320217988,-10.064834078481809,-3.7851240816070373,0.6420310400186403,0.6474036596758133,0.0005525776487047551,0.00038518810470122844,0.00026708685254561715,0.00017274462607019814
486,-3.7350862592592526,6.2850880436599255,0.001129629788465536,-10.020174302919179,-3.736215889047718,0.6420845665907713,0.6474236180940239,0.0004531453669187613,0.00031585020678903675,0.00021901080344832735,0.00014162341130941059
487,-3.6840379646990677,6.289813155308366,0.0009262963999390195,-9.973851120007433,-3.6849642610990068,0.6421378457100021,0.6474433027321709,0.0003716064156833454,0.00025899382762872847,0.00017958798252948327,0.00011610817409746232
488,-3.630655874999993,6.29497654736042,0.0007595630677315057,-9.925632422360414,-3.6314154380677244,0.6421908672507198,0.6474627013189127,0.00030474031973426463,0.0002123723788827192,0.00014726119843544438,9.51891706790775e-05
489,-3.5749942644676067,6.300437822937965,0.0006228417021247878,-9.875432087405573,-3.5756171061697315,0.6422436206272552,0.6474818018376423,0.00024990656584122917,0.00017414332660337095,0.00012075314543835702,7.80386642418307e-05
490,-3.517107407407441,6.306132627651095,0.0005107302001761127,-9.823240035058536,-3.517618137607617,0.642296095200092,0.6475005925328218,0.00020493985175562557,0.00014279601145972265,9.901663133859984e-05,6.397770562216465e-05
491,-3.4570495781249937,6.312025664374232,0.0004187987599379994,-9.769075242499227,-3.4574683768849317,0.6423482804310883,0.6475190619151769,0.00016806452549644746,0.00011709155387507053,8.119275207718601e-05,5.2449928489295417e-05
492,-3.3948750509259202,6.318099377676845,0.00034341498746925936,-9.712974428602765,-3.3952184659133895,0.6424001659782496,0.6475371987659564,0.0001378246452077292,9.601405963621801e-05,6.657724611613958e-05,4.2999036509172583e-05
493,-3.330638100115735,6.324343290179968,0.00028160028477941523,-9.654981390295703,-3.330919700400514,0.6424517417335396,0.6475549921404243,0.00011302602160867536,7.873080107856367e-05,5.459256158246717e-05,3.525090050970903e-05
494,-3.2643929999999943,6.33075749501586,0.00023091223226856528,-9.595150495015854,-3.264623912232263,0.6425029978793463,0.6475724313707247,9.268954386243422e-05,6.455868515331531e-05,4.476520132357109e-05,2.8898801929244655e-05
495,-3.196194024884271,6.3373330514878035,0.00018934803449610627,-9.533527076372074,-3.196383372918767,0.6425539248402243,0.6475895060682296,7.601236688969948e-05,5.293764502312115e-05,3.670681678613619e-05,2.369120579714945e-05
496,-3.1260954490740684,6.344068143516779,0.00015526538703625192,-9.470163592590847,-3.1262507144611047,0.642604513320954,0.647606206125465,6.233591420823359e-05,4.340852228779113e-05,3.00990166124393e-05,1.9421933927787904e-05
497,-3.054151546874979,6.350958673283458,0.0001273176152949418,-9.405110220158438,-3.054278864490274,0.6426547542943523,0.6476225217176899,5.112028134135471e-05,3.5594700875662966e-05,2.4680687715772365e-05,1.5921945362151746e-05
498,-2.9804165925925883,6.357997562736273,0.00010440044775350543,-9.338414155328861,-2.980520993040342,0.6427046389853529,0.6476384433041912,4.192267226699187e-05,2.918742723068135e-05,2.0237725095739734e-05,1.305262316009248e-05
499,-2.9049448605324173,6.365180481225252,8.560836874949018e-05,-9.27012534175767,-2.905030468901167,0.6427541588856828,0.6476539616293455,3.43799570146075e-05,2.3933526449582132e-05,1.6594543694736785e-05,1.0700341590563767e-05
500,-2.82779062500001,6.37250947766006,7.019886183456947e-05,-9.20030010266007,-2.827860823861845,0.6428033057879405,0.6476690677234901,2.8194372703183035e-05,1.9625345260010363e-05,1.3607196081011352e-05,8.77194779036472e-06
501,-2.7490081603009213,6.379980640485883,5.756306435955594e-05,-9.128988800786804,-2.749065723365281,0.6428520717537567,0.6476837529036362,2.312172284746339e-05,1.6092677412871126e-05,1.1157612078704915e-05,7.1910520205165085e-06
502,-2.6686517407407235,6.387586425989866,4.7201712405353646e-05,-9.05623816673059,-2.668698942453129,0.6429004490943909,0.6476980087740553,1.896175660931476e-05,1.3195912629271334e-05,9.148993740382139e-06,5.8950494263854125e-06
503,-2.586775640624996,6.395328976213932,3.870540545847234e-05,-8.982104616838928,-2.5868143460304545,0.6429484304224723,0.6477118272267585,1.5550256193819223e-05,1.0820583895565505e-05,7.50196349486032e-06,4.832601874227294e-06
504,-2.5034341342592685,6.403197627514601,3.173843161619061e-05,-8.90663176177387,-2.5034658726908847,0.6429960085835928,0.6477252004418904,1.275255101518269e-05,8.872826384731525e-06,6.1514313642874185e-06,3.961622851988977e-06
505,-2.4186814959490825,6.411196198314428,2.6025514188177112e-05,-8.82987769426351,-2.4187075214632707,0.6430431767336691,0.647738120888052,1.0458207100327854e-05,7.2756776603455364e-06,5.044019601996297e-06,3.247609825507425e-06
506,-2.332572000000002,6.419317377731204,2.1340921740886643e-05,-8.751889377731207,-2.332593340921743,0.6430899282794903,0.6477505813225655,8.576653698355585e-06,5.966024474446385e-06,4.135968367791065e-06,2.6622752002936068e-06
507,-2.245159920717595,6.427558604627848,1.7499556115296855e-05,-8.672718525345443,-2.2451774202737105,0.6431362569040915,0.6477625747916909,7.033622040353293e-06,4.892115512689088e-06,3.3913842401034344e-06,2.182434322151039e-06
508,-2.156499532407404,6.435913499444723,1.434963579072246e-05,-8.592413031852127,-2.156513882043195,0.6431821565463557,0.6477740946308044,5.7682033371975194e-06,4.011516452351316e-06,2.780842400795791e-06,1.789073600377833e-06
509,-2.0666451093750022,6.44438355229795,1.1766701568660665e-05,-8.511028661672952,-2.066656876076571,0.6432276214430527,0.6477851344645441,4.7304514083634785e-06,3.2894462265176116e-06,2.28020144987795e-06,1.4666024839016245e-06
510,-1.9756509259259276,6.452964572235942,9.648694998531937e-06,-8.42861549816187,-1.9756605746209261,0.6432726460984916,0.6477956882069299,3.879396359707243e-06,2.6973886235737154e-06,1.8696654890959508e-06,1.2022445261550274e-06
511,-1.883571256365738,6.4616510178893805,7.911929866821765e-06,-8.345222274255118,-1.883579168295605,0.6433172252773071,0.6478057500614613,3.1814579415367916e-06,2.2118943121540724e-06,1.5330417824088727e-06,9.855358307220285e-07
512,-1.7904603750000063,6.470438651740551,6.487782489017491e-06,-8.260899026740557,-1.7904668627824953,0.6433613540114242,0.6478153145211984,2.609086457994181e-06,1.8137829016495743e-06,1.2570259499966596e-06,8.078871793770759e-07
513,-1.6963725561342562,6.479327147826552,5.319981832840881e-06,-8.17569970396081,-1.696377876116089,0.643405027620954,0.6478243763688273,2.139691446245706e-06,1.4873273279647492e-06,1.0307036113488266e-06,6.62259447281599e-07
514,-1.601362074074072,6.488306121900678,4.362385119804912e-06,-8.089668195974749,-1.6013664364591917,0.6434482416604624,0.6478329306767143,1.7547453268207391e-06,1.2196296417243957e-06,8.451291222399959e-07,5.428810290197816e-07
515,-1.5054832031249976,6.497381441295147,3.5771557715946756e-06,-8.002864644420145,-1.5054867802807692,0.6434909920057852,0.6478409728069509,1.4390551861254153e-06,1.0001136807602506e-06,6.929660401056026e-07,4.4502086460340706e-07
516,-1.4087902175925906,6.506539741531014,2.9332676954041403e-06,-7.915329959123605,-1.408793150860286,0.6435332747512933,0.6478484984113893,1.1801637000985465e-06,8.201062939861004e-07,5.682009085461459e-07,3.6479679277334753e-07
517,-1.3113373917824134,6.515788100659847,2.4052794644902065e-06,-7.827125492442261,-1.3113397970618779,0.6435750863190948,0.6478555034316728,9.678489121256462e-07,6.724975687433243e-07,4.658992747152979e-07,2.9903370890593806e-07
518,-1.2131789999999996,6.525113666430116,1.972329166655129e-06,-7.738292666430115,-1.2131809723291662,0.6436164233525693,0.64786198409926,7.937305923633176e-07,5.514571022047221e-07,3.8201597440945534e-07,2.4512549767763403e-07
519,-1.1143693165509256,6.534515181556344,1.6173099526284318e-06,-7.64888449810727,-1.1143709338608783,0.643657282778307,0.6478679369354452,6.509370376051038e-07,4.5220209798912947e-07,3.132354819967986e-07,2.009353350373999e-07
520,-1.01496261574074,6.543992320075631,1.3261941655962062e-06,-7.558954935816371,-1.0149639419349057,0.6436976618110838,0.6478733587513743,5.338322672798768e-07,3.7081187009846417e-07,2.5683861704095534e-07,1.647114111769099e-07
521,-0.9150131718749989,6.553539400920272,1.0874791844805998e-06,-7.468552572795271,-0.9150142593541833,0.6437375579252547,0.6478782466480589,4.377950890699367e-07,3.040707019508204e-07,2.105956520281893e-07,1.3501774143165335e-07
522,-0.8145752592592622,6.563150510191917,8.917329541446861e-07,-7.37772576945118,-0.8145761509922164,0.6437769688535103,0.6478825980163869,3.590352015692133e-07,2.4934216913408136e-07,1.7267859364622495e-07,1.1067698979516649e-07
523,-0.7137031521990728,6.572821270674467,7.312210059673419e-07,-7.28652442287354,-0.7137038834200787,0.6438158925950855,0.6478864105371317,2.94444468806887e-07,2.0446393467210555e-07,1.4158834105160167e-07,9.072426143674761e-08
524,-0.6124511250000001,6.582547212019563,5.996012242270865e-07,-7.1949983370195625,-0.6124517246012243,0.6438543274152619,0.6478896821809597,2.4147372990057647e-07,1.6766333876816475e-07,1.1609564420922425e-07,7.436851134912104e-08
525,-0.5108734519675922,6.592331221327186,4.916729967607836e-07,-7.103204673294778,-0.5108739436405889,0.6438922718846706,0.6478924112084363,1.9803239048599153e-07,1.374862557135259e-07,9.51929646220151e-08,6.096138593925104e-08
526,-0.40902440740740714,6.602163193747401,4.03171873664121e-07,-7.011187601154808,-0.4090248105792808,0.6439297248098904,0.6478945961700313,1.624062551108807e-07,1.1274068345556998e-07,7.805367463475932e-08,4.9971260462911005e-08
527,-0.306958265625,6.6120396833866835,3.3060092996528567e-07,-6.9189979490116835,-0.30695859622592997,0.6439666852690198,0.6478962359061222,1.3318931513239818e-07,9.24489484965818e-08,6.400027174890965e-08,4.0962394587396034e-08
528,-0.2047293009259262,6.621956173330545,2.710927649030026e-07,-6.826685474256472,-0.2047295720186911,0.6440031526059549,0.6478973295469984,1.0922848181493805e-07,7.58094143016308e-08,5.2477178158483184e-08,3.3577690627950574e-08
529,-0.10239178761574141,6.631914619356394,2.2229606766455134e-07,-6.734306406972135,-0.10239200991180908,0.6440391264649664,0.6478978765128633,8.957822261734805e-08,6.216479553344811e-08,4.302878053863424e-08,2.7524268975120947e-08
530,0.0,6.641901424154639,1.8228277220977418e-07,-6.641901424154639,-1.8228277220977418e-07,0.6440746067076168,0.6478978765138371,7.346301900135188e-08,5.097602340242702e-08,3.528154712828524e-08,2.256218267771004e-08
531,1.9960016130494724,6.7326942924410105,1.4947187515490512e-07,-4.736692679391538,1.9960014635775973,0.6440999095531265,0.6478872141128564,6.035770772072624e-08,4.1829825714323476e-08,2.8877050750608646e-08,1.840729096924676e-08
532,3.9930348522695835,6.868494022637606,1.2256693437961985e-07,-2.875459170368022,3.993034729702649,0.6441152699119426,0.6478658837991293,4.9583970263000765e-08,3.431983586210663e-08,2.3639765145411218e-08,1.502336310910124e-08
533,5.992131343830971,7.030117092654109,1.0050488774560051e-07,-1.0379857488231377,5.992131243326083,0.6441208147076094,0.6478338745510347,4.0718492466673695e-08,2.8159205522904074e-08,1.9362028647051943e-08,1.2265161108970801e-08
534,7.9943227139042685,7.208948861807585,0.06136234223959036,0.7853738520966838,7.932960371664678,0.6441166193344678,0.6477914976259724,0.024896831018850207,0.017200275033246726,0.011807755072368309,0.00745748111512512
535,10.000640588660126,7.401356752961874,0.47403713688254356,2.5992838356982517,9.526603451777582,0.644102734271243,0.6477406076502685,0.1926760422065854,0.1329897320829332,0.09104052442125976,0.05733083817176521
536,12.012116594269173,7.606111094355583,1.1759621091187,4.40600549991359,10.836154485150473,0.6440791979170768,0.6476827222096427,0.47990502789616585,0.3301211865618825,0.22518832702189684,0.14074756763875484
537,14.02978235690203,7.823203410953283,2.1163871977478266,6.206578945948747,11.913395159154204,0.6440460431150151,0.647619082278237,0.8685950189828873,0.5944929085671902,0.40373438969254494,0.2495648805052042
538,16.054669502729354,8.05332288146019,3.2538488740101457,8.001346621269164,12.800820628719208,0.6440033008787904,0.6475507018261605,1.3445946387946606,0.9154337458312511,0.6173579953610897,0.37646249402314425
539,18.08780965792181,8.297610841691494,4.554501641541719,9.790198816230316,13.53330801638009,0.643951002808191,0.6474784085141072,1.8963942304253578,1.283618900924921,0.8587975054979324,0.5156910046935081
540,20.130234448649997,8.557595498859882,5.9907554648816586,11.572638949790115,14.139478983768338,0.6438891831556814,0.6474028771092794,2.5143129751086235,1.6915831714868546,1.1221337132155895,0.662725605070591
541,22.182975501084563,8.835169207304716,7.540151849389076,13.347806293779847,14.642823651695487,0.6438178807716335,0.6473246568974648,3.1859856098890305,2.1335359662771225,1.4049995690584183,0.815630704164505
542,24.24706444139612,9.132649656385183,9.184445347636938,15.114414785010936,15.062619093759182,0.6437371413764145,0.6472441941886306,3.895055502653122,2.6044778525829315,1.7084252089262009,0.9764867834746838
543,26.323532895755374,9.452874585986137,10.908847581595182,16.870658309769237,15.414685314160192,0.6436470203384349,0.6471618507841745,4.646259173750877,3.0994154512882233,2.023058198392391,1.1401147581636906
544,28.413412490332902,9.79930330067873,12.70140828564763,18.614109189654172,15.712004204685272,0.643547585994473,0.647077919137782,5.435958877205849,3.6153681576251984,2.345956861972809,1.3041243888437748
545,30.5177348512993,10.176276508718729,14.552503172308207,20.34145834258057,15.965231678991092,0.6434389243580276,0.6469926347805225,6.261178106069565,4.1501156985759735,2.674764022231102,1.4664453454315662
546,32.637531604825355,10.589220374822617,16.45442061126232,22.04831123000274,16.183110993563034,0.6433211449176964,0.6469061865380356,7.119393348693848,4.70210500061512,3.0076399445533752,1.6252823173999786
547,34.773834377081585,11.04511609300971,18.401016294956207,23.728718284071874,16.372818082125377,0.6431943889439568,0.6468187249029814,8.008070290088654,5.269916728138924,3.3437516540288925,1.7792776226997375
548,36.927674794238705,11.553078517317772,20.387436635792255,25.374596276920933,16.54023815844645,0.6430588408869219,0.6467303689299128,8.898990601301193,5.84133043885231,3.6988310515880585,1.9482845440506935
549,39.10008448246727,12.125305272638798,22.409878484904766,26.97477920982847,16.6902059975625,0.6429147448441344,0.6466412118465924,9.798311442136765,6.428248435258865,4.057503864169121,2.1258147433400154
550,41.2920950679379,12.778512481600046,24.465410970151424,28.513582586337854,16.826684097786476,0.6427624286978398,0.6465513257135914,10.690739005804062,6.997283548116684,4.452947527170181,2.3244408890604973
551,43.50473817682139,13.536378089338541,26.551811583340168,29.96836008748285,16.952926593481223,0.6426023413042101,0.6464607652082843,11.589282006025314,7.573006302118301,4.860590770840645,2.5289325043559074
552,45.73904543528818,14.43360736593604,28.667443059384823,31.305438069352142,17.07160237590336,0.6424351113999935,0.6463695707511481,12.515944242477417,8.152924478054047,5.264212191104889,2.7343621477484703
553,47.9960484695091,15.523347444832325,30.811147950589657,32.47270102467677,17.18490051891944,0.6422616461167421,0.646277771068889,13.439998030662537,8.763746917247772,5.667472258210182,2.939930744469166
554,50.27677890565465,16.768653504550457,32.98216052353382,33.508125401104195,17.29461838212083,0.6420826497203687,0.6461853852869331,14.375646412372589,9.387537837028503,6.07241652905941,3.1465597450733185
555,52.582268369895395,18.19790694862604,35.18004082143307,34.384361421269354,17.402227548462328,0.6418989725760242,0.6460924246696871,15.342020988464355,10.013970732688904,6.474621593952179,3.349427506327629
556,54.91354848840219,19.770174473524094,37.404610216617584,35.1433740148781,17.508938271784608,0.6417112408772269,0.6459988940165259,16.323670744895935,10.656145960092545,6.873882561922073,3.5509109497070312
557,57.2716508873458,21.520001627504826,39.655908942222595,35.751649259840974,17.615741945123204,0.641520259844856,0.6459047928309216,17.31729954481125,11.301033198833466,7.277017831802368,3.7605583667755127
558,59.657607192896435,23.407936841249466,41.93415716290474,36.24967035164697,17.723450029991696,0.6413266184434049,0.6458101162816161,18.325220048427582,11.949987709522247,7.684120535850525,3.9748288691043854
559,62.072449031224686,25.30430518090725,44.23971734941006,36.768143850317436,17.83273168181463,0.6411302074185634,0.645714855962803,19.3398579955101,12.607787549495697,8.098002523183823,4.194069281220436
560,42.36357291190358,25.77099222689867,42.585423961281776,16.59258068500491,-0.2218510493781949,0.6410415718379812,0.6457160410645625,18.71313452720642,12.170939892530441,7.722107321023941,3.979242220520973
561,20.31359918824481,24.769615195691586,37.25987486541271,-4.456016007446774,-16.9462756771679,0.6410653753422945,0.6458065660414705,16.37319326400757,10.672862827777863,6.744915992021561,3.4689027816057205
562,20.417604707248806,23.84934537112713,32.90903773158789,-3.4317406638783226,-12.49143302433908,0.6410837072902853,0.6458732937819851,14.450830221176147,9.400099515914917,5.981581658124924,3.0765263363718987
563,20.521955555555454,23.022174835205078,29.35821171849966,-2.500219279649624,-8.836256162944206,0.6410970631625057,0.6459204960050777,12.866173684597015,8.374207466840744,5.3571004420518875,2.7607301250100136
564,20.62665293640312,22.296472266316414,26.464019902050495,-1.6698193299132953,-5.837366965647377,0.6411059831375586,0.6459516785209198,11.58905178308487,7.54324346780777,4.838171228766441,2.4935534223914146
565,20.731698053029426,21.65876477956772,24.108793027698994,-0.9270667265382926,-3.3770949746695678,0.6411109354170808,0.6459697185581776,10.577920824289322,6.875968724489212,4.389658197760582,2.2652452811598778
566,20.83709210867235,21.015480160713196,22.195959463715553,-0.1783880520408445,-1.358867355043202,0.6411118883447092,0.6459769774649887,9.754864126443863,6.349481642246246,4.013331979513168,2.0782817155122757
567,20.942836306570396,20.349613949656487,20.646261051297188,0.593222356913909,0.2965752552732077,0.6411087194218624,0.6459753931954627,9.07926857471466,5.918257683515549,3.718443587422371,1.9302912056446075
568,21.04893184996092,19.6687588468194,19.394650496542454,1.3801730031415183,1.6542813534184653,0.6411013467028286,0.6459665562224209,8.531010895967484,5.5619534105062485,3.4888856112957,1.8128005787730217
569,21.155379942081893,18.93449444323778,18.387745320796967,2.220885498844112,2.7676346212849268,0.6410894829982408,0.645951771849444,8.088675141334534,5.270169302821159,3.3064093440771103,1.7224915325641632
570,21.26218178617196,18.14790405333042,17.581733502447605,3.11427773284154,3.680448283724356,0.6410728468992405,0.6459321113351079,7.730082422494888,5.036642029881477,3.1614072620868683,1.6536017879843712
571,21.36933858546859,17.261441238224506,16.940656676888466,4.107897347244084,4.428681908580124,0.6410509030031548,0.6459084538462799,7.429066300392151,4.8489488661289215,3.054106794297695,1.6085347160696983
572,21.476851543209772,16.276008170098066,16.435008123517036,5.200843373111706,5.041843419692736,0.6410231207201788,0.6458815209220294,7.191440463066101,4.700709134340286,2.97003872692585,1.5728197991847992
573,21.58472186263388,15.228552743792534,16.04056814685464,6.356169118841347,5.544153715779242,0.6409891668253132,0.6458519047162827,7.006549835205078,4.585297405719757,2.904242090880871,1.544478815048933
574,21.692950746978525,14.177332539111376,15.737462136894464,7.515618207867149,5.9554886100840605,0.6409490192921514,0.6458200912087503,6.864703446626663,4.496731236577034,2.8535859659314156,1.5224414877593517
575,21.801539399481676,13.185367360711098,15.509377792477608,8.616172038770578,6.2921616070040685,0.6409029927321153,0.6457864792343538,6.758011132478714,4.430148750543594,2.815461717545986,1.5057561919093132
576,21.910489023381732,12.305799126625061,15.342928189784288,9.604689896756671,6.567560833597444,0.6408516856279659,0.6457513961102428,6.680069863796234,4.381582140922546,2.7876969426870346,1.4935792423784733
577,22.019800821916284,11.570717208087444,15.227123536169529,10.44908361382884,6.7926772857467554,0.6407958678736185,0.6457151104409813,6.625665724277496,4.347795993089676,2.7684859931468964,1.4851758256554604
578,22.12947599832332,10.988231655210257,15.152951888740063,11.141244343113062,6.976524109583256,0.6407363526794779,0.6456778426839856,6.590557843446732,4.326143860816956,2.756332792341709,1.4799173921346664
579,22.239515755841214,10.547368414700031,15.113010909408331,11.692147341141183,7.1265048464328835,0.640673894627442,0.6456397737478402,6.571283936500549,4.31445948779583,2.7499983087182045,1.4772691763937473
580,22.349921297707574,10.226413141936064,15.101229399442673,12.12350815577151,7.248691898264902,0.64060913229755,0.6456010521030845,6.565020978450775,4.31097075343132,2.7484577149152756,1.4767799526453018
581,22.46069382716038,10.000495612621307,15.112623106688261,12.460198214539073,7.348070720472119,0.6405425714096519,0.6455617995885521,6.5694548189640045,4.314225912094116,2.7508672326803207,1.4780751429498196
582,22.571834547438023,9.846451506018639,15.143100637942553,12.725383041419384,7.42873390949547,0.64047459393614,0.6455221161809159,6.582698225975037,4.32303361594677,2.7565300464630127,1.4808387495577335
583,22.68334466177823,9.745014272630215,15.18930783495307,12.938330389148014,7.494036826825159,0.6404054789233775,0.6454820839329094,6.603202968835831,4.336418956518173,2.7648745104670525,1.4848113991320133
584,22.795225373418845,9.681232552975416,15.2484898455441,13.113992820443428,7.546735527874745,0.6403354255429264,0.6454417701747477,6.629703193902969,4.353581368923187,2.77542881667614,1.4897764660418034
585,22.907477885597867,9.644021652638912,15.31838458031416,13.263456232958955,7.589093305283708,0.6402645737468102,0.6454012301464075,6.661158055067062,4.373865947127342,2.7878040447831154,1.4955565333366394
586,23.020103401553406,9.625383373349905,15.397138055413961,13.394720028203501,7.622965346139445,0.6401930207552066,0.6453605091776781,6.69671818614006,4.396732151508331,2.8016841039061546,1.502003613859415
587,23.13310312452373,9.619677532464266,15.483229048550129,13.513425592059463,7.6498740759735995,0.6401208336526849,0.6453196444657338,6.735685467720032,4.421741142868996,2.8168056160211563,1.5089968219399452
588,23.246478257746418,9.622958116233349,15.5754080042243,13.623520141513069,7.671070253522117,0.6400480584382537,0.6452786665263452,6.777487695217133,4.448530077934265,2.832953631877899,1.5164365991950035
589,23.36023000445946,9.632495231926441,15.67264935001731,13.727734772533019,7.687580654442151,0.6399747265217338,0.6452376003903707,6.821653246879578,4.476801306009293,2.84995399415493,1.5242408029735088
590,23.47435956790126,9.646406583487988,15.774114057421684,13.827952984413272,7.700245510479576,0.639900859251518,0.6451964666002507,6.867799907922745,4.506311193108559,2.8676604852080345,1.5323424711823463
591,23.588868151309395,9.663403313606977,15.879112109541893,13.925464837702417,7.709756041767502,0.6398264710846499,0.6451552820060105,6.915610283613205,4.536861181259155,2.885953336954117,1.540687307715416
592,23.703756957921836,9.682592004537582,15.987074747681618,14.021164953384254,7.716682210240219,0.6397515716992151,0.645114060413007,6.964823603630066,4.568285122513771,2.904737927019596,1.5492280945181847
593,23.819027190977003,9.703364223241806,16.097541619092226,14.115662967735197,7.721485571884777,0.6396761675166952,0.6450728131610205,7.015228271484375,4.600450769066811,2.923933230340481,1.5579293482005596
594,23.934680053712476,9.725310653448105,16.21012929826975,14.209369400264372,7.724550755442728,0.6396002627656254,0.6450315495351902,7.066651433706284,4.63324636220932,2.943471632897854,1.5667598694562912
595,24.05071674936623,9.748128987848759,16.324526071548462,14.302587761517472,7.726190677817769,0.6395238600532241,0.6449902771490907,7.118944823741913,4.666583240032196,2.9633034020662308,1.5756946057081223
596,24.16713848117681,9.771639481186867,16.44047684967518,14.395498999989943,7.726661631501631,0.6394469610201046,0.6449490022472131,7.17199444770813,4.70038615167141,2.9833823442459106,1.5847139060497284
597,24.283946452381386,9.795704018324614,16.557770036160946,14.488242434056772,7.72617641622044,0.6393695665626576,0.6449077299372974,7.225704193115234,4.734594002366066,3.0036726966500282,1.5937991440296173
598,24.401141866218335,9.82022862881422,16.676234267652035,14.580913237404115,7.7249075985663005,0.6392916770688681,0.6448664644052537,7.2799935936927795,4.769157990813255,3.024144098162651,1.6029385849833488
599,24.518725925926095,9.845160227268934,16.795728355646133,14.67356569865716,7.722997570279961,0.6392132926367172,0.6448252090763527,7.3347970843315125,4.8040371388196945,3.0447741970419884,1.612119935452938
600,24.6366998347418,9.870456345379353,16.91613681614399,14.766243489362449,7.720563018597812,0.639134413130898,0.6447839667525354,7.390064001083374,4.839197173714638,3.0655428767204285,1.6213327646255493
601,24.75506479590385,9.896083734929562,17.037365585565567,14.858981060974287,7.7176992103382815,0.639055038232068,0.6447427397268392,7.445747405290604,4.874613881111145,3.086433559656143,1.6305707395076752
602,24.873822012650535,9.922020137310028,17.159337922930717,14.951801875340507,7.714484089719818,0.6389751674955544,0.6447015298759325,7.5018152594566345,4.910261556506157,3.1074322760105133,1.6398288309574127
603,24.992972688219414,9.94826490059495,17.28198751807213,15.044707787624464,7.710985170147286,0.6388948004667744,0.6446603387158356,7.5582355260849,4.94612492620945,3.128528594970703,1.6490984708070755
604,25.112518025848473,9.974810387939215,17.4052644520998,15.137707637909259,7.707253573748673,0.6388139366439223,0.6446191674894801,7.614985853433609,4.98218797147274,3.1497132033109665,1.6583774238824844
605,25.232459228776122,10.001655202358961,17.52912774682045,15.230804026417161,7.703331481955672,0.6387325755113026,0.6445780172144697,7.67204612493515,5.0184376537799835,3.170982375741005,1.6676615923643112
606,25.352797500239937,10.028792079538107,17.653541266918182,15.32400542070183,7.699256233321755,0.6386507165079869,0.6445368887089499,7.72940069437027,5.054866150021553,3.1923260539770126,1.676948368549347
607,25.473534043477894,10.056232567876577,17.77847670018673,15.417301475601317,7.695057343291165,0.6385683591283096,0.6444957826333981,7.786503434181213,5.091284215450287,3.214137628674507,1.686551421880722
608,25.59467006172842,10.083975456655025,17.90391243994236,15.510694605073393,7.690757621786059,0.6384855028537099,0.6444546995264442,7.843358069658279,5.127697065472603,3.2363995909690857,1.696457713842392
609,25.716206758229067,10.11202521622181,18.029829673469067,15.604181542007257,7.68637708476,0.6384021471830795,0.6444136398197948,7.900383323431015,5.1643069833517075,3.2587386667728424,1.7064006999135017
610,25.83814533621782,10.140388831496239,18.156213499605656,15.697756504721582,7.681931836612165,0.6383182916461954,0.6443726038591292,7.956945151090622,5.201577767729759,3.281104937195778,1.7165856435894966
611,25.960486998933263,10.16906788572669,18.283052369952202,15.791419113206572,7.677434628981061,0.6382339357748641,0.6443315919220086,8.013720065355301,5.23899532854557,3.303549811244011,1.7267871648073196
612,26.0832329496125,10.198075696825981,18.41033585369587,15.88515725278652,7.672897095916632,0.6381490791656077,0.6442906042238467,8.070561289787292,5.276172980666161,3.326253220438957,1.7373483628034592
613,26.20638439149394,10.227411892265081,18.538054265081882,15.97897249922886,7.668330126412059,0.6380637214065307,0.6442496409218893,8.127260953187943,5.313378944993019,3.349025920033455,1.748388446867466
614,26.329942527816055,10.25708457455039,18.666205555200577,16.072857953265665,7.663736972615478,0.6379778621225923,0.6442087021560099,8.183933049440384,5.3508661687374115,3.3717479556798935,1.7596583813428879
615,26.453908561815922,10.287104360759258,18.794780410826206,16.166804201056664,7.659128150989716,0.6378915009890397,0.6441677880099042,8.240796625614166,5.388489365577698,3.394540399312973,1.7709540203213692
616,26.578283696731976,10.317472741007805,18.923779390752316,16.26081095572417,7.6545043059796605,0.6378046376826523,0.6441268985638252,8.29785093665123,5.426252260804176,3.4174013882875443,1.782274805009365
617,26.703069135802494,10.348205734044313,19.053196720778942,16.35486340175818,7.649872415023552,0.6377172719593522,0.6440860338607535,8.355093747377396,5.464152246713638,3.440330922603607,1.793619804084301
618,26.82826608226504,10.379309672862291,19.18303072452545,16.448956409402747,7.645235357739587,0.6376294036024645,0.644045193928287,8.412523567676544,5.502190440893173,3.4633278846740723,1.804988831281662
619,26.953875739357585,10.410786140710115,19.31328158825636,16.54308959864747,7.640594151101226,0.6375410323973435,0.644004378788591,8.470139652490616,5.540365353226662,3.486393764615059,1.8163828179240227
620,5.783603014022277,9.157034382224083,15.836890693753958,-3.373431368201806,-10.053287679731682,0.637559052864054,0.6440580822484185,6.961014121770859,4.527547210454941,2.8545666486024857,1.4937627129256725
621,-7.683301048735429,7.683862093836069,12.986250407993793,-15.3671631425715,-20.669551456729224,0.6376411424107558,0.6441684965190208,5.638442561030388,3.6873508244752884,2.37189382314682,1.2885631993412971
622,-7.681138371807987,6.886722147464752,10.648725554347038,-14.567860519272738,-18.329863926155024,0.6377189621784869,0.6442664124587972,4.579358547925949,3.0143266543745995,1.9630193710327148,1.0920209810137749
623,-7.672408373620205,6.491734506562352,8.731955010443926,-14.164142880182556,-16.40436338406413,0.6377946253348982,0.6443540426050797,3.7276163697242737,2.465042844414711,1.6199849545955658,0.9193108417093754
624,-7.657224283849065,6.305709760636091,7.1602031122893095,-13.962934044485156,-14.817427396138374,0.6378692136577854,0.6444331955292043,3.0326515436172485,2.0167531445622444,1.3375522568821907,0.7732461672276258
625,-7.635699332171249,6.221180502325296,5.871366476640105,-13.856879834496546,-13.507065808811355,0.6379432354517731,0.6445053486585248,2.467362955212593,1.6507280990481377,1.104338001459837,0.6489374209195375
626,-7.607946748263876,6.184476520866156,4.814520571380854,-13.792423269130031,-12.42246731964473,0.6380169129265014,0.6445717079924973,2.0092543214559555,1.3515396974980831,0.9109418839216232,0.5427846685051918
627,-7.574079761803776,6.170089170336723,3.947906708344817,-13.7441689321405,-11.521986470148594,0.6380903326323355,0.6446332570655215,1.6376744955778122,1.106882467865944,0.7507584989070892,0.4525912459939718
628,-7.534211602467852,6.1661790125072,3.2372836489230394,-13.700390614975053,-10.771495251390892,0.6381635184796377,0.6446907971042576,1.3359710574150085,0.906701572239399,0.6182488519698381,0.3763621672987938
629,-7.488455499933007,6.167302839457989,2.654572599567473,-13.655758339390996,-10.14302809950048,0.6382364659066644,0.6447449799466695,1.0907088406383991,0.7428543642163277,0.508772348985076,0.3122370457276702
630,-7.4369246838762075,6.17095148190856,2.1767494501546025,-13.607876165784766,-9.61367413403081,0.6383091575528491,0.6447963350435393,0.8910933509469032,0.6087073124945164,0.41843061335384846,0.25851817335933447
631,-7.379732383974224,6.175972940400243,1.7849345691502094,-13.555705324374467,-9.164666953124433,0.6383815705086417,0.644845291597776,0.7284522522240877,0.4988482687622309,0.3439557971432805,0.21367825102061033
632,-7.316991829903966,6.181846046820283,1.463646360207349,-13.498837876724249,-8.780638190111315,0.6384536796853336,0.6448921967163129,0.595806073397398,0.40886024944484234,0.2826157258823514,0.17636431148275733
633,-7.248816251342458,6.188326654955745,1.2001900002360344,-13.437142906298202,-8.449006251578492,0.6385254592948758,0.6449373302967166,0.48753852024674416,0.3350446233525872,0.23215091787278652,0.1454559387639165
634,-7.1753188779664825,6.195296440273523,0.9841558057814837,-13.370615318240006,-8.159474683747966,0.6385968835220032,0.6449809172341298,0.3990519791841507,0.27455321978777647,0.19073764560744166,0.11981296120211482
635,-7.096612939453116,6.202697986736894,0.807007763069123,-13.29931092619001,-7.903620702522239,0.6386679268496004,0.6450231374301902,0.32673163805156946,0.22496767342090607,0.1567126950249076,0.09859575657173991
636,-7.012811665479081,6.2105008866637945,0.6617463601287454,-13.223312552142875,-7.674558025607826,0.6387385642029773,0.6450641340008398,0.2674962393939495,0.18439169507473707,0.12875203974545002,0.08110638591460884
637,-6.924028285721348,6.218698527663946,0.5426320130936801,-13.142726813385295,-7.466660298815028,0.6388087710769804,0.6451040200067096,0.21906315814703703,0.1511062146164477,0.10577704524621367,0.06668559508398175
638,-6.830376029856868,6.2272698152810335,0.4449582484085113,-13.057645845137902,-7.27533427826538,0.6388785234586318,0.6451428839718714,0.17945271683856845,0.12383282883092761,0.08686811197549105,0.054804590763524175
639,-6.731968127562434,6.236208416521549,0.3648657671874389,-12.968176544083983,-7.096833894749873,0.6389477979059827,0.6451807944093433,0.14702868647873402,0.10150461457669735,0.07130995509214699,0.04502251103986055
640,-6.628917808514952,6.24551041983068,0.2991899324115366,-12.874428228345632,-6.928107740926489,0.6390165715610486,0.645217803531891,0.12048339704051614,0.08321533096022904,0.05852128379046917,0.03696992062032223
641,-6.52133830239143,6.255169352516532,0.2453357505146414,-12.776507654907963,-6.766674052906072,0.6390848221361283,0.6452539502949941,0.09874501265585423,0.06822688155807555,0.04801674513146281,0.03034711116924882
642,-6.409342838868717,6.265176925808191,0.20117530948482454,-12.674519764676909,-6.610518148353542,0.6391525279041019,0.6452892628919404,0.08093870710581541,0.055940099991858006,0.039392500184476376,0.024904002202674747
643,-6.293044647623714,6.2755330465734005,0.16496375610586256,-12.568577694197113,-6.458008403729576,0.639219667742212,0.64532376080008,0.06635006866417825,0.04586733703035861,0.03231372975278646,0.020432620658539236
644,-6.172556958333348,6.286225421354175,0.13527027913369238,-12.458782379687523,-6.30782723746704,0.6392862210668898,0.6453574564583998,0.054395501501858234,0.03760920371860266,0.026504608104005456,0.016760965809226036
645,-6.047993000674452,6.297251395881176,0.11092163040302694,-12.345244396555628,-6.1589146310774785,0.6393521678852475,0.6453903566433948,0.04459793563000858,0.030838523525744677,0.021738179202657193,0.01374699204461649
646,-5.9194660043240175,6.3086011447012424,0.09095573623199016,-12.22806714902526,-6.010421740556008,0.6394174887567701,0.6454224635971372,0.03656719345599413,0.025287168682552874,0.017827811825554818,0.011273562267888337
647,-5.78708919895888,6.320274714380503,0.07458370309905149,-12.107363913339384,-5.861672902057932,0.6394821648460507,0.6454537759523832,0.029983982676640153,0.020735412545036525,0.014620117144659162,0.009244190732715651
648,-5.650975814255948,6.332266749814153,0.06115863652667031,-11.9832425640701,-5.712134450782618,0.6395461778939356,0.645484289491116,0.02458692470099777,0.017003192624542862,0.011989053018623963,0.007579466182505712
649,-5.511239079892162,6.344565702602267,0.05015008136979304,-11.85580478249443,-5.561389161261955,0.6396095101844405,0.6455139977665502,0.020161997235845774,0.01394287683069706,0.009831129864323884,0.006214077438926324
650,-5.3679922255444215,6.357167661190033,0.04112306778552011,-11.725159886734454,-5.409115293329942,0.6396721445855448,0.6455428926132025,0.016533878806512803,0.011433459440013394,0.00806138341431506,0.00509434612467885
651,-5.221348480889573,6.370067549869418,0.03372091523488052,-11.591416030758992,-5.255069396124454,0.639734064542974,0.6455709645651049,0.013558947830460966,0.009375754598295316,0.006610048149013892,0.004176164657110348
652,-5.071421075604559,6.383265042677522,0.027651150230667554,-11.45468611828208,-5.099072225835227,0.6397952541055717,0.6455982031987899,0.011119509872514755,0.007688420009799302,0.005419894296210259,0.0034233260521432385
653,-4.918323239366329,6.396745750680566,0.02267394320369931,-11.315068990046896,-4.940997182570029,0.6398556978501766,0.6456245974145087,0.009119108290178701,0.006304781709332019,0.004443953730515204,0.0028060994736733846
654,-4.762168201851702,6.410510698333383,0.018592633568914607,-11.172678900185085,-4.780760835420617,0.6399153809639596,0.6456501356668347,0.00747868325561285,0.005170168878976256,0.0036436933442018926,0.0023000880901236087
655,-4.603069192737601,6.424549408257008,0.01524595954833785,-11.027618600994607,-4.6183151522859385,0.639974289182982,0.6456748061537593,0.0061334227211773396,0.004239757618051954,0.0029875043765059672,0.0018852748326025903
656,-4.441139441700955,6.43885568715632,0.012501686978794169,-10.879995128857274,-4.453641128679749,0.6400324088150806,0.6456985969717544,0.005030194006394595,0.0034767930628731847,0.002449463318043854,0.001545236591482535
657,-4.276492178418668,6.453431257978082,0.010251383082504617,-10.72992343639675,-4.286743561501172,0.6400897267821554,0.6457214962429162,0.004125441409996711,0.002851133467629552,0.002008303636102937,0.0012665045687754173
658,-4.1092406325676105,6.468260008841753,0.008406134020333411,-10.577500641409364,-4.117646766587944,0.6401462305248979,0.6457434922192334,0.0033834447094704956,0.002338068588869646,0.0016465863154735416,0.0010380344065197278
659,-3.9394980338246905,6.483342498540878,0.006893030058563454,-10.42284053236557,-3.946391063883254,0.6402019080918443,0.645764573368079,0.002774920722004026,0.001917333975143265,0.0013500086424755864,0.0008507667189405765
660,-3.7673776118668476,6.498673977330327,0.0056522846080042655,-10.266051589197176,-3.773029896474852,0.6402567481110174,0.6457847284423123,0.0022758527848054655,0.0015723135220468976,0.0011068437743233517,0.0006972745268285507
661,-3.592992596370937,6.51424122042954,0.004634873403119855,-10.107233816800477,-3.5976274697740567,0.6403107397446541,0.6458039465377705,0.0018665507013793103,0.0012893806342617609,0.0009074735316971783,0.0005714685357816052
662,-3.416456217013879,6.530044320970774,0.003800596186920302,-9.946500537984653,-3.4202568132007993,0.6403638727603485,0.6458222171404051,0.001530866211396642,0.001057361896528164,0.0007440111858159071,0.00046835689317958895
663,-3.2378817034725955,6.546072522178292,0.003116488915111404,-9.783954225650888,-3.240998192387707,0.6404161374730923,0.6458395301649371,0.0012555560715554748,0.0008670950592204463,0.0006099911388446344,0.00038384664549084846
664,-3.0573822854239654,6.562322890385985,0.002555520859459648,-9.619705175809951,-3.059937806283425,0.6404675247870657,0.6458558759865519,0.0010297636436007451,0.0007110723345249426,0.0005001016688765958,0.0003145832124573644
665,-2.8750711925448953,6.5787880681455135,0.0020955271338607417,-9.45385926069041,-2.877166719678756,0.6405180261720053,0.6458712454668921,0.0008445887033303734,0.0005831142516399268,0.0004100028036191361,0.00025782137527130544
666,-2.691061654512316,6.595457252115011,0.0017183322142955149,-9.286518906627327,-2.6927799867266113,0.6405676336447971,0.6458856299753682,0.0006927142749191262,0.0004781825282407226,0.00033613521281949943,0.00021130019831616664
667,-2.5054669010030786,6.612332770600915,0.001409032427091006,-9.117799671603994,-2.5068759334301696,0.6406163398396241,0.6458990214066366,0.000568150926483213,0.00039213373383972794,0.000275575212071999,0.00017317255469606607
668,-2.318400161694095,6.629398837685585,0.001155406607722398,-8.94779899937968,-2.3195555683018174,0.6406641379112019,0.6459114121949288,0.00046598374865425285,0.00032157420264411485,0.00022593119410885265,0.00014191746231517754
669,-2.129974666262305,6.646656896919012,0.000947433420606103,-8.776631563181317,-2.1309220996829112,0.6407110216268171,0.6459227953258031,0.00038219136513362173,0.00026371214971732115,0.00018522841855883598,0.00011630148719632416
670,-1.9403036443845851,6.664090603590012,0.0007768953935283207,-8.604394247974597,-1.9410805397781135,0.6407569852713042,0.6459331643457805,0.000313464170176303,0.00021626747184200212,0.000151850338170334,9.531341333968157e-05
671,-1.7495003257378439,6.681697769090533,0.0006370542280365044,-8.431198094828376,-1.7501373799658804,0.6408020237226655,0.6459425133702461,0.00025709534838824766,0.00017736030031301198,0.00012448467714420985,7.811390219103487e-05
672,-1.557677939998981,6.699475226923823,0.0005223844596002891,-8.257153166922805,-1.5582003244585814,0.6408461324468477,0.6459508370899281,0.00021086323158669984,0.00014545264548360137,0.00010205064882029546,6.401793370969244e-05
673,-1.3649497168449094,6.717411382123828,0.0004283552698325366,-8.082361098968738,-1.365378072114742,0.6408893074527183,0.6459581307762108,0.00017294464669248555,0.00011928458434340428,8.366010320060013e-05,5.246593559604662e-05
674,-1.1714288859525082,6.73549547791481,0.0003512513131909145,-7.906924363867319,-1.171780137265699,0.6409315452965424,0.645964390285491,0.00014184498695613001,9.78242951532593e-05,6.858367669337895e-05,4.2998354388146254e-05
675,-0.977228676998688,6.753725651651621,0.00028802608085243264,-7.730954328650309,-0.9775167030795404,0.6409728431294945,0.645969612062751,0.00011633402436928009,8.022607289603911e-05,5.6226076594612096e-05,3.5239906992501346e-05
676,-0.7824623196603645,6.772091565653682,0.00023618137845460296,-7.554553885314046,-0.7826985010388191,0.6410131986523862,0.6459737931444873,9.540943892716314e-05,6.57944099202723e-05,4.6095811967461486e-05,2.888171763970604e-05
677,-0.5872430436144317,6.790586560964584,0.00019366873260651118,-7.377829604579016,-0.5874367123470382,0.6410526101353166,0.6459769311611131,7.82484903538716e-05,5.395879725256236e-05,3.7790744045196334e-05,2.3670700954880886e-05
678,-0.3916840785377916,6.809200020506978,0.00015880836343740157,-7.20088409904477,-0.391842886901229,0.6410910763965294,0.6459790243389277,6.417422468985023e-05,4.4252297470848134e-05,3.0981959753262345e-05,1.9399881523440854e-05
679,-0.19589865410734697,6.827926822006702,0.00013022285543229373,-7.023825476114049,-0.19602887696277926,0.641128596831765,0.645980071501732,5.263142384137609e-05,3.6291874039307004e-05,2.5399933178960055e-05,1.5899624372650578e-05
680,0.0,6.846757372841239,0.00010678274264819265,-6.846757372841239,-0.00010678274264819265,0.6411651713903807,0.6459800720721526,4.316478339205787e-05,2.9763410225314146e-05,2.082362868804921e-05,1.3030920342771424e-05
681,1.9483005276578098,6.940282415598631,8.75618475504325e-05,-4.991981887940821,1.9482129658102594,0.6411918379602949,0.6459696649516087,3.544363380569848e-05,2.4438173795715556e-05,1.703829042298821e-05,1.0641749526030253e-05
682,3.8975924928674175,7.075859699398279,7.180071364132345e-05,-3.1782672065308617,3.897520692153776,0.6412088158834067,0.6459488448624412,2.9097603260197502e-05,2.0067832906534022e-05,1.3943865440069203e-05,8.691412034522727e-06
683,5.84886733318062,7.2389377281069756,5.887658574010857e-05,-1.3900703949263553,5.84880845659488,0.6412162414731232,0.6459176012275235,2.388742927905696e-05,1.647774325874707e-05,1.1412364386842455e-05,7.0990488154620834e-06
684,7.803116486149215,7.420381065458059,0.08218253788072616,0.38273542069115596,7.720933948268489,0.6412141969463032,0.6458763569222443,0.03338194219395518,0.023019348736852407,0.01590729661984369,0.009873950330074877
685,9.761331389325003,7.61622404679656,0.5031904147472233,2.1451073425284424,9.25814097457778,0.641202738039559,0.6458269010409698,0.2047344809398055,0.1410713535733521,0.09722920367494226,0.0601553765591234
686,11.724503480259772,7.825042679905891,1.2032127007842064,3.8994608003538804,10.521290779475565,0.6411819075865656,0.6457706975645837,0.4914259538054466,0.3376842010766268,0.23180206771939993,0.14230047818273306
687,13.693624196505326,8.046746999025345,2.133291563950479,5.646877197479981,11.560332632554847,0.6411517426442713,0.6457089436509483,0.8760123513638973,0.5995490588247776,0.40923734195530415,0.24849281180649996
688,15.669684975613476,8.281990047544241,3.2534256111830473,7.3876949280692354,12.416259364430429,0.6411122784619633,0.6456426174791298,1.3447032310068607,0.915856659412384,0.6208598148077726,0.3720059059560299
689,17.653677255136,8.531942777335644,4.530963022261858,9.121734477800356,13.122714232874142,0.6410635512478725,0.645572517509937,1.8863121047616005,1.2777778320014477,0.8595281280577183,0.5073449574410915
690,19.646592472624686,8.798183593899012,5.93928718008101,10.848408878725674,13.707305292543676,0.6410056003457426,0.6454992947252547,2.491701766848564,1.677962765097618,1.1193620972335339,0.6502605509012938
691,21.649422065631374,9.082706272602081,7.456731703132391,12.566715793029292,14.192690362498983,0.6409384704536858,0.6454234790716089,3.1516719609498978,2.1106963977217674,1.3964129611849785,0.7979503832757473
692,23.663157471707812,9.387957584112883,9.065692313015461,14.27519988759493,14.597465158692351,0.6408622140440299,0.6453455011594365,3.8451772183179855,2.5715740397572517,1.694236882030964,0.9547041729092598
693,25.688790128405813,9.716939087957144,10.751899238675833,15.97185104044867,14.93689088972998,0.6407768943269334,0.6452657100756238,4.5791082084178925,3.0555790290236473,2.0030824467539787,1.1141295544803143
694,27.72731147327723,10.07335763424635,12.503820843994617,17.65395383903088,15.223490629282612,0.6406825890179643,0.6451843880102964,5.34992553293705,3.5598155111074448,2.320137247443199,1.2739425525069237
695,29.779712943873783,10.461851581931114,14.312171097844839,19.31786136194267,15.467541846028944,0.6405793953141077,0.6451017622525719,6.154714524745941,4.08211387693882,2.6431573554873466,1.4321853406727314
696,31.846985977747302,10.888288728892803,16.169506311416626,20.9586972488545,15.677479666330676,0.6404674364612826,0.6450180150321321,6.99102059006691,4.620936885476112,2.9703890904784203,1.5871597453951836
697,33.93012201244957,11.3602458499372,18.069897405803204,22.569876162512372,15.86022460664637,0.6403468708834914,0.644933291610088,7.855413109064102,5.17583005130291,3.3007290214300156,1.737925224006176
698,36.03011248553242,11.887694802135229,20.008657686412334,24.14241768339719,16.021454799120086,0.640217904977063,0.6448477069156483,8.709302544593811,5.738938972353935,3.653499484062195,1.9069166854023933
699,38.147948834547606,12.484064139425755,21.9821160659194,25.66388469512185,16.165832768628206,0.6400808115759138,0.6447613509713714,9.565386176109314,6.298591196537018,4.026716947555542,2.0914217457175255
700,40.28462249704691,13.167967554181814,23.987442441284657,27.116654942865097,16.297180055762254,0.6399359576499369,0.6446742933856034,10.427604615688324,6.85768648982048,4.415380954742432,2.2867703810334206
701,42.441124910582204,13.966017216444016,26.022485084831715,28.475107694138188,16.41863982575049,0.6397838470319127,0.6445865869762779,11.297473311424255,7.420447468757629,4.816657677292824,2.487906627357006
702,44.61844751270529,14.917742647230625,28.08566503226757,29.700704865474663,16.532782480437717,0.6396251894204519,0.6444982708305491,12.198954820632935,7.98611119389534,5.2092306315898895,2.6913683861494064
703,46.81758174096793,16.06247518211603,30.175859481096268,30.7551065588519,16.641722259871663,0.6394608993213127,0.6444093727415541,13.108688592910767,8.571144193410873,5.599138513207436,2.896888181567192
704,49.039519032921824,17.33248382806778,32.29232896119356,31.707035204854044,16.747190071728262,0.6392915241332525,0.6443199112561282,14.028649032115936,9.176170825958252,5.987736955285072,3.099772147834301
705,51.28525082611879,18.72919239103794,34.434643015265465,32.55605843508085,16.850607810853326,0.6391176135646891,0.6442298973255146,14.974193274974823,9.788262099027634,6.374938040971756,3.297249600291252
706,53.5557685581109,20.21382972598076,36.602623760700226,33.34193883213014,16.953144797410673,0.6389395049170816,0.6441393356545883,15.934427082538605,10.41451320052147,6.759988516569138,3.4936949610710144
707,55.85206366644967,21.858188323676586,38.796309009194374,33.99387534277309,17.0557546572553,0.6387579137026438,0.6440482258540687,16.902220249176025,11.049716174602509,7.150660455226898,3.693712130188942
708,58.17512758868695,23.658047802746296,41.0159096121788,34.51707978594065,17.159217976508145,0.6385735275926762,0.6439565633648779,17.88690537214279,11.68559119105339,7.544447481632233,3.8989655673503876
709,60.52595176237457,25.439484789967537,43.26176717877388,35.08646697240703,17.264184583600688,0.6383860998844902,0.6438643401566322,18.88187527656555,12.32723668217659,7.943388819694519,4.109266400337219
710,62.90552762506431,27.222292684018612,45.53435072302818,35.6832349410457,17.371176902036126,0.6381954843132239,0.6437715454082239,19.882896542549133,12.977690994739532,8.349085599184036,4.324677586555481
711,65.31484661430798,29.014251939952374,47.8342205286026,36.30059467435561,17.48062608570538,0.6380015708801344,0.6436781659953729,20.89783251285553,13.62544596195221,8.768191933631897,4.542750120162964
712,67.75490016765738,30.73934819549322,50.16201175749302,37.01555197216416,17.592888410164363,0.6378038382307105,0.6435841868906177,21.92317098379135,14.283211529254913,9.192593395709991,4.763035848736763
713,70.2266797226643,32.3800403624773,52.51842774450779,37.846639360187,17.70825197815651,0.6376016660119062,0.6434895915274865,22.953544557094574,14.95000422000885,9.625481814146042,4.989397153258324
714,72.7311767168804,33.94142650067806,54.90422248840332,38.789750216202336,17.826954228477078,0.6373944558077598,0.6433943620711379,23.987215757369995,15.624745190143585,10.067766159772873,5.224495381116867
715,75.2693825878579,35.46384572982788,57.32019543647766,39.805536858030024,17.949187151380244,0.6371818193929198,0.6432984796611412,25.0299334526062,16.300225257873535,10.523173958063126,5.466862767934799
716,77.84228877314816,36.96862496435642,59.76717360317707,40.87366380879173,18.075115169971085,0.6369634771717191,0.6432019245587375,26.083964109420776,16.9877752661705,10.983610153198242,5.71182407438755
717,80.45088671030315,38.499413058161736,62.24602498114109,41.951473652141416,18.20486172916206,0.6367393774193038,0.6431046763657399,27.140849828720093,17.68481135368347,11.456584185361862,5.963779613375664
718,83.09616783687463,40.07916711270809,64.75763469934464,43.017000724166536,18.338533137529993,0.6365095857487687,0.6430067141160736,28.206592798233032,18.382073938846588,11.94356083869934,6.225407123565674
719,85.77912359041444,41.71839468181133,67.30290949344635,44.06072890860311,18.476214096968093,0.6362742186071629,0.6429080163911967,29.275572299957275,19.091157615184784,12.441329658031464,6.494849920272827
720,50.4716448793739,41.106078401207924,63.037531822919846,9.365566478165974,-12.565886943545948,0.6362241888717026,0.6429751418556386,27.5150328874588,17.912833392620087,11.600900441408157,6.0087651014328
721,12.28963737896169,38.19552920758724,52.66522727906704,-25.905891828625553,-40.37558990010535,0.6363625750460008,0.6431908234256178,23.050878942012787,15.020278096199036,9.631863981485367,4.96220625936985
722,12.13805036323175,35.468532517552376,44.12643872201443,-23.330482154320627,-31.98838835878268,0.6364872036899876,0.6433617015685601,19.345834851264954,12.631621956825256,8.018504083156586,4.1304778307676315
723,11.987777241289793,32.981287874281406,37.09266297519207,-20.993510632991615,-25.10488573390228,0.636599348511745,0.6434958088641471,16.263306140899658,10.623763501644135,6.742873787879944,3.4627195447683334
724,11.838811951341755,30.769897252321243,31.294291652739048,-18.93108530097949,-19.455479701397294,0.6367004761041648,0.6435997377087059,13.700646162033081,8.936787396669388,5.719063803553581,2.937794290482998
725,11.691148431594575,28.80832888185978,26.51005294173956,-17.117180450265202,-14.818904510144984,0.6367919140339205,0.6436788985233969,11.55925840139389,7.55942165851593,4.877421632409096,2.513951249420643
726,11.544780620254542,27.016762271523476,22.558351419866085,-15.471981651268933,-11.013570799611543,0.6368745635085534,0.6437377317007452,9.859973937273026,6.4326561987400055,4.134364053606987,2.131357230246067
727,11.399702455527287,25.352787226438522,19.29014828056097,-13.953084770911236,-7.890445825033684,0.6369490992177997,0.6437798815181867,8.438879251480103,5.528572574257851,3.5132303833961487,1.8094660714268684
728,11.255907875619421,23.784558847546577,16.583124361932278,-12.528650971927156,-5.327216486312857,0.637016025772137,0.6438083388712118,7.275708764791489,4.755605384707451,2.999747171998024,1.5520630404353142
729,11.113390818737226,22.36790992319584,14.33689147233963,-11.254519104458613,-3.223500653602404,0.6370761460664984,0.6438255584259853,6.264981627464294,4.095533117651939,2.6075946167111397,1.3687821105122566
730,10.972145223086988,21.072525158524513,12.469061929732561,-10.100379935437525,-1.4969167066455729,0.6371301010875211,0.643833554775914,5.418632924556732,3.553931787610054,2.2801918908953667,1.2163053266704082
731,10.832165026874986,19.727706722915173,10.912013240158558,-8.895541696040187,-0.07984821328357228,0.6371776200068375,0.6438339813155148,4.715342819690704,3.104312904179096,2.0062997937202454,1.086057722568512
732,10.69344416830735,18.219933286309242,9.610251616686583,-7.5264891180018925,1.0831925516207672,0.6372178256111004,0.6438281950305169,4.130455851554871,2.729545719921589,1.7759809270501137,0.9742691181600094
733,10.555976585590678,16.514886263757944,8.51822979748249,-5.958909678167267,2.037746788108187,0.6372496573935692,0.6438173096310078,3.6431346088647842,2.4158772081136703,1.5813376754522324,0.8778803050518036
734,10.419756216931253,14.699107967317104,7.598566170781851,-4.279351750385851,2.821190046149402,0.6372725171785606,0.6438022391713596,3.235287591814995,2.152402140200138,1.4163637533783913,0.7945126853883266
735,10.284777000535046,12.950210738927126,6.820579990744591,-2.66543373839208,3.464197009790455,0.6372867556066503,0.6437837338454526,2.892383374273777,1.930001936852932,1.2759470380842686,0.7222476415336132
736,10.151032874608498,11.439287010580301,6.159089552238584,-1.288254135971803,3.991943322369915,0.6372936373060946,0.643762409361893,2.602522633969784,1.7412550747394562,1.1558723635971546,0.659439479932189
737,10.018517777357895,10.265410225838423,5.593429179862142,-0.24689244848052816,4.425088597495753,0.6372949561760116,0.643738771068103,2.3559968918561935,1.58010795712471,1.0526570491492748,0.6046672817319632
738,9.887225646989513,9.430132247507572,5.106636602431536,0.4570933994819413,4.780589044557978,0.6372925144377666,0.6437132337334632,2.1448995918035507,1.4416201040148735,0.9634134359657764,0.556703470647335
739,9.757150421709644,8.873667940497398,4.68478798866272,0.8834824812122459,5.072362433046925,0.6372877949800678,0.6436861377802953,1.9627975299954414,1.3217510655522346,0.8857481181621552,0.5144912749528885
740,9.628286039724566,8.518849406391382,4.31645754724741,1.1094366333331838,5.311828492477156,0.6372818685023257,0.6436577626280918,1.804455742239952,1.2171994894742966,0.8176780305802822,0.47712428495287895
741,9.50062643924057,8.298055734485388,3.9922650903463364,1.202570704755182,5.508361348894233,0.6372754445135183,0.6436283376208862,1.6656134277582169,1.1252629570662975,0.75755943544209,0.44382927007973194
742,9.374165558463785,8.161716256290674,3.704510349780321,1.2124493021731109,5.669655208683464,0.6372689677544254,0.6435980510011817,1.542798988521099,1.0437271557748318,0.7040333468466997,0.41395085863769054
743,9.248897335600793,8.076892048120499,3.44687532633543,1.1720052874802942,5.802022009265363,0.6372627070424196,0.6435670572938673,1.4331849291920662,0.9707804769277573,0.6559757981449366,0.38693412207067013
744,9.124815708857879,8.022876642644405,3.2141725765541196,1.1019390662134736,5.910643132303759,0.6372568206157838,0.643535483345511,1.3344641774892807,0.9049374610185623,0.6124579347670078,0.36231300327926874
745,9.001914616441033,7.987085450440645,3.002143860794604,1.0148291660003874,5.999770755646429,0.6372513995198116,0.6435034332880557,1.2447526678442955,0.8449815213680267,0.5727141164243221,0.33969555515795946
746,8.880187996556684,7.962025422602892,2.8072930639609694,0.9181625739537917,6.072894932595714,0.6372464948052071,0.643470992609997,1.1625126004219055,0.7899142801761627,0.5361114162951708,0.3187547670677304
747,8.759629787411113,7.943276036530733,2.6267488254234195,0.8163537508803795,6.132880961987693,0.6372421339411533,0.643438231493747,1.0864866897463799,0.7389173842966557,0.5021278280764818,0.29921692330390215
748,8.64023392721061,7.928256224840879,2.4581553414463997,0.7119777023697313,6.182078585764211,0.6372383306414611,0.6434052075696778,1.015645544975996,0.6913199555128813,0.4703344777226448,0.2808553632348776
749,8.521994354161455,7.915461715310812,2.299576671794057,0.6065326388506431,6.222417682367398,0.6372350906166809,0.6433719681589813,0.9491491131484509,0.6465702783316374,0.44037685729563236,0.2634804230183363
750,8.40490500646979,7.904027681797743,2.1494238870218396,0.5008773246720466,6.25548111944795,0.6372324149899465,0.6433385521273604,0.8863073773682117,0.6042174063622952,0.4119633696973324,0.24693573359400034
751,8.288959822342177,7.893447577953339,2.0063897827640176,0.39551224438883814,6.282570039578159,0.6372303022108633,0.6433049913899694,0.826555211097002,0.5638897884637117,0.38485380355268717,0.23109097965061665
752,8.174152739984915,7.883429527282715,1.8694029655307531,0.2907232127022006,6.304749774454162,0.6372287492022485,0.6432713121710888,0.7694312836974859,0.5252823233604431,0.3588506719097495,0.2158386865630746
753,8.060477697603995,7.873806543648243,1.7375822411850095,0.18667115395575173,6.322895456418985,0.6372277520272808,0.6432375360201464,0.7145549636334181,0.48814588226377964,0.3337912727147341,0.20109012257307768
754,7.9479286334058425,7.864475250244141,1.6102036694064736,0.08345338316170192,6.337724963999369,0.6372273062292938,0.643203680651749,0.6616159342229366,0.4522742237895727,0.30954184476286173,0.18677166663110256
755,7.836499485596743,7.855386100709438,1.486671029124409,-0.018886615112695182,6.349828456472334,0.6372274071193318,0.6431697606279431,0.6103579420596361,0.41749863885343075,0.28599195647984743,0.17282249173149467
756,7.726184192382977,7.846501842141151,1.366494270041585,-0.12031764975817438,6.359689922341392,0.6372280498418198,0.6431357879253664,0.5605708342045546,0.38367980159819126,0.26305096689611673,0.15919266734272242
757,7.616976691970833,7.837804313749075,1.2492704670876265,-0.2208276217782421,6.367706224883206,0.6372292294765515,0.6431017724006608,0.5120817106217146,0.3507037181407213,0.240644090808928,0.14584094751626253
758,7.508870922566592,7.829275913536549,1.134668115992099,-0.32040499096995667,6.374202806574493,0.6372309410416742,0.6430677221719932,0.46474868431687355,0.318476022221148,0.21871004719287157,0.1327333622612059
759,7.401860822376539,7.8209128230810165,1.0224125580862164,-0.4190520007044771,6.379448264290323,0.637233179567319,0.6430336439227181,0.4184538032859564,0.28691922780126333,0.19719779957085848,0.11984172742813826
760,7.295940329606823,7.812708429992199,0.9122792282141745,-0.5167681003853763,6.383661101392648,0.6372359400806757,0.6429995431689713,0.37310062907636166,0.2559693995863199,0.1760658691637218,0.10714333038777113
761,7.1911033824639965,7.804661151021719,0.8040811400860548,-0.6135577685577225,6.387022242377942,0.6372392176328582,0.6429654244604116,0.3286089515313506,0.2255733823403716,0.1552797737531364,0.09461903246119618
762,7.087343919154343,7.796766608953476,0.6976638804189861,-0.7094226897991334,6.3896800387353565,0.6372430072839789,0.6429312915542218,0.284912739880383,0.19568612333387136,0.13481180649250746,0.08225321071222425
763,6.984655877883878,7.789025269448757,0.5929015518631786,-0.8043693915648795,6.391754326020699,0.6372473041290193,0.6428971475674375,0.24195706937462091,0.16627291915938258,0.11463824193924665,0.07003332138992846
764,6.883033196859024,7.781428471207619,0.48968795454129577,-0.8983952743485943,6.393345242317729,0.6372521032490746,0.6428629950821687,0.19969569984823465,0.13730430509895086,0.0947388936765492,0.057949055917561054
765,6.782469814286057,7.773719914257526,0.4015441198134795,-0.9912500999714693,6.380925694472578,0.6372573983884975,0.6428289089406384,0.16363614704459906,0.11257053120061755,0.07773223333060741,0.04760520823765546
766,6.682959668371269,7.7659075148403645,0.3292661771411076,-1.0829478464690956,6.353693491230161,0.6372631833663098,0.6427949682702793,0.13410047395154834,0.09229413117282093,0.06377367535606027,0.03909789666067809
767,6.584496697320806,7.758101262152195,0.26999827241525054,-1.1736045648313889,6.314498424905556,0.6372694526214638,0.6427612369752744,0.10990746086463332,0.07567147258669138,0.05231688846834004,0.0321024504955858
768,6.487074839341215,7.750359550118446,0.2213985804701224,-1.2632847107772314,6.265676258871093,0.6372762009372266,0.6427277664824386,0.09009104105643928,0.06203982047736645,0.04291492514312267,0.026352793793193996
769,6.390688032638785,7.742711436003447,0.181546836392954,-1.3520234033646616,6.209141196245831,0.6372834232844667,0.6426945979931424,0.07385225617326796,0.050862570060417056,0.03520347527228296,0.021628534886986017
770,6.2953302154195345,7.735187187790871,0.14886840508552268,-1.4398569723713361,6.146461810334012,0.6372911148281226,0.6426617643296257,0.06054338300600648,0.041700227302499115,0.028876186115667224,0.017748608661349863
771,6.200995325889874,7.727789785712957,0.12207209219923243,-1.5267944598230834,6.078923233690642,0.6372992707814337,0.6426292914491039,0.049634865717962384,0.03418917767703533,0.023685101768933237,0.014562947035301477
772,6.107677302256096,7.72052276879549,0.10009911566157825,-1.6128454665393939,6.007578186594518,0.6373078864089259,0.6425971996852866,0.040693124174140394,0.02803154638968408,0.019426550716161728,0.01194789438159205
773,6.0153700827244805,7.7133867889642715,0.082081274013035,-1.698016706239791,5.9332888087114455,0.6373169570109891,0.6425655047664367,0.03336314985062927,0.022983284725341946,0.01593321649124846,0.009801622945815325
774,5.924067605501308,7.706383988261223,0.06730664317728952,-1.782316382759915,5.856760962324018,0.6373264779318372,0.642534218650185,0.027354102348908782,0.018844433361664414,0.013067745021544397,0.008040362445171922
775,5.833763808792869,7.699514925479889,0.05519144906429574,-1.8657511166870195,5.778572359728574,0.6373364445510502,0.6425033502080925,0.022427756630349904,0.015451075159944594,0.010717398254200816,0.006595219019800425
776,5.744452630805441,7.692774571478367,0.04525698859652039,-1.9483219406729262,5.69919564220892,0.6373468522537248,0.6424729057869268,0.0183889118488878,0.012668877025134861,0.008789630373939872,0.005409569348557852
777,5.656128009745311,7.686169538646936,0.037110730772837996,-2.0300415289016254,5.619017278972473,0.6373576964926613,0.6424428896689837,0.015077574062161148,0.010387734073447064,0.0072085233114194125,0.004436899325810373
778,5.568783883818642,7.679689582437277,0.030430799233727157,-2.1109056986186348,5.538353084584915,0.6373689726983163,0.6424133044495147,0.012362643610686064,0.008517383685102686,0.0059117632190464064,0.0036390087188920006
779,5.482414191231958,7.673336658626795,0.024953255160653498,-2.190922467394837,5.457460936071304,0.6373806763439754,0.6423841513462237,0.010136661876458675,0.006983834464335814,0.004848235039389692,0.002984523780469317
780,5.397012870191544,7.667118776589632,0.0204616691917181,-2.270105906398088,5.376551200999826,0.6373928029780909,0.642355430453056,0.008311546844197437,0.005726422386942431,0.003976001244154759,0.0024476987164234743
781,5.312573858903445,7.6610250398516655,0.01677856853348203,-2.3484511809482207,5.295795290369963,0.6374053481232882,0.6423271409482998,0.006815083906985819,0.004695420284406282,0.003260669473093003,0.0020073948689969257
782,5.229091095574062,7.655051816254854,0.01375842639390612,-2.4259607206807923,5.215332669180156,0.6374183073151721,0.6422992812652379,0.005588081694440916,0.003850054054055363,0.002674020652193576,0.001646269993216265
783,5.146558518409679,7.6491983607411385,0.01128190961026121,-2.502639842331459,5.135276608799418,0.6374316761177486,0.6422718492320713,0.004582011388265528,0.003156897219014354,0.002192907595599536,0.0013500934073817916
784,5.064970065616585,7.643471006304026,0.009251165920431959,-2.578500940687441,5.055718899696153,0.6374454501612352,0.6422448421866669,0.003757084778044373,0.0025885407012538053,0.0017983511497732252,0.0011071892913605552
785,4.984319675400939,7.637865748256445,0.007585955972899683,-2.653546072855506,4.976733719428039,0.6374596250868381,0.6422182570706443,0.003080684837186709,0.002122512523783371,0.0014747792192792986,0.0009079793926503044
786,4.904601285969263,7.632380165159702,0.006220484146979288,-2.7277788791904394,4.898380801822284,0.6374741965552098,0.642192090506532,0.0025260660549975,0.0017403881429345347,0.0012094236808479764,0.0007446062681992771
787,4.825808835527838,7.627010345458984,0.00510079676132591,-2.801201509931146,4.820708038766512,0.6374891602384893,0.6421663388610258,0.0020712994228233583,0.00142706157930661,0.0009918108844431117,0.0006106248747528298
788,4.74793626228272,7.621756009757519,0.004182653401585412,-2.8738197474747986,4.743753608881135,0.6375045118397045,0.6421409982968758,0.0016984078683890402,0.0011701455150614493,0.0008133514711516909,0.0005007485469832318
789,4.670977504440305,7.616615761071444,0.003429775733820861,-2.9456382566311383,4.667547728706484,0.6375202470868019,0.642116064815419,0.0013926491192250978,0.0009594833500159439,0.000667001586407423,0.0004106416781723965
790,-0.652539601092517,7.37514728680253,0.0028124160735387704,-8.027686887895047,-0.6553520171660557,0.6375631300295791,0.6421195656274765,0.001138508741860278,0.0007843164894438814,0.0005496588983078254,0.0003399319439267856
791,-3.573410507624265,7.122918590903282,0.002306181272615504,-10.696329098527547,-3.5757166888968803,0.6376202685397208,0.6421386666781651,0.0009317811418441124,0.0006419831152015831,0.0004520371021499159,0.00028037991341989255
792,-3.564555607990559,6.995785469189286,0.0018910685867012944,-10.560341077179846,-3.5664466765772604,0.6376766806181245,0.642157718209557,0.0007640907824679743,0.0005264323590381537,0.0003706600409714156,0.0002298854042237508
793,-3.5530488427078013,6.933741690590978,0.0015506762792938389,-10.486790533298779,-3.554599518987095,0.6377326997983238,0.6421767064548508,0.000626581049800734,0.00043168010961380787,0.00030393180168175604,0.00018848331819754094
794,-3.5389359335974713,6.904853926971555,0.0012715545494756952,-10.443789860569026,-3.540207488146947,0.6377884892740747,0.642195617819638,0.0005138191681908211,0.0003539829322107835,0.00024921575914049754,0.00015453668993359315
795,-3.5222626024812644,6.89273732714355,0.0010426747053315921,-10.414999929624814,-3.523305277186596,0.6378441249574595,0.6422144388948366,0.0004213514785078587,0.0002902706000895705,0.00020434945326996967,0.00012670317346419324
796,-3.503074571180608,6.889110105112195,0.0008549932886126044,-10.392184676292803,-3.5039295644692205,0.637899638764491,0.6422331564672964,0.00034552508623164613,0.00023802599571354222,0.00016756010836616042,0.00010388209830125561
797,-3.4814175615169405,6.889822613447905,0.0007010944841567834,-10.371240174964845,-3.4821186560010973,0.6379550406885025,0.642251757528493,0.00028334497983451,0.00019518490717018722,0.00013739361293119146,8.517098422089475e-05
798,-3.457337295311947,6.892800331115723,0.00057489748428452,-10.350137626427669,-3.4579121927962313,0.6380103298852249,0.6422702292816596,0.00023235511434904765,0.00016005485576897627,0.00011265782404734637,6.982969011914975e-05
799,-3.4308794943870877,6.897009629756212,0.0004714159331342671,-10.3278891241433,-3.431350910320222,0.6380655002331103,0.6422885591476335,0.0001905416183944908,0.00013124764564054203,9.237524523086904e-05,5.7251423868365237e-05
800,-3.402089880563949,6.901934091001749,0.00038656106369217014,-10.304023971565698,-3.402476441627641,0.6381205430962062,0.6423067347696507,0.0001562528950671549,0.00010762547617559903,7.574405458399269e-05,4.6938637865423516e-05
801,-3.371014175664085,6.907314946874976,0.0003169800748992202,-10.278329122539061,-3.371331155738984,0.6381754487004934,0.6423247440172776,0.00012813479770557024,8.825492727737583e-05,6.210705691955809e-05,3.8483292996716045e-05
802,-3.3376981015089187,6.913022603839636,0.00025992365806359885,-10.250720705348554,-3.3379580251669823,0.6382302068239194,0.6423425749896342,0.00010507675369808567,7.237080694721953e-05,5.0925154937431216e-05,3.155094248086243e-05
803,-3.302187379920075,6.918988190591335,0.00021313740319328645,-10.22117557051141,-3.3024005173232682,0.6382848071207704,0.6423602160180387,8.616817126494425e-05,5.9345563840906834e-05,4.175641379333683e-05,2.586725429409853e-05
804,-3.264527732719068,6.92517627030611,0.00017477266709420292,-10.189704003025177,-3.264702505386162,0.6383392393002737,0.6423776556681743,7.066230978125532e-05,4.866465133090969e-05,3.423836574256711e-05,2.1207340239470795e-05
805,-3.224764881727433,6.93156779743731,0.0001433135906836469,-10.156332679164743,-3.2249081953181165,0.6383934932141582,0.6423948827418672,5.79467894112895e-05,3.9906117876853386e-05,2.8073850444343407e-05,1.7386832951160613e-05
806,-3.182944548766704,6.938155880197883,0.00011751714197316687,-10.121100428964587,-3.1830620659086772,0.6384475589215779,0.6424118862785441,4.7519475288027024e-05,3.2723934850764635e-05,2.301920432046245e-05,1.4254527513912763e-05
807,-3.139112455658418,6.944924732670188,9.636405664537051e-05,-10.084037188328606,-3.1392088197150634,0.638501426641601,0.6424286555564271,3.8968548210505105e-05,2.6834413802134804e-05,1.8874618490372086e-05,1.1686476142358515e-05
808,-3.0933143242240897,6.951882224529982,7.901852612235416e-05,-10.04519654875407,-3.093393342750212,0.6385550868795752,0.6424451800935145,3.1956386692399974e-05,2.200486903802812e-05,1.5476229009436793e-05,9.581041382489275e-06
809,-3.0455958762852964,6.959013268351555,6.4795192145084e-05,-10.004609144636852,-3.0456606714774415,0.6386085303044932,0.6424614496483835,2.6206049597021774e-05,1.8044551097773365e-05,1.268970493129018e-05,7.854886518998683e-06
810,-2.99600283366357,6.966316187754273,5.3132057331595206e-05,-9.962319021417844,-2.9960559657209016,0.6386617478206332,0.6424774542208499,2.1490464519047237e-05,1.4797005576383526e-05,1.0404885841808209e-05,6.439701394356234e-06
811,-2.9445809181804248,6.973794009536505,4.3568286756112684e-05,-9.918374927716929,-2.944624486467181,0.638714730592683,0.6424931840525083,1.7623442261083255e-05,1.2133939719660702e-05,8.531439732450963e-06,5.279465042917764e-06
812,-2.891375851657365,6.981436163187027,3.572599567291945e-05,-9.872812014844392,-2.891411577653038,0.6387674699731042,0.6425086296271753,1.4452270136189327e-05,9.950163359917497e-06,6.9953102865838446e-06,4.328251890228785e-06
813,-2.836433355915977,6.989245815202594,2.9295315684407797e-05,-9.825679171118571,-2.8364626512316615,0.638819957575514,0.6425237816712523,1.1851736303469806e-05,8.159412345776218e-06,5.735755692626299e-06,3.5484113425354735e-06
814,-2.77979915277778,6.997209554538131,2.4022159372805163e-05,-9.777008707315911,-2.7798231749371527,0.63887218518613,0.6425386311540244,9.719149574038966e-06,6.690952147891949e-06,4.70299070798319e-06,2.9090669428910587e-06
815,-2.721518964064308,7.005333714187145,1.969817073899094e-05,-9.726852678251454,-2.721538662235047,0.6389241448692403,0.6425531692879038,7.97029926502546e-06,5.486754872663369e-06,3.856179020544914e-06,2.384937580757196e-06
816,-2.66163851159708,7.013613730669022,1.6152499604515924e-05,-9.675252242266101,-2.6616546640966847,0.638975828908996,0.6425673875286309,6.5361291490262374e-06,4.499264960600158e-06,3.1618458962157092e-06,1.9552595986738197e-06
817,-2.600203517197667,7.022048532962799,1.324505003452714e-05,-9.622252050160466,-2.6002167622477015,0.6390272298280674,0.6425812775754377,5.360027799383715e-06,3.6895155375304967e-06,2.5925194435671983e-06,1.602987254045729e-06
818,-2.537259702687615,7.03062554821372,1.0860941035417682e-05,-9.567885250901336,-2.5372705636286503,0.6390783403262025,0.6425948313711836,4.395553787617246e-06,3.0255144167767867e-06,2.1256964188864913e-06,1.314176412137158e-06
819,-2.472852789888384,7.039349339902401,8.905971604633578e-06,-9.512202129790785,-2.4728616958599887,0.6391291533717676,0.6426080411024648,3.604628417974709e-06,2.4810148602227855e-06,1.7429305998462041e-06,1.0773977265898793e-06
820,-2.4070285006215726,7.048217300325632,7.3028965985599825e-06,-9.455245800947205,-2.407035803518171,0.6391796621634392,0.6426208991997059,2.9560089487290497e-06,2.0345188644910195e-06,1.4290869820854368e-06,8.832818032544765e-07
821,-2.3398325567086977,7.057222817093134,5.988375306742455e-06,-9.397055373801832,-2.3398385450840045,0.6392298601088121,0.6426333983372331,2.4240797813490644e-06,1.6683916470583426e-06,1.1717576242631367e-06,7.241462540719112e-07
822,-2.2713106799712963,7.066367706283927,4.910467676921826e-06,-9.337678386255224,-2.2713155904389732,0.6392797408694224,0.6426455314333359,1.9878733326095244e-06,1.3681519916985962e-06,9.607632023289625e-07,5.936791502847427e-07
823,-2.2015085922309043,7.075640559196472,4.026583511063109e-06,-9.277149151427377,-2.2015126188144154,0.6393292982901031,0.6426572916503167,1.6301603622537186e-06,1.1219449369548329e-06,7.87761234022355e-07,4.867169778322022e-07
824,-2.1304720153090497,7.085050223395228,3.301798479071749e-06,-9.215522238704278,-2.130475317107529,0.6393785265071902,0.6426686723945321,1.3368184781370474e-06,9.200444850421263e-07,6.459103918388109e-07,3.9902512405376456e-07
825,-2.058246671027282,7.094579469412565,2.7074747110944486e-06,-9.152826140439847,-2.0582493785019933,0.6394274198092225,0.6426796673164258,1.0962629914956779e-06,7.544779023760384e-07,5.29601962284687e-07,3.271318549380453e-07
826,-1.9848782812071346,7.104198494926095,2.220129280416927e-06,-9.08907677613323,-1.984880501336415,0.6394759725697787,0.6426902703105568,8.989921695956582e-07,6.18720719103294e-07,4.3422443418705825e-07,2.681919575309166e-07
827,-1.9104125676701313,7.113718660548329,1.8205060126064154e-06,-9.024131228218462,-1.910414388176144,0.6395241783989893,0.6427004755156218,7.372188637333466e-07,5.073960807067124e-07,3.560198358343314e-07,2.198712323320251e-07
828,-1.8348952522378086,7.123247580602765,1.4928149383308664e-06,-8.958142832840574,-1.834896745052747,0.6395720317260879,0.6427102773144736,6.0455711548002e-07,4.1610190848473394e-07,2.918997488166042e-07,1.802561655495083e-07
829,-1.7583720567317136,7.1328358724713326,1.2241082369968126e-06,-8.891207929203047,-1.7583732808399506,0.6396195274949404,0.6427196703341362,4.957676935646305e-07,3.412344184994254e-07,2.39327802020739e-07,1.4777832291201776e-07
830,-1.6808887029733888,7.142508076503873,1.0037687570019216e-06,-8.823396779477262,-1.6808897067421458,0.6396666610247453,0.6427286494458175,4.0655496746921926e-07,2.798375975388012e-07,1.962239926101006e-07,1.211521993838005e-07
831,-1.6024909127843403,7.152273785322905,8.230903736361483e-07,-8.754764698107245,-1.602491735874714,0.6397134279301839,0.6427372097649194,3.3339635496787423e-07,2.294835432792297e-07,1.6088489429577635e-07,9.932558109326806e-08
832,-1.5232244079861121,7.16213951818645,6.749341197043179e-07,-8.685363926172561,-1.5232250829202318,0.6397598241050032,0.6427453466510461,2.734021453676405e-07,1.8818959723887474e-07,1.319110376485355e-07,8.143133944926717e-08
833,-1.4431349104002509,7.1720953565090895,5.534459668332659e-07,-8.61523026690934,-1.4431354638462177,0.6398058456342067,0.6427530557080111,2.2420394429900625e-07,1.54326196266652e-07,1.0815505158134897e-07,6.676077468625863e-08
834,-1.3622681418482927,7.182150520384312,4.538256936914564e-07,-8.544418662232605,-1.3622685956739864,0.6398514888962913,0.6427603327838427,1.8385893918448915e-07,1.2655635428515666e-07,8.867722667282862e-08,5.4733173548981995e-08
835,-1.2806698241517716,7.192296395078301,3.721370711584626e-07,-8.472966219230074,-1.2806701962888427,0.6398967504679752,0.6427671739707886,1.507739377792916e-07,1.0378348180850594e-07,7.270720137064757e-08,4.487245020001751e-08
836,-1.198385679132215,7.202531863003969,3.051524005703854e-07,-8.400917542136185,-1.1983859842846156,0.6399416271642473,0.6427735756053201,1.2364252954810695e-07,8.510853688470377e-08,5.961317550706724e-08,3.678815863050744e-08
837,-1.1154614286111617,7.212851429358125,2.502249740743423e-07,-8.328312857969287,-1.1154616788361358,0.6399861160149843,0.6427795342681344,1.013933936810929e-07,6.979393174511017e-08,4.887730775671173e-08,3.0160340891427495e-08
838,-1.0319427944101502,7.223259471356869,2.0518448051731752e-07,-8.25520226576702,-1.0319429995946308,0.6400302143176861,0.6427850467841578,8.314793853436697e-08,5.723510554389577e-08,4.0074865648165314e-08,2.4726570790889468e-08
839,-0.9478754983507137,7.233740156516433,1.6825126847308525e-07,-8.181615654867146,-0.9478756666019822,0.6400739195295176,0.6427901102225478,6.818572373390452e-08,4.693614941153612e-08,3.2857649934214805e-08,2.0271745393429796e-08
840,-0.8633052622543878,7.244302053004503,1.3796603998139645e-07,-8.10760731525889,-0.8633054002204277,0.6401172293976547,0.6427947218966943,5.5915910790460543e-08,3.849040808301396e-08,2.694021117299883e-08,1.6619509934923116e-08
841,-0.7782778079427078,7.2549347300082445,1.1313215225738915e-07,-8.033212537950952,-0.77827792107486,0.6401601418577934,0.6427988793642214,4.585401502943398e-08,3.1564409419537753e-08,2.208845606421761e-08,1.3625271744199807e-08
842,-0.6928388572372094,7.26563036441803,9.276836590577098e-08,-7.958469221655239,-0.6928389500055753,0.6402026550480799,0.6428025804269886,3.7602729263674917e-08,2.5884691612354516e-08,1.811046868027688e-08,1.1170476349464664e-08
843,-0.607034131959428,7.276390679180622,7.607005997334326e-08,-7.88342481114005,-0.6070342080294879,0.6402447673601053,0.6428058231310912,3.083624189326173e-08,2.1226982671596062e-08,1.4848890173002616e-08,9.157945235482856e-09
844,-0.5209093539308983,7.287211064249277,6.23774490393636e-08,-7.8081204181801755,-0.5209094163083474,0.6402864774050742,0.6428086057668622,2.528737219620325e-08,1.7407379704348358e-08,1.2174697361366782e-08,7.507999777445207e-09
845,-0.4345102449731591,7.298092916607857,5.1149508933923116e-08,-7.732603161581016,-0.434510296122668,0.6403277840458945,0.6428109268688713,2.073698990301409e-08,1.4275092219406815e-08,9.982113746698218e-09,6.155313064803991e-09
846,-0.3478825269077372,7.309022266417742,4.194259696499447e-08,-7.656904793325479,-0.34788256885033414,0.6403686863150896,0.6428127852159271,1.7005437336070628e-08,1.1706426106261603e-08,8.184394828525399e-09,5.046338694136843e-09
847,-0.26107192155617737,7.320001162588596,3.439293017049039e-08,-7.581073084144774,-0.26107195594910754,0.6404091835003681,0.6428141798310764,1.3945364307765828e-08,9.599968736617726e-09,6.710438454904377e-09,4.137158671202457e-09
848,-0.1741241507400102,7.331020012497902,2.820220203203494e-08,-7.505144163237912,-0.17412417894221222,0.6404492750824367,0.6428151099816048,1.1435941776882785e-08,7.87254567091722e-09,5.5019308553561075e-09,3.3917837288788277e-09
849,-0.08708493628077335,7.342084031552076,2.31258056107575e-08,-7.42916896783285,-0.08708495940657895,0.6404889608141024,0.6428155751790375,9.378081644584313e-09,6.45595590875736e-09,4.511067561163706e-09,2.7807004962521198e-09
850,0.0,7.353181578218937,1.896316038224599e-08,-7.353181578218937,-1.896316038224599e-08,0.6405282406302254,0.6428155751791388,7.690523912140534e-09,5.2942688427704e-09,3.698654924000344e-09,2.279712703334713e-09
851,1.036565473281512,7.40740904584527,1.554979183610028e-08,-6.370843572563758,1.03656545773172,0.6405622729142668,0.6428100379704971,6.309736066967275e-09,4.3441302638447254e-09,3.0300709857877806e-09,1.8658545195004983e-09
852,2.073476872671849,7.48516246676445,1.2750829385399509e-08,-5.411685594092601,2.0734768599210196,0.6405911814911583,0.6427989617052197,5.176834655395979e-09,3.5645032064879345e-09,2.482352171040425e-09,1.5271393524751709e-09
853,3.111080124279835,7.576453872025013,1.0455679898269121e-08,-4.465373747745177,3.1110801138241553,0.6406150349834006,0.6427823426875177,4.247452736749757e-09,2.92434999826785e-09,2.033888855945687e-09,1.2499883073058271e-09
854,4.149721154214297,7.67621137201786,8.573657495763998e-09,-3.5264902178035635,4.1497211456406395,0.6406338730721709,0.6427601753737054,3.4847773972002116e-09,2.3991853642657546e-09,1.6666459878855733e-09,1.0230487464124582e-09
855,5.189745888584059,7.7811673283576965,7.030399352958572e-09,-2.5914214397736375,5.18974588155366,0.6406477161354176,0.6427324523722014,2.8590366185632377e-09,1.968328278145748e-09,1.3657179553927534e-09,8.373165008568328e-10
856,6.231500253497941,7.892492227256298,5.764927337587045e-09,-1.6609919737583567,6.231500247733014,0.6406565889557903,0.6426991644435277,2.34564676709903e-09,1.6148436754459539e-09,1.1191296153678643e-09,6.853072796741966e-10
857,7.2753301750647745,8.00901735201478,0.07982294337125495,-0.7336871769500055,7.19550723169352,0.6406605082248978,0.6426607269048968,0.03249558503739536,0.022370876104105264,0.015485321637243032,0.009471160592511296
858,8.321581579393381,8.130163419991732,0.3347102436237037,0.19141815940164975,7.986871335769678,0.640659485691995,0.6426180619939151,0.13638733653351665,0.09387379977852106,0.06486029014922678,0.03958881716243923
859,9.370600392592594,8.256314136087894,0.7337703777011484,1.1142862565047,8.636830014891446,0.6406535333081462,0.6425719250814425,0.29956658836454153,0.20593758672475815,0.14201265294104815,0.08625354967080057
860,10.422732540771223,8.387462422251701,1.251712057273835,2.035270118519522,9.171020483497388,0.6406426611387097,0.6425229345874067,0.5123735405504704,0.35157755482941866,0.24187571834772825,0.14588524354621768
861,11.478323950038103,8.523577824234962,1.8678416963666677,2.9547461258031404,9.610482253671435,0.640626877238465,0.6424715965411798,0.7672402542084455,0.5250973161309958,0.3600230673328042,0.21548105869442225
862,12.53772054650206,8.664811588823795,2.565237390808761,3.8729089576782645,9.972483155693299,0.6406061886222381,0.6424183247294507,1.057923212647438,0.7218505255877972,0.49293036572635174,0.29253328684717417
863,13.601268256271899,8.811435662209988,3.330075228586793,4.789832594061911,10.271193027685106,0.6405806019096629,0.6423634572453285,1.379340048879385,0.9380491450428963,0.6376855541020632,0.3750004805624485
864,14.669313005456484,8.963806554675102,4.151071235537529,5.705506450781382,10.518241769918955,0.640550123776913,0.6423072700563867,1.7272910103201866,1.1705965735018253,0.7919251918792725,0.4612584598362446
865,15.74220072016461,9.122360683977604,5.019024945795536,6.619840036187005,10.723175774369073,0.6405147613835573,0.6422499881345151,2.0982250571250916,1.4169634319841862,0.953801441937685,0.5500350147485733
866,16.820277326505117,9.287592396140099,5.926450248807669,7.5326849303650185,10.893827077697448,0.6404745226820062,0.6421917946138008,2.4891940876841545,1.675087958574295,1.1218108236789703,0.6403573788702488
867,17.90388875058679,9.460088890045881,6.867265980690718,8.44379986054091,11.036622769896073,0.6404294169135204,0.6421328382955855,2.8977051377296448,1.9433001056313515,1.2947635725140572,0.7314971648156643
868,18.99338091851849,9.640493895858526,7.836541719734669,9.352887022659964,11.156839198783821,0.6403794549101942,0.642073239795592,3.321637585759163,2.2202428430318832,1.47173423320055,0.8229270577430725
869,20.089099756409112,9.829569235444069,8.830293826758862,10.259530520965043,11.25880592965025,0.6403246497257874,0.6420130966015234,3.75550240278244,2.5049325078725815,1.6537290066480637,0.9161299094557762
870,21.19139119036735,10.028178710490465,9.845314733684063,11.163212479876886,11.346076456683289,0.6402650171804889,0.641952487218742,4.19640950858593,2.796332910656929,1.840769685804844,1.0118026286363602
871,22.30060114650203,10.237329173833132,10.879033617675304,12.063271972668897,11.421567528826724,0.6402005766250793,0.6418914745716863,4.648105427622795,3.0935611575841904,2.030082792043686,1.107284240424633
872,23.417075550922082,10.458169598132372,11.929406505078077,12.95890595278971,11.487669045844005,0.6401313517001178,0.6418301088182362,5.109953880310059,3.396124020218849,2.221176214516163,1.2021523900330067
873,24.541160329736353,10.692062880843878,12.994815688580275,13.849097448892476,11.546344641156079,0.6400573714787028,0.641768429626777,5.581417307257652,3.7036553025245667,2.4136772379279137,1.296065840870142
874,25.673201409053497,10.940612200647593,14.07399345189333,14.732589208405905,11.599207957160168,0.6399786717500254,0.6417064680458093,6.062065064907074,4.015904664993286,2.6072945445775986,1.388729177415371
875,26.81354471498243,11.205717455595732,15.165966376662254,15.6078272593867,11.647578338320177,0.639895296604409,0.6416442480760534,6.5513163805007935,4.332464560866356,2.802220918238163,1.479964517056942
876,27.962536173632106,11.489676591008902,16.269994899630547,16.472859582623204,11.69254127400156,0.6398073005596301,0.6415817879196751,7.044050097465515,4.649568721652031,3.005235828459263,1.5711402520537376
877,29.120521711111117,11.795274820178747,17.385534942150116,17.32524689093237,11.734986768961,0.6397147511638452,0.6415191010245418,7.5389184057712555,4.9745433032512665,3.2094422727823257,1.6626309603452682
878,30.287847253528383,12.125953193753958,18.512200191617012,18.161894059774426,11.775647061911371,0.639617732498996,0.6414561969269889,8.034230023622513,5.305194109678268,3.4153666347265244,1.7574094235897064
879,31.464858726992833,12.485994771122932,19.649740494787693,18.9788639558699,11.81511823220514,0.639516349678719,0.6413930819791672,8.522789180278778,5.6325409561395645,3.630996122956276,1.8634142354130745
880,32.65190205761317,12.880836334079504,20.7980090752244,19.771065723533667,11.853892982388771,0.6394107350113923,0.6413297599012698,9.014911949634552,5.95589317381382,3.8498952984809875,1.9773086532950401
881,33.84932317149825,13.315422646701336,21.95694837719202,20.533900524796913,11.892374794306228,0.6393010453718369,0.6412662322581378,9.513658285140991,6.279707700014114,4.071882367134094,2.0917000249028206
882,35.0574679947569,13.791145477443933,23.126574605703354,21.266322517312965,11.930893389053544,0.6391874432216376,0.6412024988532817,10.016078501939774,6.606137752532959,4.296816885471344,2.2075414657592773
883,36.27668245349798,14.318932592868805,24.306962452828884,21.95774986062918,11.9697200006691,0.6390701475493051,0.6411385580413124,10.520268976688385,6.936053931713104,4.5249223709106445,2.3257171735167503
884,37.50731247383021,14.909347984939814,25.498235411942005,22.597964488890398,12.009077061888206,0.6389494319270355,0.6410744069886314,11.029767990112305,7.265233248472214,4.757687449455261,2.4455467239022255
885,38.74970398186242,15.577808022499084,26.700555719435215,23.171895959363333,12.049148262427202,0.6388256504315261,0.6410100418803919,11.542671918869019,7.597073912620544,4.99371662735939,2.5670932605862617
886,40.0042029037037,16.346933133900166,27.914123237133026,23.657269769803534,12.090079666570674,0.6386992761272002,0.6409454581214893,12.069502472877502,7.9307422041893005,5.2253358066082,2.688542753458023
887,41.27115516546258,17.21594724804163,29.139160364866257,24.05520791742095,12.131994800596324,0.6385707760849063,0.6408806504569562,12.59700208902359,8.283746242523193,5.450709164142609,2.8077028691768646
888,42.550906693247974,18.131570890545845,30.375911667943,24.41933580270213,12.174995025304973,0.6384403309150201,0.640815613090368,13.135764002799988,8.639194071292877,5.676057189702988,2.924896404147148
889,43.843803413168835,19.110284559428692,31.62464313209057,24.733518853740144,12.219160281078267,0.6383082074168698,0.6407503397982682,13.6874720454216,8.996986597776413,5.900445207953453,3.039739280939102
890,45.150191251333645,20.099681615829468,32.885631918907166,25.050509635504177,12.26455933242648,0.6381743905918938,0.6406848239898685,14.248853921890259,9.362998604774475,6.1212170869112015,3.15256230533123
891,46.47041613385155,21.129189245402813,34.15917046368122,25.341226888448737,12.31124567017033,0.6380390207901393,0.6406190587886389,14.81507271528244,9.73324105143547,6.3441745936870575,3.2666821032762527
892,47.80482398683127,22.23746031522751,35.44555939733982,25.567363671603765,12.359264589491453,0.6379024429927482,0.6405530370760882,15.385942161083221,10.107854753732681,6.569509953260422,3.3822525292634964
893,49.15376073638153,23.459825851023197,36.74510680139065,25.69393488535833,12.40865393499088,0.6377651890670786,0.6404867515315638,15.961384773254395,10.48695296049118,6.797372549772263,3.4993965178728104
894,50.51757230861149,24.63434338569641,38.05813156068325,25.88322892291508,12.459440747928241,0.6376269239553108,0.6404201946899616,16.541296243667603,10.87019294500351,7.028384506702423,3.6182578653097153
895,51.89660462962963,25.771250016987324,39.384954795241356,26.125354612642305,12.511649834388272,0.637487365437081,0.6403533589536667,17.12552160024643,11.25623807311058,7.264179736375809,3.7390153855085373
896,53.291203625544874,26.909113489091396,40.72590172290802,26.382090136453478,12.565301902636854,0.6373464354684033,0.6402862366144433,17.71702766418457,11.644626408815384,7.502194494009018,3.862053155899048
897,54.70171522246623,28.021986037492752,42.081305757164955,26.679729184973475,12.620409465301272,0.6372039155475434,0.6402188198972141,18.318434059619904,12.033292651176453,7.741771638393402,3.987807407975197
898,56.128485346501925,29.09019012004137,43.451497703790665,27.038295226460555,12.67698764271126,0.6370594802097952,0.6401511009461313,18.92448216676712,12.426652759313583,7.984541356563568,4.115821421146393
899,57.57185992376147,30.101695843040943,44.83681060373783,27.47016408072053,12.735049320023641,0.6369127378803041,0.6400830718365157,19.535046815872192,12.8247931599617,8.230746537446976,4.246224090456963
900,31.75852232891328,29.30874302983284,41.32832698523998,2.44977929908044,-9.569804656326703,0.6368996514524244,0.640134192587885,18.055695295333862,11.851251125335693,7.550561428070068,3.8708191365003586
901,4.34644563949347,26.885362714529037,33.889227733016014,-22.538917075035567,-29.542782093522543,0.6370200516504748,0.6402920065947948,14.804087579250336,9.708748757839203,6.199861317873001,3.1765300780534744
902,4.210373221490819,24.7635455802083,27.789167314767838,-20.553172358717482,-23.57879409327702,0.6371298442378611,0.6404179616914469,12.088178843259811,7.930886745452881,5.134186893701553,2.635914832353592
903,4.076625097958743,22.85096850246191,22.787117213010788,-18.774343404503167,-18.710492115052045,0.6372301345338254,0.6405179109014633,9.915655851364136,6.4872510731220245,4.211748018860817,2.1724622696638107
904,3.9451838433905504,21.10346332192421,18.685435876250267,-17.158279478533657,-14.740252032859717,0.6373217920096722,0.640596651564032,8.14661905169487,5.341296270489693,3.4306153655052185,1.7669051885604858
905,3.8160320322796863,19.226735457777977,15.322057157754898,-15.41070342549829,-11.506025125475212,0.6374041141433554,0.640658115373463,6.692712754011154,4.373376816511154,2.8068112209439278,1.449156366288662
906,3.6891522391204448,17.1819269657135,12.564086820930243,-13.492774726593057,-8.874934581809798,0.6374761909314248,0.640705524212041,5.456191673874855,3.57840359210968,2.311522327363491,1.2179692275822163
907,3.5645270384058554,15.073572006076574,10.302551183849573,-11.509044967670718,-6.738024145443718,0.6375376708724915,0.6407415179307666,4.439691826701164,2.9259899631142616,1.9084949046373367,1.0283744893968105
908,3.4421390046296456,13.063548877835274,8.448092173784971,-9.621409873205629,-5.005953169155326,0.6375890672927543,0.6407682591335933,3.6124955862760544,2.393617108464241,1.5757014974951744,0.8662779815495014
909,3.3219707122854074,11.359485611319542,6.927435705438256,-8.037514899034134,-3.605464993152849,0.6376320027355911,0.6407875190961635,2.9407043009996414,1.9589109346270561,1.300252042710781,0.7275684271007776
910,3.2040047358665915,10.076264757663012,5.680497130379081,-6.87226002179642,-2.4764923945124893,0.6376687135263058,0.6408007482222026,2.3954367265105247,1.603679358959198,1.0722018778324127,0.6091791670769453
911,3.0882236498671913,9.20006213709712,4.6580076683312654,-6.111838487229929,-1.5697840184640741,0.6377013622361735,0.6408091338205918,1.9527491182088852,1.3132172636687756,0.8834976702928543,0.5085436161607504
912,2.974610028780403,8.642689324915409,3.819566313177347,-5.668079296135006,-0.844956284396944,0.6377316404375417,0.6408136474759571,1.593085564672947,1.0756032541394234,0.727491220459342,0.4233862739056349
913,2.8631464470999384,8.303972147405148,3.132044360972941,-5.44082570030521,-0.26889791387300255,0.6377607046773938,0.6408150838964373,1.300602499395609,0.881146639585495,0.5986486561596394,0.35164656583219767
914,2.753815479319397,8.103185705840588,2.56827634293586,-5.349370226521191,0.1855391363835368,0.6377892803730483,0.6408140927685719,1.062513142824173,0.7219584193080664,0.4923471249639988,0.291457655839622
915,2.6465996999322283,7.98514187335968,2.1059866063296795,-5.338542173427452,0.5406130936025488,0.6378177982265388,0.6408112048781146,0.8685117587447166,0.5916072521358728,0.4047245252877474,0.24114307016134262
916,2.541481683432418,7.915293611586094,1.7269090050831437,-5.3738119281536765,0.8145726783492742,0.6378465044868388,0.6408068535283371,0.7102909963577986,0.4848442506045103,0.33255848102271557,0.19921527709811926
917,2.4384440043131645,7.8730633482337,1.4160654274746776,-5.434619343920535,1.022378576838487,0.6378755355730776,0.6408013921043155,0.5811452865600586,0.3973852377384901,0.2731646643951535,0.16437023878097534
918,2.3374692370681864,7.846539095044136,1.1611736146733165,-5.50906985797595,1.17629562239487,0.637904964365054,0.640795108473854,0.4756559617817402,0.32572762575000525,0.2243128838017583,0.13547714333981276
919,2.2385399561910786,7.828942686319351,0.9521623840555549,-5.590402730128273,1.2863775721355237,0.6379348276275012,0.6407882367987892,0.3894437104463577,0.26700799353420734,0.18414448713883758,0.11156619293615222
920,2.1416387361753007,7.816442381590605,0.7807731744833291,-5.674803645415304,1.3608655616919716,0.6379651417495387,0.6407809672177972,0.31898084562271833,0.21888199262320995,0.1510954345576465,0.09181490167975426
921,2.046748151514815,7.806888036429882,0.6402339960914105,-5.760139884915067,1.4065141554234044,0.6379959117275564,0.6407734537874797,0.2613173332065344,0.1794389565475285,0.12396405218169093,0.0755136541556567
922,1.9538507767028426,7.799075171351433,0.5249918671324849,-5.84522439464859,1.4288589095703577,0.638027136216844,0.6407658209941594,0.21411220077425241,0.1471094903536141,0.1016952795907855,0.0620748964138329
923,1.8629291862330923,7.792334258556366,0.4304933361709118,-5.929405072323274,1.4324358500621805,0.638058810389239,0.6407581690932509,0.17546042799949646,0.12059197761118412,0.08343789377249777,0.051003036787733436
924,1.7739659545991606,7.786293793469667,0.3530045272782445,-6.012327838870506,1.4209614273209161,0.6380909275251303,0.6407505784873357,0.14380236389115453,0.0988546758890152,0.06845651660114527,0.0418909708969295
925,1.6869436562945095,7.780735660344362,0.28946371166966856,-6.0937920040498526,1.397479944624841,0.6381234798328442,0.6407431133166914,0.11786676477640867,0.08103978470899165,0.05615980480797589,0.03439735737629235
926,1.601844865813208,7.775545027107,0.23736024741083384,-6.173700161293793,1.3644846184023742,0.6381564590003725,0.6407358244031316,0.09661595104262233,0.06643811939284205,0.04606833390425891,0.028237843071110547
927,1.5186521576482543,7.770662475377321,0.19463539647404104,-6.2520103177290665,1.3240167611742133,0.638189856491386,0.6407287516640228,0.07920130738057196,0.05446926807053387,0.03778784302994609,0.023176977992989123
928,1.437348106293357,7.766041252762079,0.1596010260982439,-6.328693146468722,1.2777470801951132,0.638223663612895,0.6407219260920132,0.06492887623608112,0.044657872058451176,0.030994083499535918,0.019020194304175675
929,1.3579152862423387,7.761657796800137,0.1308728416915983,-6.403742510557798,1.2270424445507404,0.6382578716391266,0.6407153713781,0.053230603225529194,0.03661462978925556,0.025420653400942683,0.01560695527587086
930,1.2803362719885585,7.757507544010878,0.10731573129305616,-6.47717127202232,1.1730205406955023,0.6382924719130156,0.6407091052427331,0.043641525553539395,0.030020627309568226,0.020848700660280883,0.012804877769667655
931,1.2045936380259423,7.753575313836336,0.08799890201771632,-6.548981675810394,1.116594736008226,0.638327455789489,0.640703140527263,0.035780828329734504,0.024614573339931667,0.01709851494524628,0.010504985402803868
932,1.1306699588477487,7.74985384196043,0.07215909936348908,-6.619183883112681,1.0585108594842596,0.6383628146777535,0.640697486088911,0.029336707666516304,0.02018227824009955,0.014022558752913028,0.008617554703960195
933,1.058547808947674,7.746337819844484,0.05917046146350913,-6.68779001089681,0.999377347484165,0.6383985400517433,0.6406921475347044,0.024053633387666196,0.0165482924785465,0.011499717948026955,0.0070688176492694765
934,0.988209762819313,7.743026502430439,0.04851977864746004,-6.754816739611126,0.939689984171853,0.6384346234744976,0.6406871278232504,0.019722232536878437,0.013568805297836661,0.009430633508600295,0.005798107304144651
935,0.9196383949561399,7.739914581179619,0.03978621825808659,-6.820276186223479,0.8798521766980533,0.638471056573783,0.6406824277582039,0.016170903109014034,0.01112607351387851,0.007733705569989979,0.004755536065204069
936,0.852816279852072,7.737005315721035,0.032624697996652685,-6.884189035868963,0.8201915818554193,0.6385078310878635,0.6406780463929163,0.013259176921565086,0.009123346535488963,0.006341905100271106,0.0039002694393275306
937,0.787725992000378,7.7342841774225235,0.026752252961159684,-6.946558185422146,0.7609737390392183,0.6385449387704779,0.640673981362259,0.010871853737626225,0.007481126522179693,0.005200535451876931,0.003198737249476835
938,0.724350105894753,7.731761783361435,0.02193684777012095,-7.007411677466682,0.7024132581246321,0.6385823715251653,0.6406702291546835,0.008914446516428143,0.00613451557001099,0.004264552626409568,0.002623333057272248
939,0.6626711960287847,7.729434315115213,0.017988214858633,-7.066763119086429,0.6446829811701517,0.6386201213281518,0.6406667853353397,0.007309512147912756,0.005030300599173643,0.003497006036923267,0.002151396074623335
940,0.6026718368959619,7.727287523448467,0.014750336049473844,-7.124615686552505,0.5879215008464881,0.6386581801726313,0.6406636447290318,0.005993563900119625,0.004124848419451155,0.0028675895009655505,0.0017643342289375141
941,0.54433460299018,7.7253308147192,0.012095275542378658,-7.1809962117290205,0.5322393274478013,0.6386965401951299,0.6406608015702313,0.004914554301649332,0.003382379509275779,0.0023514501663157716,0.0014468915651377756
942,0.48764206880472555,7.723551150411367,0.00991812603388098,-7.235909081606642,0.47772394277084457,0.6387351935556086,0.6406582496260925,0.004029814226669259,0.002773556116153486,0.0019282040739199147,0.0011865516171383206
943,0.43257680883328753,7.721952814608812,0.0081328633314115,-7.289376005775525,0.42444394550187603,0.6387741325299984,0.6406559822973238,0.003304362326161936,0.002274320831929799,0.0015811354387551546,0.0009730447345646098
944,0.3791213975694579,7.720532920211554,0.006668948026344879,-7.341411522642096,0.372452449543113,0.6388133494718928,0.6406539927009053,0.0027095147743239067,0.0018649496269063093,0.0012965337191417348,0.0007979499059729278
945,0.3272584095067213,7.719295937567949,0.005468537256092532,-7.392037528061228,0.3217898722506288,0.6388528368518505,0.6406522737379124,0.0022217585865291767,0.0015292640455299988,0.0010631570148689207,0.0006543576091644354
946,0.27697041913901355,7.718228921294212,0.004484200553633855,-7.441258502155199,0.2724862185853797,0.6388925871643619,0.6406508181491379,0.0018218104742118157,0.001254001836059615,0.0008717865057406016,0.0005366017376218224
947,0.22824000095953834,7.717332150787115,0.003677044469441171,-7.489092149827576,0.22456295649009717,0.6389325929984956,0.6406496185606951,0.0014938626009097788,0.0010282854418619536,0.0007148618351493496,0.0004400345915200887
948,0.18104972946193607,7.716605346649885,0.0030151764576658024,-7.535555617187949,0.17803455300427026,0.6389728470349122,0.6406486675214162,0.0012249513019924052,0.0008431983587797731,0.0005861829322384438,0.00036084386465518037
949,0.13538217914002518,7.716044876724482,0.002472444748491398,-7.580662697584456,0.13290973439153378,0.6390133420279549,0.6406479575335189,0.0010044487680715974,0.0006914264758961508,0.0004806662673217943,0.0002959032372018555
950,0.0912199244872156,7.715652417391539,0.002027404593718529,-7.624432492904323,0.08919251989349707,0.6390540708340068,0.6406474810777503,0.000823640039016027,0.0005669726760970661,0.00039414280763594434,0.00024264907096949173
951,0.04854553999708918,7.7154197730124,0.0016624718227831181,-7.66687423301531,0.04688306817430606,0.6390950263587558,0.64064723063401,0.0006753793513780693,0.0004649204583984101,0.0003231938535463996,0.0001989781594602391
952,0.007341600163334887,7.715345360338688,0.0013632269201480085,-7.708003760175353,0.005978373243186878,0.6391362015925174,0.6406471986982555,0.0005538072855415521,0.0003812371915046242,0.0002650158876349451,0.00016316655546688708
953,-0.016042613657628407,7.716204971075058,0.0011178460340488527,-7.732247584732686,-0.01716045969167726,0.6391775063338888,0.6406472903673778,0.00045412366489472333,0.0003126175670331577,0.00021730841126554878,0.00013379639085542294
954,-0.03500870054257589,7.717781979590654,0.0009166337690658111,-7.752790680133231,-0.0359253343116417,0.6392189208140178,0.6406474822762149,0.0003723837608049507,0.00025634931262175087,0.000178188656718703,0.00010971203892040648
955,-0.05327279419968368,7.719784509390593,0.0007516396863138652,-7.773057303590276,-0.05402443388599754,0.6392604435560241,0.6406477708682763,0.0003053569116673316,0.00021020875919930404,0.0001461111537537363,8.996286169349332e-05
956,-0.07084352025464678,7.722055912017822,0.0006163445448237326,-7.792899432272469,-0.07145986479947052,0.6393020722923076,0.6406481525983233,0.00025039475985977333,0.00017237302927242126,0.00011980816907453118,7.37685866170068e-05
957,-0.08772950433305216,7.724506687372923,0.0005054025280060159,-7.812236191705975,-0.08823490686105817,0.6393438043232462,0.6406486239386378,0.0002053253865597071,0.00014134752746031154,9.824019571169629e-05,6.048941827430099e-05
958,-0.10393937206059577,7.72709297016263,0.0004144300703501358,-7.831032342223226,-0.1043538021309459,0.6393856367609718,0.6406491813841619,0.00016836831946420716,0.00011590634585445514,8.055485523073003e-05,4.9600549800743465e-05
959,-0.11948174906299269,7.729784492403269,0.00033983265552706143,-7.849266241466261,-0.11982158171851975,0.6394275666020053,0.6406498214567139,0.0001380633761982608,9.504428248874319e-05,6.605322937502933e-05,4.06717674650281e-05
960,-0.13436526096589488,7.73256765678525,0.0002786627845807743,-7.866932917751145,-0.13464392375047565,0.6394695908163095,0.6406505407084433,0.00011321309330014628,7.793720442350605e-05,5.416221711129765e-05,3.3350269745824335e-05
961,-0.14859853339499532,7.7354321256279945,0.00022850347534131288,-7.88403065902299,-0.14882703687033663,0.6395117063647017,0.6406513357246659,9.283571671403479e-05,6.390927183019812e-05,4.4411811472855334e-05,2.7346675324224634e-05
962,-0.16219019197592702,7.738375384360552,0.00018737285643055657,-7.900565576336479,-0.16237756483235757,0.6395539102406437,0.6406522031261874,7.612609920215618e-05,5.2406238637559e-05,3.6416690818441566e-05,2.2423827772399818e-05
963,-0.17514886233436347,7.741390820592642,0.00015364574039722356,-7.916539682927005,-0.1753025080747607,0.6395961994483517,0.6406531395712092,6.242411245693802e-05,4.297364171179652e-05,2.9860837003070628e-05,1.8387149225418398e-05
964,-0.18748317009601767,7.7444834634661674,0.00012598950718256674,-7.931966633562185,-0.18760915960320024,0.6396385710649839,0.6406541417568908,5.118837975714996e-05,3.523880991451733e-05,2.448519751396816e-05,1.5077119996931287e-05
965,-0.1992017408865246,7.747642882168293,0.00010331139606023498,-7.946844623054818,-0.19930505228258483,0.6396810221580558,0.6406552064206317,4.197495968583098e-05,2.8896187131977058e-05,2.0077297335774347e-05,1.2362951906652597e-05
966,-0.21031320033161177,7.750870753079653,8.471534442833217e-05,-7.961183953411265,-0.2103979156760401,0.6397235498501146,0.6406563303411213,3.44198952006991e-05,2.369517773104235e-05,1.6462902863167983e-05,1.0137368633422739e-05
967,-0.22082617405691662,7.754174992442131,6.9466582175437e-05,-7.975001166499048,-0.22089564063909206,0.6397661513520724,0.6406575103392017,2.822467308760679e-05,1.94302870681895e-05,1.3499187900833931e-05,8.312434118806777e-06
968,-0.23074928768807473,7.757543586194515,5.6962596772791585e-05,-7.98829287388259,-0.23080625028484753,0.6398088238567405,0.6406587432785729,2.3144538374708645e-05,1.593303693425696e-05,1.1069003846841952e-05,6.816017616984027e-06
969,-0.24009116685081505,7.760978862643242,4.6709330092653545e-05,-8.001070029494057,-0.2401378761809077,0.6398515646154451,0.640660026066373,1.8978772686750744e-05,1.3065259452105238e-05,9.076314455569445e-06,5.588983498228117e-06
970,-0.2488604371707916,7.764479052275419,3.83016502070177e-05,-8.01333948944621,-0.2488987388209986,0.6398943709161367,0.640661355653653,1.5562810062874632e-05,1.0713648634919082e-05,7.442353222586462e-06,4.582838286637525e-06
971,-0.2570657242736953,7.768045179545879,3.140735280737772e-05,-8.025110903819575,-0.25709713162650266,0.6399372400983152,0.6406627290357664,1.2761687173679093e-05,8.785309546510689e-06,6.1025403397252376e-06,3.7578157474627005e-06
972,-0.2647156537851647,7.771674729883671,2.575403037496926e-05,-8.036390383668836,-0.2647414078155397,0.6399801695341254,0.6406641432526885,1.046473343535581e-05,7.204047847153561e-06,5.003931491387448e-06,3.081317601072442e-06
973,-0.2718188513308723,7.775366026908159,2.1118304616152273e-05,-8.047184878239031,-0.27183996963548845,0.6400231566328339,0.6406655953892785,8.581207566749072e-06,5.907399014404291e-06,4.10309581866386e-06,2.52660221633505e-06
974,-0.27838394253652715,7.779125310480595,1.7317009515238624e-05,-8.057509253017122,-0.2784012595460424,0.6400661988831171,0.640667082575494,7.036696558770927e-06,4.844131495929105e-06,3.36443228832195e-06,2.0717491722166415e-06
975,-0.28441955302776856,7.782943174242973,1.4199947706572402e-05,-8.067362727270742,-0.28443375297547513,0.6401092937694808,0.6406686019865676,5.7701790012743e-06,3.972241202632176e-06,2.7587480744273307e-06,1.6987794282385948e-06
976,-0.2899343084303157,7.7868209220469,1.1643957442686315e-05,-8.076755230477216,-0.2899459523877584,0.6401524388294726,0.6406701508431509,4.731619895892436e-06,3.257282088497959e-06,2.262101972405617e-06,1.3929534858903025e-06
977,-0.29493683436981305,7.790760323405266,9.548044932472521e-06,-8.085697157775078,-0.2949463824147455,0.6401956316561701,0.6406717264114331,3.879990018162971e-06,2.671008481058834e-06,1.8548638180959642e-06,1.142182615154752e-06
978,-0.2994357564719,7.794761471450329,7.82939677534955e-06,-8.094197227922228,-0.29944358586867537,0.6402388698892253,0.640673326003238,3.181643748462193e-06,2.19025615422197e-06,1.5209392856263548e-06,9.36557587039033e-07
979,-0.3034397003622976,7.798823248594999,6.4201053362467064e-06,-8.102262948957296,-0.30344612046763386,0.640282151208397,0.6406749469761037,2.608990889996221e-06,1.7960358533741783e-06,1.2471287114124152e-06,7.679498814638919e-07
980,-0.4673739583333262,7.795346528291702,5.264486402367652e-06,-8.262720486625028,-0.46737922281972855,0.640326289672535,0.6406774436599864,2.139212185170436e-06,1.472722921391778e-06,1.0226980151628595e-06,6.298532806425783e-07
981,-0.6247130601250034,7.788051851093769,4.316878898791288e-06,-8.412764911218773,-0.6247173770039022,0.6403712296560351,0.6406807808254618,1.7540294550144608e-06,1.2076122324344851e-06,8.386523475678587e-07,5.16584863774483e-07
982,-0.6210610560000028,7.786268554627895,3.5398406872388932e-06,-8.407329610627897,-0.6210645958406901,0.6404161406048098,0.6406840984782173,1.4383343405199867e-06,9.902574760189964e-07,6.876695657354048e-07,4.2357930496450535e-07
983,-0.6168463358750028,7.787543069571257,2.9026693049161167e-06,-8.40438940544626,-0.6168492385443077,0.6404610358473602,0.6406873936130386,1.1794594634295663e-06,8.120235150954613e-07,5.638679745345598e-07,3.4731835185652926e-07
984,-0.6120806230000029,7.7905296348035336,2.3801888460184273e-06,-8.402610257803536,-0.6120830031888489,0.6405059215859169,0.6406906632872009,9.67177271604669e-07,6.658701590112059e-07,4.623543325976698e-07,2.8478708280488263e-07
985,-0.606775640625003,7.794481050223112,1.9517549132430645e-06,-8.401256690848115,-0.6067775923799162,0.6405508000938809,0.6406939046204936,7.931029166741155e-07,5.460221164099721e-07,3.7911624950481837e-07,2.3351363065415853e-07
986,-0.6009431120000032,7.798992190510035,1.600439003546228e-06,-8.399935302510038,-0.6009447124390067,0.6405956715431464,0.6406971147952395,6.503586558181951e-07,4.477450854523113e-07,3.108636903448314e-07,1.9147157193089015e-07
987,-0.5945947603749896,7.803837954998016,1.3123599540421083e-06,-8.398432715373007,-0.5945960727349436,0.6406405349657713,0.6407002910563118,5.333061547929674e-07,3.671568604701747e-07,2.5489832466973894e-07,1.5699861410922722e-07
988,-0.5877423090000027,7.80889680609107,1.0761351920685058e-06,-8.396639115091073,-0.5877433851351948,0.640685388807198,0.6407034307111469,4.373208906116588e-07,3.0107347726016087e-07,2.0900865482786912e-07,1.2873216936881704e-07
989,-0.580397481125003,7.814093958586454,8.824308617150223e-07,-8.394491439711457,-0.5803983635558647,0.6407302311759999,0.6407065311297556,3.586113628273324e-07,2.4688420197094274e-07,1.7138050978360297e-07,1.0555478713314415e-07
990,-0.5725720000000025,7.819399703294039,7.235933019433816e-07,-8.391971703294042,-0.5725727235933045,0.6407750600846713,0.6407095897447321,2.940681032015391e-07,2.0244843579320104e-07,1.405265570575409e-07,8.655020589110052e-08
991,-0.5642775888750025,7.824789360165596,5.933464941598743e-07,-8.389066949040599,-0.5642781822214966,0.6408198734764932,0.6407126040512611,2.411415955805296e-07,1.660103166045701e-07,1.152272166571322e-07,7.096736531764236e-08
992,-0.555525970999991,7.830250449478626,4.865441383117286e-07,-8.385776420478617,-0.5555264575441293,0.6408646692907051,0.640715571607124,1.97740757101883e-07,1.3613071780937958e-07,9.448261062416918e-08,5.819005277629685e-08
993,-0.5463288696249969,7.835775334388018,3.9896618786450233e-07,-8.382104204013014,-0.5463292685911848,0.640909445488376,0.6407184900327041,1.6215129239327553e-07,1.1162901714101281e-07,7.747269492597297e-08,4.771318340424102e-08
994,-0.5366980079999969,7.8413586132228374,3.2715227193946816e-07,-8.378056621222834,-0.5366983351522688,0.6409542000643441,0.6407213570109902,1.329672594252429e-07,9.153730551325623e-08,6.352509074325496e-08,3.912261625771407e-08
995,-0.5266451093750025,7.846998423337936,2.682648686525013e-07,-8.373643532712938,-0.5266453776398712,0.6409989310661214,0.6407241702875801,1.0903580260901435e-07,7.506185117911457e-08,5.208849462867704e-08,3.207872023569536e-08
996,-0.5161818970000069,7.852694671601057,2.199771864663802e-07,-8.368876568601063,-0.5161821169771934,0.6410436366033468,0.6407269276706836,8.941153373243083e-08,6.155174148148035e-08,4.271086539997526e-08,2.6303045852493767e-08
997,-0.5053200941250023,7.858443073928356,1.8038129462327746e-07,-8.363763168053358,-0.505320274506297,0.6410883148253984,0.6407296270311243,7.331928397746879e-08,5.047327000795576e-08,3.5021491262554605e-08,2.1567249375298303e-08
998,-0.4940714239999972,7.864242419600487,1.479126598979974e-07,-8.358313843600484,-0.4940715719126571,0.6411329639378108,0.6407322663023418,6.012331188465225e-08,4.13887701888882e-08,2.871646254121174e-08,1.7684115283245205e-08
999,-0.4824476098749973,7.870088238269091,1.2128838627889493e-07,-8.352535848144088,-0.4824477311633836,0.6411775821848629,0.6407348434803929,4.930235664168947e-08,3.393937075824027e-08,2.3546545269148567e-08,1.4500113609816623e-08
1000,-0.4704603749999976,7.875986583530903,9.94564736123138e-08,-8.346446958530901,-0.4704604744564712,0.6412221679057952,0.640737356623953,4.042895462852414e-08,2.7830751592183844e-08,1.930738069422233e-08,1.1889386697383486e-08
1001,-0.4581214426250019,7.881931960582733,8.155430983314282e-08,-8.340053403207735,-0.45812152417931173,0.6412667194731201,0.6407398038543173,3.315258345626404e-08,2.2821612655210544e-08,1.5831400079768798e-08,9.748713641899442e-09
1002,-0.4454425360000018,7.887925114482641,6.687453438236624e-08,-8.333367650482643,-0.4454426028745362,0.6413112353259539,0.640742183355401,2.7185817486063968e-08,1.8714042815393128e-08,1.2981213326490604e-08,7.993460754418535e-09
1003,-0.4324353783750019,7.893964368849993,5.4837118179662525e-08,-8.326399747224995,-0.4324354332121201,0.6413557139570822,0.6407444933737408,2.2292945267565756e-08,1.5345770487673605e-08,1.0644164716300253e-08,6.554237708122912e-09
1004,-0.4191116930000018,7.900043483823538,4.4966436130167153e-08,-8.31915517682354,-0.4191117379664379,0.6414001538885824,0.640746732218495,1.8280683911076068e-08,1.2583752095896017e-08,8.727853162415755e-09,5.3741469607793135e-09
1005,-0.4054832031249978,7.90616562590003,3.687247798755955e-08,-8.311648829025028,-0.4054832399974758,0.6414445537220708,0.6407488982614437,1.4990551855387224e-08,1.0318853410629103e-08,7.156543413433525e-09,4.406529308109697e-09
1006,-0.3915616319999979,7.912329770624638,3.0235432560421494e-08,-8.303891402624636,-0.39156166223543043,0.6414889121163155,0.6407509899369898,1.2292576678785139e-08,8.461606415544054e-09,5.868121960572736e-09,3.6131275055195644e-09
1007,-0.3773587028750015,7.918540108948946,2.4793053721161584e-08,-8.295898811823948,-0.3773587276680552,0.6415332278150967,0.6407530057421589,1.0080178358684577e-08,6.9386330014964415e-09,4.8116621798044434e-09,2.962580181176122e-09
1008,-0.3628861390000015,7.924787420779467,2.0330304280335998e-08,-8.287673559779469,-0.36288615933030577,0.6415774995755656,0.6407549442365997,8.265963608034e-09,5.6897798972332936e-09,3.945396440108162e-09,2.429164334960543e-09
1009,-0.34815566362499506,7.931072451174259,1.6670849943556387e-08,-8.279228114799254,-0.348155680295845,0.6416217262214781,0.6407568040425842,6.778270306151413e-09,4.665700811812279e-09,3.2350913614642707e-09,1.991787464128425e-09
1010,-0.3331790000000012,7.9373979941010475,1.3670096304929658e-08,-8.270576994101049,-0.3331790136700975,0.6416659066541388,0.6407585838450076,5.558329491117675e-09,3.825941299884228e-09,2.652663505520181e-09,1.6331620084075738e-09
1011,-0.3179678713750026,7.943756319582462,1.1209479091472963e-08,-8.261724190957464,-0.31796788258448166,0.6417100397961846,0.6407602823913889,4.5579519325489315e-09,3.1373272035839506e-09,2.17509239786029e-09,1.3391075574797906e-09
1012,-0.30253400099999844,7.950149942189455,9.191772863681447e-09,-8.252683943189453,-0.3025340101917713,0.6417541246463084,0.6407618984918707,3.737617507160174e-09,2.572656150612307e-09,1.7835040735936225e-09,1.0979951323153436e-09
1013,-0.2868891121250012,7.956577464938164,7.537253807199384e-09,-8.243466577063165,-0.286889119662255,0.6417981602583654,0.6407634310192193,3.06492262125424e-09,2.109621852208754e-09,1.4624157787523906e-09,9.002935549839997e-10
1014,-0.27104492800000096,7.9630376771092415,6.180548087209026e-09,-8.234082605109242,-0.27104493418054904,0.6418421457423671,0.6407648789088249,2.5132982500730705e-09,1.7299264451486884e-09,1.1991338477734814e-09,7.381895442137854e-10
1015,-0.2550131718749989,7.9695334658026695,5.068049408959996e-09,-8.224546637677669,-0.2550131769430483,0.6418860802863717,0.6407662411587017,2.0609555728690054e-09,1.4185702092162078e-09,9.83250893898946e-10,6.052727329758367e-10
1016,-0.238805567000001,7.976057007908821,4.155800530092346e-09,-8.214862574908823,-0.23880557115580153,0.6419299630992719,0.6407675168294878,1.6900257235330507e-09,1.1632519600346392e-09,8.062340725589756e-10,4.962887739656807e-10
1017,-0.22243383662500094,7.982612866908312,3.4077564988604925e-09,-8.205046703533313,-0.22243384003275743,0.6419737934769617,0.6407687050444453,1.3858559265444992e-09,9.538867959402175e-10,6.610854658833931e-10,4.0692831049238265e-10
1018,-0.20590970399999806,7.98919228836894,2.7943602943711343e-09,-8.195101992368938,-0.20590970679435835,0.6420175707311945,0.6407698049894602,1.13643044627465e-09,7.822033819271379e-10,5.42068820386099e-10,3.336576457832474e-10
1019,-0.18924489237499825,7.995801139622927,2.291375487788183e-09,-8.185046031997924,-0.18924489466637373,0.6420612942676902,0.6407708159130429,9.31895966643781e-10,6.414205971916331e-10,4.444790022151146e-10,2.7357992173765444e-10
1020,-0.17245112500000107,8.002436067909002,1.8789279160325023e-09,-8.174887192909003,-0.172451126878929,0.6421049635368831,0.6407717371263275,7.641740538966157e-10,5.259759208037229e-10,3.6445824656838877e-10,2.243196947637749e-10
1021,-0.1555401251250009,8.00909735262394,1.5407208495132885e-09,-8.16463747774894,-0.15554012666572176,0.642148578053324,0.6407725680030725,6.266383245634444e-10,4.313095453706284e-10,2.9884400076091167e-10,1.8392897881830406e-10
1022,-0.13852361599999904,8.015779498964548,1.2633910736158105e-09,-8.154303114964547,-0.13852361726339013,0.6421921373648356,0.6407733079796604,5.138563619749847e-10,3.5368114686962215e-10,2.4504239783118553e-10,1.5081116694001806e-10
1023,-0.12141332087500054,8.022486791014671,1.0359807196130832e-09,-8.143900111889671,-0.12141332191098125,0.6422356411047495,0.640773956555098,4.2137287582788563e-10,2.9002477502926283e-10,2.0092681858596695e-10,1.2365625016996784e-10
1024,-0.10422096300000037,8.02920963615179,8.495041692660465e-10,-8.13343059915179,-0.10422096384950455,0.6422790889177792,0.640774513291016,3.4553488542643507e-10,2.3782438691999364e-10,1.647546357154417e-10,1.0139026120417616e-10
1025,-0.08695826562499943,8.035955391824245,6.965934339769886e-10,-8.122913657449246,-0.08695826632159287,0.6423224805505647,0.6407749778116694,2.833465233276211e-10,1.950186323193548e-10,1.350953203471672e-10,8.313295798284548e-11
1026,-0.06963695199999972,8.042720332741737,5.712066128253646e-10,-8.112357284741737,-0.06963695257120633,0.6423658157924704,0.6407753498039374,2.3235061877985297e-10,1.599174243548107e-10,1.1077532120762346e-10,6.816324848307742e-11
1027,-0.05226874537500079,8.049500547349453,4.683894114579368e-10,-8.101769292724454,-0.0522687458433902,0.6424090944745897,0.6407756290173233,1.9053285425091326e-10,1.3113398171157864e-10,9.08334280187717e-11,5.5889147476673173e-11
1028,-0.03486536900000038,8.056300412863493,3.840793189133912e-10,-8.091165781863493,-0.0348653693840797,0.6424523165140228,0.6407758152639547,1.5624129594271619e-10,1.0753126904530785e-10,7.448153964244308e-11,4.5825214282924076e-11
1029,-0.01743854612499988,8.063116017729044,3.149450454121086e-10,-8.080554563854044,-0.017438546439944927,0.6424954818695989,0.6407759084185831,1.2812143923915387e-10,8.817681285654133e-11,6.107330895351037e-11,3.757348436290303e-11
1030,0.0,8.069940563291311,2.5825493544899547e-10,-8.069940563291311,-2.5825493544899547e-10,0.6425385905264541,0.6407759084185845,1.0506250817249319e-10,7.230593077403591e-11,5.007883214017128e-11,3.0807664362295095e-11
1031,0.8764795305593662,8.118450082838535,2.117690490197402e-10,-7.241970552279169,0.8764795303475972,0.6425772762665838,0.6407712263698112,8.619083636911273e-11,5.93065798294018e-11,4.104705399361752e-11,2.5224578827608146e-11
1032,1.7532189605243105,8.191051706671715,1.7365061753989164e-10,-6.4378327461474045,1.7532189603506598,0.6426116663987748,0.6407618608839118,7.07087220806063e-11,4.8644221246549324e-11,3.364426250616892e-11,2.0653411706567093e-11
1033,2.6304781893004123,8.278146293014288,1.423935080090144e-10,-5.647668103713876,2.6304781891580187,0.6426418355659954,0.6407478091841834,5.800743457622104e-11,3.9898759209705537e-11,2.757660636301673e-11,1.6910707860071095e-11
1034,3.5085171162932483,8.374533336609602,1.1676267727212322e-10,-4.866016220316354,3.5085171161764857,0.642667829242386,0.6407290671055713,4.758750902014719e-11,3.272556379531333e-11,2.2603296458926364e-11,1.384630799773634e-11
1035,4.3875956409083985,8.477416913956404,9.574539579682191e-11,-4.089821273048005,4.387595640812653,0.6426896765782463,0.6407056290946695,3.903922270089705e-11,2.6841975365489434e-11,1.8526929393847952e-11,1.1337268336587478e-11
1036,5.26797366255144,8.585323113948107,7.851122299485334e-11,-3.317349451396667,5.2679736624729285,0.6427073974620678,0.6406774882097205,3.202594981745188e-11,2.201892639573655e-11,1.5184000703907102e-11,9.282346077757811e-12
1037,6.149911080627953,8.697521314024925,6.437920333011819e-11,-2.5476102333969726,6.149911080563573,0.6427210064910924,0.640644636120615,2.62724439642828e-11,1.8063033165559295e-11,1.2443920947933368e-11,7.599805252342731e-12
1038,7.033667794543515,8.813698310405016,0.09549545720801689,-1.780030515861501,6.938172337335498,0.642730515201113,0.6406075732341976,0.03898711293004453,0.02680453471839428,0.018448133778292686,0.01125567578128539
1039,7.919503703703703,8.934445213526487,0.3343181946547702,-1.0149415098227843,7.585185509048933,0.6427359368972125,0.6405670540808373,0.13661535922437906,0.09388361941091716,0.06453677196986973,0.03928244404960424
1040,8.807678707514102,9.061594679951668,0.6911916541866958,-0.25391597243756614,8.116487053327406,0.6427372932859542,0.640523696778202,0.28291488997638226,0.1942213741131127,0.13327874476090074,0.08077664533630013
1041,9.698452705380282,9.194494504481554,1.145416940562427,0.5039582008987278,8.553035764817855,0.6427346012015477,0.6404780074845865,0.46988273970782757,0.32209272030740976,0.22055762819945812,0.1328838523477316
1042,10.592085596707813,9.332920238375664,1.6800505574792624,1.2591653583321492,8.91203503922855,0.6427278748908728,0.6404304004598043,0.6910413037985563,0.4728321451693773,0.32297372817993164,0.19320338033139706
1043,11.488837280902297,9.476903639733791,2.2812369745224714,2.011933641168506,9.207600306379826,0.6427171273821058,0.6403812145607317,0.9412427432835102,0.6425920873880386,0.43764011934399605,0.25976202450692654
1044,12.3889676573693,9.626653045415878,2.937649516388774,2.762314611953421,9.451318140980526,0.6427023714279821,0.6403307267501496,1.2164638377726078,0.8282139897346497,0.5619893316179514,0.33098235726356506
1045,13.292736625514406,9.782500565052032,3.6400401033461094,3.5102360604623737,9.652696522168297,0.6426836201669754,0.6402791632003516,1.513021718710661,1.027178019285202,0.6942958571016788,0.4055445082485676
1046,14.200404084743196,9.944868553429842,4.380865348502994,4.255535531313354,9.819538736240203,0.6426608876053765,0.6402267083994102,1.8280087038874626,1.2374015524983406,0.8330309763550758,0.4824241157621145
1047,15.112229934461205,10.1142936386168,5.153981316834688,4.997936295844404,9.958248617626516,0.6426341892277277,0.6401735126268802,2.159004658460617,1.4571872539818287,0.9769665077328682,0.5608228966593742
1048,16.028474074074065,10.291365813463926,5.954393232241273,5.737108260610139,10.074080841832792,0.6426035422818912,0.6401196980924687,2.5039874017238617,1.6851549968123436,1.125122606754303,0.6401282269507647
1049,16.949396402987357,10.476800799369812,6.77804728038609,6.472595603617545,10.171349122601267,0.6425689664506753,0.6400653639625403,2.8612548485398293,1.9201850518584251,1.276725810021162,0.7198815699666739
1050,17.87525682060662,10.669871605932713,7.621662598103285,7.205385214673907,10.253594222503335,0.6425304761450413,0.6400105904891296,3.2293755561113358,2.1613702178001404,1.431169267743826,0.7997475564479828
1051,18.806315226337457,10.871022194623947,8.482594788074493,7.93529303171351,10.323720438262963,0.6424880867591881,0.6399554424098653,3.607131913304329,2.4079838767647743,1.5879878774285316,0.8794911205768585
1052,19.742831519585433,11.08220610767603,9.35871982946992,8.660625411909404,10.384111690115514,0.6424418227345519,0.63989997172776,3.993488848209381,2.6594433933496475,1.7468294128775597,0.9589581750333309
1053,20.685065599756143,11.304736323654652,10.248343367129564,9.380329276101492,10.436722232626579,0.6423917141379915,0.6398442200064319,4.382742941379547,2.915317751467228,1.9095873460173607,1.0406953282654285
1054,21.633277366255122,11.540039163082838,11.150117125362158,10.093238203172284,10.483160240892964,0.642337797267248,0.6397882202188203,4.7765325754880905,3.173384815454483,2.0770596340298653,1.123140100389719
1055,22.587726718488007,11.789773032069206,12.06298628821969,10.7979536864188,10.524740430268317,0.642280115890718,0.6397319983148124,5.175787582993507,3.4335721284151077,2.2481946274638176,1.2054319493472576
1056,23.54867355586039,12.055886723101139,12.986128497868776,11.49278683275925,10.562545057991613,0.6422187227986627,0.6396755744630069,5.581330880522728,3.696833550930023,2.4209298193454742,1.287034247070551
1057,24.51637777777778,12.340687215328217,13.918917067348957,12.175690562449564,10.597460710428823,0.6421536817165983,0.6396189640959641,5.992937088012695,3.9630193263292313,2.5951754301786423,1.3677852228283882
1058,25.491099283645795,12.646975181996822,14.860882889479399,12.844124101648973,10.630216394166396,0.642085069942551,0.6395621787519782,6.410409510135651,4.2320337146520615,2.7708888053894043,1.4475508593022823
1059,26.473097972869954,12.978186551481485,15.811690781265497,13.494911421388469,10.661407191604457,0.6420129817405137,0.6395052267904846,6.83491975069046,4.503566026687622,2.946479246020317,1.5267257578670979
1060,27.462633744855975,13.338600192219019,16.771110147237778,14.124033552636956,10.691523597618197,0.6419375328433308,0.6394481139507537,7.260866463184357,4.7804612666368484,3.122115507721901,1.6076669096946716
1061,28.459966499009344,13.733638916164637,17.738999240100384,14.726327582844707,10.72096725890896,0.6418588665635079,0.6393908438265075,7.687266170978546,5.060594156384468,3.2983385026454926,1.692800410091877
1062,29.465356134735572,14.170286897569895,18.715287186205387,15.295069237165677,10.750068948530185,0.6417771621338222,0.6393334182445174,8.114710450172424,5.342196673154831,3.476814553141594,1.781565509736538
1063,30.479062551440343,14.657725300639868,19.699964486062527,15.821337250800475,10.779098065377816,0.6416926464433799,0.6392758375924588,8.542047441005707,5.625384300947189,3.659616783261299,1.8729159608483315
1064,31.501345648529153,15.20218811929226,20.693068020045757,16.299157529236894,10.808277628483395,0.6416055782941852,0.6392181010666655,8.967359364032745,5.90607263147831,3.849375620484352,1.9702604040503502
1065,32.53246532540767,15.817345306277275,21.69467881321907,16.715120019130396,10.8377865121886,0.6415162881231429,0.6391602069079466,9.396888315677643,6.185587495565414,4.0429625660181046,2.0692404359579086
1066,33.57268148148154,16.512140445411205,22.704904153943062,17.060541036070333,10.867777327538477,0.6414251527543604,0.6391021525418807,9.829966723918915,6.466840207576752,4.238548129796982,2.1695490926504135
1067,34.622254016156084,17.298374138772488,23.723885789513588,17.323879877383597,10.898368226642496,0.6413326106609983,0.6390439347628922,10.262954980134964,6.754128634929657,4.435179382562637,2.2716227918863297
1068,35.681442828837085,18.199836649000645,24.75178074091673,17.48160617983644,10.929662087920356,0.6412392260126017,0.6389855498158413,10.697286576032639,7.045634835958481,4.633603245019913,2.375256083905697
1069,36.75050781893005,19.213366881012917,25.78876707702875,17.537140937917137,10.961740741901302,0.6411455447041727,0.6389269935084594,11.13826110959053,7.333200424909592,4.83730286359787,2.4800026789307594
1070,37.82970888584059,20.308586955070496,26.835039630532265,17.521121930770093,10.994669255308324,0.6410519489673631,0.638868261300899,11.586946994066238,7.634462416172028,5.03167062997818,2.581959590315819
1071,38.919305928974254,21.438555978238583,27.890801057219505,17.48074995073567,11.028504871754748,0.6409585688928399,0.6388093483475242,12.041797488927841,7.938575744628906,5.225900933146477,2.684526890516281
1072,40.019558847736526,22.649148851633072,28.956269286572933,17.370409996103454,11.063289561163593,0.6408657782411513,0.6387502495785009,12.500068545341492,8.245839923620224,5.422060191631317,2.7883006259799004
1073,41.13072754153332,23.923773877322674,30.031663365662098,17.206953664210644,11.09906417587122,0.6407738607536289,0.6386909597057665,12.96239048242569,8.556156605482101,5.620083212852478,2.8930330649018288
1074,42.253071909769865,25.22258087992668,31.117219105362892,17.030491029843184,11.135852804406973,0.640682885908384,0.6386314733125805,13.439413905143738,8.867182582616806,5.817015841603279,2.993606775999069
1075,43.386851851851866,26.383133605122566,32.21316486597061,17.0037182467293,11.173686985881254,0.6405920540801429,0.6385717848137243,13.92042487859726,9.181667864322662,6.015808507800102,3.0952636152505875
1076,44.5323272671849,27.41730324923992,33.3197470754385,17.115024017944975,11.212580191746397,0.6405006276697905,0.6385118885520163,14.40948098897934,9.503012895584106,6.211895868182182,3.195357322692871
1077,45.68975805517453,28.367088362574577,34.43720564246178,17.322669692599952,11.252552412712753,0.6404080920410907,0.6384517787634869,14.903613924980164,9.828730672597885,6.4088888466358185,3.2959721982479095
1078,46.859404115226354,29.262081161141396,35.56579165160656,17.59732295408496,11.293612463619795,0.6403140892475325,0.6383914496370787,15.401844680309296,10.158158838748932,6.6079698503017426,3.3978182822465897
1079,48.04152534674581,30.098979361355305,36.70575059950352,17.942545985390502,11.33577474724229,0.6402182423138499,0.6383308952847965,15.904122591018677,10.491401702165604,6.80924579501152,3.5009805113077164
1080,49.23638164913886,30.886654928326607,37.857334315776825,18.349726720812257,11.379047333362038,0.6401202202694012,0.6382701097755371,16.410431265830994,10.828536003828049,7.012824714183807,3.605542331933975
1081,50.444232921810716,31.64424169808626,39.02079723775387,18.799991223724454,11.423435684056848,0.6400197929658556,0.6382090871490197,16.92073792219162,11.169656366109848,7.2188109159469604,3.7115920335054398
1082,51.66533906416706,32.366385124623775,40.19639231264591,19.29895393954328,11.468946751521145,0.6399167002631871,0.6381478214078257,17.435017228126526,11.514849215745926,7.427310198545456,3.8192156702280045
1083,52.899959975613484,33.06277543306351,41.38437770307064,19.837184542549977,11.515582272542844,0.639810732397041,0.6380863065452587,17.953239381313324,11.864203959703445,7.63842910528183,3.9285052567720413
1084,54.148355555555426,33.743976801633835,42.58500784635544,20.40437875392159,11.563347709199988,0.6397017346472872,0.6380245365254446,18.475371599197388,12.217803299427032,7.852284610271454,4.039548337459564
1085,55.41078570339888,34.41800773143768,43.79854127764702,20.992777971961196,11.61224442575186,0.6395895937393173,0.6379625053052215,19.004246592521667,12.573055922985077,8.068449795246124,4.15278896689415
1086,56.68751031854903,35.09135730564594,45.025235041975975,21.596153012903088,11.662275276573055,0.6394742296740775,0.63790020682618,19.542919099330902,12.927645444869995,8.285989612340927,4.268680885434151
1087,57.97878930041153,35.76935566961765,46.26534916460514,22.209433630793875,11.713440135806387,0.6393555895371609,0.6378376350305828,20.085757970809937,13.286522030830383,8.5064098238945,4.38665933907032
1088,59.284882548392034,36.45652495324612,47.51914031803608,22.828357595145917,11.765742230355954,0.639233643182486,0.6377747838434548,20.632682740688324,13.649711012840271,8.729933947324753,4.506812617182732
1089,60.606049961895906,37.15675175189972,48.78687113523483,23.449298209996186,11.819178826661073,0.6391083798373471,0.6377116472044234,21.183666586875916,14.017291367053986,8.956674486398697,4.629238694906235
1090,37.95666078777183,36.32012493908405,45.751338079571724,1.6365358486877781,-7.794677291799893,0.6390996376586683,0.6377532854378197,19.90737020969391,13.167652487754822,8.369223028421402,4.3070923537015915
1091,13.854400850340163,33.93245451152325,38.922594487667084,-20.078053661183084,-25.06819363732692,0.6392068922188242,0.6378871967286174,16.949357092380524,11.192328482866287,7.123199105262756,3.6577098071575165
1092,13.738745057529211,31.852697394788265,33.298349753022194,-18.113952337259054,-19.559604695492983,0.6393036547847284,0.6379916817964352,14.484253525733948,9.538986533880234,6.130112335085869,3.1449973583221436
1093,13.623800199462528,30.066504701972008,28.66277117282152,-16.44270450250948,-15.038970973358994,0.6393914897446777,0.6380720181798398,12.417910993099213,8.186671137809753,5.321628600358963,2.7365604415535927
1094,13.509563718820887,28.54517623782158,24.838720075786114,-15.035612519000692,-11.329156356965226,0.6394718081876212,0.6381325371774732,10.741834342479706,7.086719572544098,4.62527722120285,2.3848889395594597
1095,13.396033058285074,27.201104164123535,21.680819801986217,-13.805071105838461,-8.284786743701144,0.6395455532255797,0.638176793516916,9.401443600654602,6.1720822006464005,4.029165953397751,2.078128047287464
1096,13.283205660535693,26.04162096977234,19.06975768506527,-12.758415309236646,-5.786552024529577,0.6396137071535136,0.6382077045854231,8.29302966594696,5.428996309638023,3.5314545035362244,1.8162772059440613
1097,13.17107896825384,25.068025290966034,16.90761223435402,-11.896946322712195,-3.7365332661001798,0.6396772592172033,0.638227664699024,7.362259924411774,4.809441044926643,3.125903755426407,1.6100075095891953
1098,13.05965042412029,24.26380943506956,15.11402316391468,-11.20415901094927,-2.05437273979439,0.6397371104939712,0.6382386389123776,6.577848643064499,4.293972626328468,2.7987241744995117,1.4434777200222015
1099,12.948917470815513,23.514859564602375,13.62303039059043,-10.565942093786862,-0.6741129197749167,0.6397935524923355,0.6382422399429319,5.911174789071083,3.871123120188713,2.525259181857109,1.315473299473524
1100,12.838877551020435,22.79431875795126,12.380506563931704,-9.955441206930825,0.45837098708873114,0.6398467332680136,0.6382397913799668,5.353077128529549,3.518800809979439,2.2984936833381653,1.2101349420845509
1101,12.729528107415833,22.11430910974741,11.342024151235819,-9.384781002331577,1.387503956180014,0.6398968656451628,0.638232379499859,4.888911917805672,3.2233159989118576,2.1078787744045258,1.1219174601137638
1102,12.620866582682485,21.442323550581932,10.471123829483986,-8.821456967899447,2.149742753198499,0.6399439888127264,0.6382208958313056,4.501619562506676,2.9753653332591057,1.9471557810902596,1.046983152627945
1103,12.51289041950116,20.668483339250088,9.737879503518343,-8.155592919748928,2.7750109159828167,0.6399875550142208,0.638206072055045,4.1763462126255035,2.7667010203003883,1.8119294196367264,0.9829028509557247
1104,12.405597060552644,19.796519353985786,9.117734245955944,-7.390922293433142,3.2878628145967,0.6400270364367284,0.6381885086853089,3.901948407292366,2.5902757421135902,1.6975857317447662,0.9279243648052216
1105,12.298983948517703,18.82178597152233,8.590530790388584,-6.522802023004628,3.708453158129119,0.6400618804646291,0.6381686985722846,3.6685824394226074,2.4395234882831573,1.601659506559372,0.8807653561234474
1106,12.193048526077124,17.77682453393936,8.139725867658854,-5.583776007862237,4.053322658418271,0.640091708327919,0.6381470462076564,3.46919484436512,2.310272492468357,1.5202034264802933,0.8400551043450832
1107,12.087788235911532,16.70948453247547,7.751741912215948,-4.62169629656394,4.336046323695584,0.6401163968765117,0.6381238835670383,3.298058733344078,2.199142798781395,1.4499160461127758,0.8046243339776993
1108,11.983200520701983,15.654479339718819,7.415436999872327,-3.6712788190168357,4.567763520829656,0.6401360084086646,0.63809948312088,3.1500935554504395,2.1028978750109673,1.3888435438275337,0.7736020255833864
1109,11.879282823129277,14.64168755337596,7.121663773432374,-2.7624047302466828,4.757619049696903,0.6401507648441894,0.6380740684892043,3.021143190562725,2.018885873258114,1.3353781774640083,0.7462565321475267
1110,11.77603258587388,13.71716521680355,6.862917821854353,-1.9411326309296708,4.913114764019527,0.6401611341424316,0.638047823218029,2.907812036573887,1.9449390470981598,1.2881917878985405,0.7219749502837658
1111,11.673447251616723,12.910239957273006,6.633036211133003,-1.236792705656283,5.04041104048372,0.6401677409410729,0.6380208979453769,2.8073227033019066,1.8792787566781044,1.246192306280136,0.7002424448728561
1112,11.571524263038576,12.237049639225006,6.42696307040751,-0.6655253761864302,5.144561192631066,0.640171296097997,0.6379934163150743,2.7174055576324463,1.8204491585493088,1.2084790505468845,0.6806293036788702
1113,11.470261062820217,11.697304528206587,6.240546889603138,-0.22704346538636955,5.229714173217079,0.6401725089370215,0.6379654798077388,2.636203169822693,1.767255924642086,1.1743097566068172,0.6627780385315418
1114,11.369655093642422,11.279592849314213,6.070379773154855,0.09006224432820886,5.299275320487567,0.6401720278352889,0.6379371717130781,2.5622084736824036,1.7186874523758888,1.1431125923991203,0.646371254697442
1115,11.269703798185967,10.964800231158733,5.913666915148497,0.30490356702723354,5.35603688303747,0.6401703990769181,0.6379085604049421,2.494170516729355,1.6739645972847939,1.1143576353788376,0.6311741657555103
1116,11.17040461913163,10.73195319622755,5.768112745136023,0.43845142290408035,5.402291873995608,0.6401680569218812,0.6378797020081793,2.431063912808895,1.6324425116181374,1.087615080177784,0.6169912405312061
1117,11.071754999160186,10.561691783368587,5.631832405924797,0.5100632157915985,5.439922593235389,0.6401653322252157,0.6378506425926171,2.3720551282167435,1.593579724431038,1.062546018511057,0.6036515347659588
1118,10.973752380952266,10.43778844177723,5.503279343247414,0.535963939175037,5.470473037704853,0.640162469169985,0.6378214199802362,2.3164596408605576,1.556933019310236,1.0388708673417568,0.5910158157348633
1119,10.876394207188927,10.347498953342438,5.381182720884681,0.528895253846489,5.495211486304246,0.6401596438748256,0.637792065218023,2.263718470931053,1.5221375040709972,1.0163606144487858,0.5789661314338446
1120,10.779677920550963,10.281211044639349,5.26450090110302,0.498466875911614,5.515177019447943,0.6401569811244201,0.6377626038023209,2.2133708000183105,1.4888954348862171,0.9948267601430416,0.5674079060554504
1121,10.683600963718844,10.231872461736202,5.15237576328218,0.45172850198264136,5.531225200436664,0.6401545680448155,0.6377330566591561,2.16504093259573,1.4569616876542568,0.9741127490997314,0.5562603939324617
1122,10.588160779373501,10.194431245326996,5.04410550929606,0.39372953404650524,5.5440552700774415,0.6401524647887575,0.6377034409792947,2.1184196695685387,1.4261336997151375,0.9540925733745098,0.5454595666378736
1123,10.49335481019571,10.16529481858015,4.939111974090338,0.3280599916155591,5.554242836105372,0.6401507123315374,0.6376737708786744,2.0732544362545013,1.396246999502182,0.9346599690616131,0.5349505692720413
1124,10.399180498866237,10.141959879547358,4.836918925866485,0.2572206193188791,5.562261572999752,0.6401493382897675,0.6376440579429212,2.0293347537517548,1.3671662658452988,0.9157288819551468,0.5246890243142843
1125,10.305635288065872,10.122663620859385,4.737139027565718,0.1829716672064876,5.5684962605001544,0.6401483608770153,0.6376143117022134,1.9864939153194427,1.3387711718678474,0.8972353301942348,0.5146386101841927
1126,10.212716620475375,10.106199234724045,4.639450833201408,0.10651738575132974,5.573265787273966,0.6401477918738863,0.6375845399832643,1.9445909187197685,1.3109741732478142,0.8791168220341206,0.5047689191997051
1127,10.120421938775536,10.091729834675789,4.543590033426881,0.028692104099746985,5.576831905348655,0.6401476386040994,0.6375547492145391,1.9035078585147858,1.2837045826017857,0.8613225072622299,0.4950550850480795
1128,10.028748685647125,10.078673530369997,4.449341259896755,-0.04992484472287195,5.57940742575037,0.640147905296646,0.6375249446876922,1.8631501123309135,1.2569007463753223,0.8438132703304291,0.48547713086009026
1129,9.93769430377078,10.06663041189313,4.3565258383750916,-0.12893610812234968,5.581168465395688,0.6401485940579074,0.6374951307535821,1.823439821600914,1.2305116280913353,0.826556421816349,0.4760179668664932
1130,9.847256235827686,10.055336449295282,4.2649968061596155,-0.2080802134675963,5.5822594296680705,0.6401497055975092,0.6374653109916715,1.7843140289187431,1.2044944800436497,0.8095245808362961,0.46666371636092663
1131,9.757431924498219,10.044596809893847,4.17463444173336,-0.2871648853956277,5.5827974827648585,0.6401512395979654,0.6374354883555456,1.7457175999879837,1.1788161471486092,0.7926971651613712,0.4574035294353962
1132,9.668218812463147,10.034286230802536,4.085337370634079,-0.36606741833938905,5.582881441829068,0.6401531950863112,0.6374056652709205,1.7076078802347183,1.1534471064805984,0.7760549895465374,0.4482273943722248
1133,9.579614342403655,10.024319402873516,3.9970232639461756,-0.444705060469861,5.5825910784574795,0.6401555706475317,0.6373758437373817,1.669948361814022,1.1283633299171925,0.7595833390951157,0.4391282331198454
1134,9.491615957000107,10.01463197171688,3.9096259512007236,-0.5230160147167737,5.581990005799383,0.6401583645364992,0.6373460254147011,1.632709614932537,1.1035464704036713,0.7432704325765371,0.4300994332879782
1135,9.404221098933425,10.00518649816513,3.8230876438319683,-0.6009653992317059,5.581133455101456,0.6401615748217515,0.6373162116676119,1.5958668664097786,1.0789794847369194,0.727105513215065,0.4211357794702053
1136,9.317427210884375,9.995952900499105,3.7373613100498915,-0.6785256896147303,5.580065900834484,0.6401651994247943,0.6372864036232698,1.5593992546200752,1.0546490550041199,0.7110798731446266,0.41223312728106976
1137,9.231231735533745,9.986904729157686,3.6524090450257063,-0.755672993623941,5.578822690508039,0.6401692361395038,0.6372566022200086,1.5232895500957966,1.0305444709956646,0.6951870396733284,0.4033879842609167
1138,9.145632115562298,9.978034719824791,3.568198438733816,-0.8324026042624926,5.577433676828482,0.6401736827346121,0.6372268082366922,1.4875235967338085,1.0066557675600052,0.6794216576963663,0.39459741674363613
1139,9.06062579365082,9.969333186745644,3.4847028320655227,-0.908707393094824,5.575922961585297,0.6401785369407718,0.6371970223234359,1.4520911499857903,0.982979778200388,0.6637727376073599,0.3858591662719846
1140,8.976210212479948,9.960786905139685,3.4019000828266144,-0.9845766926597364,5.574310129653334,0.6401837964316514,0.6371672450257347,1.4169840142130852,0.9595130570232868,0.6482318509370089,0.37717116065323353
1141,8.892382814730853,9.952398296445608,3.3197711687535048,-1.0600154817147551,5.572611645977348,0.6401894589075152,0.6371374768011302,1.382189616560936,0.9362423792481422,0.6328071001917124,0.36853207275271416
1142,8.809141043083924,9.944161679595709,3.2382986275479198,-1.1350206365117845,5.570842415536005,0.6401955220519411,0.637107718027543,1.3477002270519733,0.9131626226007938,0.6174954120069742,0.35994036588817835
1143,8.726482340219933,9.936063829809427,3.157468931749463,-1.2095814895894943,5.56901340847047,0.6402019834915222,0.6370779690242926,1.3135097920894623,0.8902703411877155,0.6022935267537832,0.35139527171850204
1144,8.644404148820044,9.928110241889954,3.0772713012993336,-1.2837060930699096,5.5671328475207105,0.6402088408958656,0.6370482300667738,1.27961291000247,0.8675613440573215,0.5872007925063372,0.34289625473320484
1145,8.56290391156465,9.920946322381496,2.9976957011967897,-1.3580424108168465,5.56520821036786,0.6402160953959234,0.6370185013904364,1.246004831045866,0.8450341410934925,0.5722144152969122,0.334442313760519
1146,8.48197907113465,9.914654586464167,2.9187338426709175,-1.4326755153295174,5.563245228463732,0.6402237485770951,0.6369887832001134,1.2126816436648369,0.8226849138736725,0.5573343485593796,0.32603293657302856
1147,8.401627070210823,9.909148700535297,2.8403783217072487,-1.507521630324474,5.561248748503575,0.6402318015772571,0.6369590756747475,1.179640181362629,0.8005118928849697,0.5425584968179464,0.3176677506417036
1148,8.321845351473947,9.90419490262866,2.7626210125163198,-1.5823495511547137,5.559224338957627,0.6402402542992184,0.6369293789635352,1.1468758806586266,0.7785129360854626,0.5278857424855232,0.3093464532867074
1149,8.242631357604795,9.899648278951645,2.6854563737288117,-1.65701692134685,5.557174983875983,0.6402491058853367,0.6368996931997324,1.1143863201141357,0.7566864136606455,0.5133149214088917,0.30106871854513884
1150,8.163982531284143,9.895406849682331,2.6088794227689505,-1.7314243183981883,5.555103108515192,0.6402583549468666,0.6368700185036399,1.08216917142272,0.7350302767008543,0.4988457541912794,0.2928342204540968
1151,8.085896315192766,9.891398809850216,2.5328856194391847,-1.8055024946574498,5.553010695753581,0.64026799972515,0.6368403549849659,1.0502212680876255,0.7135438732802868,0.48447749577462673,0.28464298229664564
1152,8.008370152011446,9.887585882097483,2.4574710056185722,-1.8792157300860364,5.550899146392874,0.6402780382707167,0.6368107027459361,1.018541306257248,0.6922254338860512,0.4702091682702303,0.27649509720504284
1153,7.93140148442083,9.883935004472733,2.3826298071071506,-1.9525335200519027,5.548771677313679,0.6402884684711444,0.6367810618715914,0.9871260263025761,0.6710738409310579,0.45604011975228786,0.2683898201212287
1154,7.854987755102061,9.88043313845992,2.3083603708073497,-2.0254453833578596,5.546627384294712,0.6402992881580213,0.6367514324518035,0.9559744037687778,0.6500878371298313,0.44197035022079945,0.2603277796879411
1155,7.779126406735559,9.877087734639645,2.234657551161945,-2.097961327904086,5.544468855573614,0.6403104952163968,0.6367218145626178,0.9250950999557972,0.6292537320405245,0.4280060064047575,0.2523027127608657
1156,7.703814882002083,9.874148573726416,2.1615183213725686,-2.1703336917243323,5.542296560629515,0.64032208887928,0.6366922082775717,0.8944768458604813,0.6085813976824284,0.41414047591388226,0.24431960191577673
1157,7.629050623582788,9.871515724807978,2.0889380713924766,-2.2424651012251893,5.540112552190312,0.6403340678595216,0.6366626136592373,0.864114798605442,0.588071858510375,0.40037166327238083,0.23637975100427866
1158,7.5548310741580815,9.869115427136421,2.0169158931821585,-2.3142843529783397,5.537915180975923,0.6403464304896124,0.636633030778997,0.8340077474713326,0.5677252542227507,0.3866996616125107,0.22848322987556458
1159,7.481153676408857,9.866901021450758,1.9454471534118056,-2.385747345041901,5.535706522997051,0.6403591748664555,0.6366034596971434,0.8041536435484886,0.5475397687405348,0.373123656027019,0.2206300850957632
1160,-3.0116035714285667,9.30275097489357,1.5952666872180998,-12.314354546322136,-4.6068702586466665,0.6404249566749295,0.6366280690468157,0.655978498980403,0.4474848508834839,0.30752760358154774,0.18427573377266526
1161,-9.541981388671875,8.617781661450863,1.3081186916679144,-18.159763050122738,-10.85010008033979,0.6405219639561801,0.6366860289831423,0.5355010740458965,0.3661512164399028,0.2530226716771722,0.1534437295049429
1162,-9.386643921875054,8.230660110712051,1.072657317854464,-17.617304032587107,-10.459301239729518,0.6406160734862687,0.6367419013188246,0.438535213470459,0.30029090121388435,0.20753489807248116,0.12629630509763956
1163,-9.224345775390626,8.024812396615744,0.87957902578637,-17.249158172006368,-10.103924801176996,0.6407082164252217,0.6367958752760958,0.3592189634218812,0.24627167731523514,0.1702144625596702,0.10387392248958349
1164,-9.05527012499995,7.923169806599617,0.7212547934614122,-16.978439931599567,-9.776524918461362,0.6407989132197282,0.6368481003023696,0.29430980794131756,0.20196638070046902,0.13959812931716442,0.0853804755024612
1165,-8.879600146484377,7.879712153226137,0.5914289155043662,-16.759312299710516,-9.471029061988743,0.6408884394606454,0.6368986934063332,0.24117128923535347,0.1656296430155635,0.11448374716565013,0.07014423608779907
1166,-8.697519015625,7.868397794663906,0.48497170209884644,-16.565916810288904,-9.182490717723846,0.6409769326059995,0.6369477451729877,0.19765561446547508,0.1358290552161634,0.09388416656292975,0.05760286585427821
1167,-8.509209908203125,7.874858099967241,0.3976768028223887,-16.384068008170367,-8.906886711025514,0.6410644543368124,0.6369953246960167,0.16201119869947433,0.11138998670503497,0.07698856643401086,0.04728705098386854
1168,-8.314856000000026,7.891287095844746,0.3260949772084132,-16.206143095844773,-8.640950977208439,0.6411510256140338,0.637041483622177,0.13280786806717515,0.09134673746302724,0.06313225603662431,0.03880811564158648
1169,-8.114640466796875,7.91345564648509,0.26739788881968707,-16.028096113281965,-8.382038355616562,0.6412366457855792,0.6370862594680938,0.10887749958783388,0.07490936550311744,0.05176877020858228,0.03184225352015346
1170,-7.908746484374979,7.939083501696587,0.21926626504864544,-15.847829986071567,-8.128012749423625,0.6413213029970433,0.6371296783396185,0.08926543523557484,0.06142821512185037,0.04245151940267533,0.026121095288544893
1171,-7.697357228515625,7.9669347032904625,0.17979833646677434,-15.664291931806087,-7.8771555649824,0.6414049797701833,0.6371717571620811,0.07319020805880427,0.05037311348132789,0.034810559009201825,0.021424455917440355
1172,-7.48065587500002,7.996340934187174,0.1474346368922852,-15.476996809187193,-7.628090511892305,0.6414876560351896,0.6372125055088327,0.06001319852657616,0.041307127685286105,0.028544737142510712,0.01756957353791222
1173,-7.258825599609394,8.02693348377943,0.12089640076737851,-15.285759083388825,-7.3797220003767725,0.6415693107311479,0.637251927100715,0.04921062500216067,0.03387275792192668,0.02340641221962869,0.014406605623662472
1174,-7.032049578124982,8.058513887226582,0.09913504982250743,-15.090563465351565,-7.13118462794749,0.6416499227154713,0.6372900210356933,0.04035380552522838,0.02777660556603223,0.019192606850992888,0.011812031880253926
1175,-6.800510986328107,8.090976905077696,0.08129074049065821,-14.891487891405802,-6.8818017268187655,0.6417294712618997,0.6373267827970546,0.0330918439431116,0.022777733101975173,0.015737130888737738,0.0096840325568337
1176,-6.564393,8.124256134033203,0.06665840555797331,-14.688649134033202,-6.631051405557973,0.6418079362679576,0.6373622050802039,0.0271372904535383,0.018678599735721946,0.012903589231427759,0.007938926137285307
1177,-6.3238787949218755,8.158313948661089,0.05465989306685515,-14.482192743582964,-6.378538687988731,0.6418852984086819,0.6373962784706312,0.022254607756622136,0.015317132056225091,0.010580199159448966,0.006507954094558954
1178,-6.079151546875016,8.193129487335682,0.04482111253309995,-14.272281034210698,-6.123972659408116,0.6419615392261724,0.6374289919997946,0.018250755965709686,0.012560360482893884,0.008675366552779451,0.005334629531716928
1179,-5.8303944316406255,8.228687103837729,0.03675331281556282,-14.059081535478354,-5.867147744456188,0.6420366411574516,0.6374603336009936,0.014967549941502512,0.01029973427648656,0.007113412721082568,0.0043726158764911816
1180,-5.5777906250000004,8.264982979744673,0.030137716021272354,-13.842773604744673,-5.607928341021273,0.6421105875976479,0.6374902904831572,0.012275250628590584,0.008445971616310999,0.005832608076161705,0.0035838857002090663
1181,-5.321523302734375,8.30200482159853,0.024712927734071855,-13.623528124332905,-5.346236230468447,0.6421833628547223,0.6375188494373798,0.010067325638374314,0.006925845082150772,0.004782409450854175,0.0029373475626925938
1182,-5.061775640624987,8.339745178818703,0.020264600425434764,-13.40152081944369,-5.0820402410504215,0.642254952175339,0.6375459970882401,0.008256592991529033,0.005679320020135492,0.003921293682651594,0.0024073937311186455
1183,-4.798730814453132,8.378201629966497,0.01661697224335512,-13.17693244441963,-4.8153477866964876,0.6423253417717302,0.6375717200999211,0.006771586777176708,0.004657144745578989,0.003215224205632694,0.00197301651496673
1184,-4.532572,8.417369611561298,0.013625917199533433,-12.949941611561298,-4.5461979171995335,0.6423945188102534,0.6375960053452053,0.005553697337745689,0.003818944242084399,0.002636284989421256,0.0016169906302820891
1185,-4.263482373046881,8.457241579890251,0.011173252278240398,-12.720723952937131,-4.2746556253251216,0.6424624713954721,0.6376188400440586,0.004554869883577339,0.003131603079964407,0.0021615884179482237,0.0013251908967504278
1186,-3.9916451093750047,8.497816976159811,0.009162066908174893,-12.489462085534816,-4.00080717628318,0.6425291886074674,0.6376402118772652,0.0037356923712650314,0.002567972660472151,0.001772365067154169,0.0010860368092835415
1187,-3.7172433847656157,8.539084810763597,0.007512894899264211,-12.256328195529214,-3.72475627966488,0.6425946604461188,0.6376601090796138,0.003063860276597552,0.002105782550643198,0.001453224649594631,0.0008900274224288296
1188,-3.4404603750000002,8.581037167459726,0.006160573684610426,-12.021497542459727,-3.4466209486846107,0.6426588778475208,0.6376785205163055,0.0025128787456196733,0.001726772461552173,0.001191551382362377,0.0007293710950762033
1189,-3.1614792558593745,8.62368131056428,0.005051670405009645,-11.785160566423654,-3.166530926264384,0.6427218327650766,0.6376954357456124,0.0020609857529052533,0.0014159785678202752,0.0009769955795491114,0.0005977105047350051
1190,-2.8804832031250003,8.66700392216444,0.004142369789406075,-11.54748712528944,-2.8846255729144064,0.6427835180595493,0.637710845070254,0.0016903597497730516,0.0011611233276198618,0.0008010732017282862,0.0004898135102848755
1191,-2.5976553925781265,8.711004257202148,0.003396743250050349,-11.308659649780274,-2.601052135828177,0.6428439275662254,0.6377247395795266,0.001386385065416107,0.0009521389074507169,0.00065682743297657,0.0004013918442069553
1192,-2.313178999999996,8.755665086209774,0.002785329502330569,-11.06884408620977,-2.3159643295023264,0.6429030560068569,0.6377371111838508,0.0011370751963113435,0.0007807680049154442,0.0005385556505643763,0.0003289306505394052
1193,-2.0272372011718764,8.800994977355003,0.002283970115968259,-10.82823217852688,-2.0295211712878447,0.6429608991274687,0.6377479526430991,0.0009325984137831256,0.0006402417056960985,0.00044158018681628164,0.0002695498096727533
1194,-1.7400131718750007,8.846824616193771,0.0018728555005509406,-10.586837788068772,-1.7418860273755516,0.6430174527481315,0.6377572575898266,0.0007648926839465275,0.0005250077265372965,0.00036206688491802197,0.00022088820514909457
1195,-1.4516900878906214,8.892002049833536,0.0015357415236394445,-10.343692137724158,-1.4532258294142608,0.6430727075138245,0.6377650205483171,0.0006273451617744286,0.00043051427383034024,0.000296870985039277,0.0001810111029953987
1196,-1.1624511250000045,8.936961740255356,0.0012593080555234337,-10.09941286525536,-1.163710433055528,0.643126657368874,0.6377712369502031,0.0005145324394106865,0.0003530295089149149,0.0002434140242257854,0.00014833208297204692
1197,-0.8724794589843767,8.98201446980238,0.0010326325764253852,-9.854493928786756,-0.8735120915608021,0.6431792988962713,0.6377759031472734,0.00042200649659207556,0.00028949343686690554,0.00019958113171014702,0.00012155151125625707
1198,-0.5819582656249979,9.02732964605093,0.0008467587235827523,-9.609287911675928,-0.5828050243485806,0.6432306305624662,0.6377790164219761,0.0003461191681708442,0.0002373921915932442,0.0001636414140193665,9.960594979929738e-05
1199,-0.29107072070312395,9.07300328835845,0.0006943421624328039,-9.364074009061573,-0.29176506286555676,0.6432806523253352,0.6377805749960299,0.0002838780346792191,0.00019466783669486176,0.00013417371746982099,8.162257358890201e-05
1200,0.0,9.119091369211674,0.0005693605658052547,-9.119091369211674,-0.0005693605658052547,0.6433293654202562,0.6377805780374859,0.00023282948404812487,0.00015963267969709705,0.00011001242228303454,6.688597977699828e-05
