time_s,demand_kw,raw_fc_kw,safe_fc_kw,raw_batt_kw,safe_batt_kw,raw_soc,safe_soc,safe_stack_1_kw,safe_stack_2_kw,safe_stack_3_kw,safe_stack_4_kw
0,0.0,4.90310532040894,0.0,-4.90310532040894,0.0,0.6500261918019253,0.65,0.0,0.0,0.0,0.0
1,0.0,6.349242804571986,0.0,-6.349242804571986,0.0,0.650060108697249,0.65,0.0,0.0,0.0,0.0
2,0.0,6.932871323078871,0.0,-6.932871323078871,0.0,0.6500971432662825,0.65,0.0,0.0,0.0,0.0
3,0.0,7.195810228586197,0.0,-7.195810228586197,0.0,0.6501355824234866,0.65,0.0,0.0,0.0,0.0
4,0.0,7.3172954842448235,0.0,-7.3172954842448235,0.0,0.6501746705403896,0.65,0.0,0.0,0.0,0.0
5,0.0,7.373306527733803,0.0,-7.373306527733803,0.0,0.6502140578615847,0.65,0.0,0.0,0.0,0.0
6,0.0,7.398446090519428,0.0,-7.398446090519428,0.0,0.6502535794753161,0.65,0.0,0.0,0.0,0.0
7,0.0,7.4089013040065765,0.0,-7.4089013040065765,0.0,0.6502931569395469,0.65,0.0,0.0,0.0,0.0
8,0.0,7.412342261523008,0.0,-7.412342261523008,0.0,0.650332752784961,0.65,0.0,0.0,0.0,0.0
9,0.0,7.412434183061123,0.0,-7.412434183061123,0.0,0.6503723491214091,0.65,0.0,0.0,0.0,0.0
10,0.0,7.410926464945078,0.0,-7.410926464945078,0.0,0.6504119374038073,0.65,0.0,0.0,0.0,0.0
11,0.0,7.408650126308203,0.0,-7.408650126308203,0.0,0.650451513526277,0.65,0.0,0.0,0.0,0.0
12,0.0,7.406012248247862,0.0,-7.406012248247862,0.0,0.6504910755575176,0.65,0.0,0.0,0.0,0.0
13,0.0,7.40320049226284,0.0,-7.40320049226284,0.0,0.6505306225686942,0.65,0.0,0.0,0.0,0.0
14,0.0,7.400310970842838,0.0,-7.400310970842838,0.0,0.6505701541443931,0.65,0.0,0.0,0.0,0.0
15,0.0,7.397381030023098,0.0,-7.397381030023098,0.0,0.6506096700686989,0.65,0.0,0.0,0.0,0.0
16,0.0,7.394439727067947,0.0,-7.394439727067947,0.0,0.6506491702809161,0.65,0.0,0.0,0.0,0.0
17,0.0,7.3914905078709126,0.0,-7.3914905078709126,0.0,0.6506886547387573,0.65,0.0,0.0,0.0,0.0
18,0.0,7.388540450483561,0.0,-7.388540450483561,0.0,0.6507281234377449,0.65,0.0,0.0,0.0,0.0
19,0.0,7.385588996112347,0.0,-7.385588996112347,0.0,0.6507675763704164,0.65,0.0,0.0,0.0,0.0
20,0.0,7.382639870047569,0.0,-7.382639870047569,0.0,0.6508070135492093,0.65,0.0,0.0,0.0,0.0
21,7.24164883849806,7.557538524270058,0.0,-0.3158896857719977,7.24164883849806,0.6508087009941119,0.6499613159784269,0.0,0.0,0.0,0.0
22,36.001505830924366,8.895166870206594,5.041385814547539,27.10633896071777,30.960120016376827,0.6506639021748774,0.6497959307219291,2.045965753495693,1.424446515738964,0.9759870357811451,0.5949865095317364
23,48.077150870981924,10.394892562180758,11.353700701147318,37.68225830880117,36.72345016983461,0.6504626080599799,0.6495997584453809,4.684801027178764,3.2180305570364,2.191426418721676,1.2594426982104778
24,45.13431178049158,11.1981101334095,16.005738638341427,33.93620164708208,29.128573142150152,0.6502813249315232,0.6494441570931258,6.708218902349472,4.5403167605400085,3.060055524110794,1.6971474513411522
25,55.54140329324636,12.497054133564234,21.69816642999649,43.04434915968213,33.84323686324987,0.6500513871689181,0.6492633705714204,9.185557812452316,6.183409318327904,4.114045575261116,2.2151537239551544
26,43.74105565582074,12.628908921033144,24.247101694345474,31.112146734787594,19.493953961475263,0.6498851898038818,0.649159236201968,10.394367575645447,6.909912824630737,4.565824568271637,2.376996725797653
27,6.53772101656242,10.604189988225698,19.882623851299286,-4.066468971663278,-13.344902834736866,0.6499069123945423,0.6492305230760852,8.646558970212936,5.643137916922569,3.6991771310567856,1.8937498331069946
28,-3.4944439577351005,8.969863876700401,16.303751431405544,-12.464307834435502,-19.798195389140645,0.6499734952355383,0.6493362826668392,7.045935094356537,4.604090750217438,3.0475279316306114,1.6061976552009583
29,-3.4944439577351325,8.067624736577272,13.369075581431389,-11.562068694312405,-16.86351953916652,0.6500352584230079,0.6494263655703604,5.72194866836071,3.7623167037963867,2.520221844315529,1.3645883649587631
30,-3.3053839327082875,7.612247485667467,10.962642263621092,-10.917631418375755,-14.26802619632938,0.6500935791036616,0.649502583659016,4.6530380845069885,3.076067194342613,2.0814964547753334,1.1520405299961567
31,-0.2717404516202975,7.463180273771286,8.98936651647091,-7.734920725391584,-9.261106968091207,0.6501348981246305,0.649552055384273,3.7894662469625473,2.519018016755581,1.7155366018414497,0.9653456509113312
32,-0.27980430338990514,7.389719784259796,7.371280621737242,-7.669524087649702,-7.651084925127147,0.6501758678045859,0.6495929265644286,3.0835960060358047,2.0644085481762886,1.4142262749373913,0.8090497925877571
33,5.350143724390533,7.490740716457367,6.044450169429183,-2.1405969920668335,-0.6943064450386496,0.6501873026175777,0.6495966354663786,2.5128766894340515,1.6946442425251007,1.1637006886303425,0.6732285488396883
34,34.92716844119055,8.78575537353754,9.814956597983837,26.141413067653012,25.112211843206715,0.6500476583170026,0.6494624890355922,4.063886404037476,2.7751708403229713,1.8898112699389458,1.0860880836844444
35,74.60484681752247,12.119426392018795,20.05261778831482,62.485420425503676,54.55222902920765,0.6497138686779775,0.6491710775557353,8.368044346570969,5.709180235862732,3.842400014400482,2.1329931914806366
36,83.70936069952502,15.477114263921976,30.094706267118454,68.23224643560305,53.61465443240657,0.6493493801820609,0.6488846744871861,12.760867178440094,8.588951081037521,5.717082694172859,3.0278053134679794
37,51.89365604676506,15.753558371216059,32.610638812184334,36.140097675549,19.283017234580726,0.6491563241047342,0.6487816669164885,14.059785008430481,9.26155373454094,6.136751547455788,3.152548521757126
38,-4.405064613817652,12.48560082167387,26.740723475813866,-16.89066543549152,-31.145788089631516,0.6492465520183853,0.6489480439896169,11.6501584649086,7.580718398094177,4.990147426724434,2.5196991860866547
39,-8.51783519700297,9.963521640747786,21.927393227815628,-18.481356837750756,-30.4452284248186,0.6493452772151682,0.6491106787568435,9.564512223005295,6.218251958489418,4.076417908072472,2.0682111382484436
40,-3.1640930366189792,8.58983714133501,17.980462685227394,-11.75393017795399,-21.144555721846373,0.6494080653037256,0.6492236304433918,7.8003957867622375,5.090516060590744,3.346589580178261,1.7429612576961517
41,-3.1287132816133316,7.856609579175711,14.743979554623365,-10.985322860789042,-17.8726928362367,0.6494667475839649,0.6493191042299101,6.344104558229446,4.157141223549843,2.7642160654067993,1.4785177074372768
42,-11.982371229415106,7.2915904223918915,12.090063281357288,-19.273961651807,-24.072434510772396,0.6495697067808229,0.6494476962946044,5.142742767930031,3.3924799412488937,2.2918380796909332,1.2630024924874306
43,-34.76945154758217,6.817218009382486,9.91385169327259,-41.58666955696466,-44.68330324085476,0.6497918577934135,0.6496863891537971,4.179244115948677,2.7535511180758476,1.905146986246109,1.075909473001957
44,-35.89696437031669,6.616558087989688,8.129358198493719,-42.513522458306376,-44.02632256881041,0.6500189599432976,0.6499215725008527,3.409269079566002,2.248424105346203,1.5706326812505722,0.9010323323309422
45,-24.109639341462774,6.580863520503044,6.66607404127717,-30.69050286196582,-30.775713382739944,0.6501829049372184,0.6500859726791793,2.773889899253845,1.851407065987587,1.2897484004497528,0.7510286755859852
46,-15.532263842383193,6.639150157570839,5.466180527582765,-22.171413999954034,-20.99844436996596,0.6503013419778164,0.6501981438563693,2.2600747644901276,1.522383838891983,1.0595215484499931,0.6242003757506609
47,-6.276935656943642,6.846930785104632,4.482268122956157,-13.123866442048275,-10.7592037798998,0.6503714481019727,0.6502556182355355,1.845291256904602,1.251960825175047,0.8696497417986393,0.5153662990778685
48,-0.8484794284524616,7.062726560980082,3.675459837540984,-7.911205989432543,-4.523939265993445,0.6504137088177282,0.6502797845777684,1.5072855167090893,1.0278922505676746,0.71445656940341,0.4258255008608103
49,-3.8491485238764604,7.089498173445463,3.013877081684768,-10.938646697321923,-6.863025605561228,0.6504721417594874,0.6503164460393366,1.2304927222430706,0.8418041281402111,0.5880233366042376,0.35355689469724894
50,-3.1361007834626955,7.117370516061783,2.4713792139664292,-10.253471299524477,-5.607479997429125,0.6505269145762583,0.6503464005265024,1.0058186016976833,0.6901953369379044,0.48323413357138634,0.2921311417594552
51,0.0,7.2032262571156025,2.0265309140086174,-7.2032262571156025,-2.0265309140086174,0.6505653933489993,0.6503572260121542,0.8229358121752739,0.56646135635674,0.39660208858549595,0.24053165689110756
52,0.0,7.241707760840654,1.6617553541436791,-7.241707760840654,-1.6617553541436791,0.6506040776853286,0.6503661029104135,0.6732792593538761,0.4646496847271919,0.32556403893977404,0.19826237112283707
53,0.0,7.258265092968941,1.3626394211314619,-7.258265092968941,-1.3626394211314619,0.6506428504689449,0.6503733819671503,0.5510502029210329,0.38111668545752764,0.26719660963863134,0.16327592311426997
54,0.0,7.264554034918547,1.1173643288202584,-7.264554034918547,-1.1173643288202584,0.6506816568473366,0.6503793507936931,0.4510916769504547,0.3126473166048527,0.2192182932049036,0.1344070420600474
55,0.0,7.2660149075090885,0.9162387461401522,-7.2660149075090885,-0.9162387461401522,0.6507204710295348,0.6503842452314396,0.369358086027205,0.2564494265243411,0.17981802811846137,0.11061320547014475
56,0.0,7.265208940953016,0.7513157557696104,-7.265208940953016,-0.7513157557696104,0.6507592809063562,0.6503882586703058,0.30252542346715927,0.21031955257058144,0.14748863177374005,0.09098214795812964
57,0.0,7.263342197984457,0.6160789227578789,-7.263342197984457,-0.6160789227578789,0.6507980808112599,0.6503915496901923,0.24784754496067762,0.17248732037842274,0.12095512356609106,0.07478893385268748
58,0.0,7.260968815535307,0.5051847198046744,-7.260968815535307,-0.5051847198046744,0.6508368680378386,0.650394248326516,0.2031072974205017,0.14146434841677547,0.0991732464171946,0.06143982755020261
59,0.0,7.258366979658604,0.41425147210247815,-7.258366979658604,-0.41425147210247815,0.6508756413657214,0.6503964612083115,0.16644326969981194,0.11602547019720078,0.08132162038236856,0.05046111182309687
60,0.0,7.255654688924551,0.3396862040972337,-7.255654688924551,-0.3396862040972337,0.6509144002048717,0.6503982757713676,0.1364086987450719,0.09516211575828493,0.06668338319286704,0.04143200640100986
61,0.0,7.252892106771469,0.27854268555529416,-7.252892106771469,-0.27854268555529416,0.6509531442866386,0.6503997637130638,0.1118092448450625,0.07804736960679293,0.05467705777846277,0.03400901332497597
62,0.0,7.250110153108835,0.22840500168967992,-7.250110153108835,-0.22840500168967992,0.650991873507542,0.6504009838252524,0.0916526245418936,0.06400898564606905,0.04483227676246315,0.027911114739254117
63,6.122518173538059,7.395514566451311,0.18729210714809597,-1.2729963929132522,5.935226066389963,0.6509986737019485,0.6503692785578037,0.0752676569391042,0.052593793952837586,0.036654670839197934,0.022775985416956246
64,31.859820093340485,8.54576276615262,4.4377116952091455,23.314057327187864,27.42210839813134,0.6508741327974229,0.6502227929360188,1.801200583577156,1.253186259418726,0.8586019277572632,0.5247229244560003
65,81.50390052506815,12.409080378711224,16.86321012675762,69.09482014635692,64.64069039831053,0.6505050365359574,0.6498774901026945,6.958539038896561,4.797009378671646,3.2554619014263153,1.8521998077630997
66,95.56006911063055,16.63057841360569,29.5921728014946,78.92949069702486,65.96789630913595,0.6500834046412083,0.6495250974942055,12.482720613479614,8.448868244886398,5.636432766914368,3.024151176214218
67,106.2615771873783,21.242620050907135,41.96634329855442,85.01895713647116,64.29523388882387,0.6496292435453938,0.6491816400482182,17.915232479572296,11.92028820514679,7.908137887716293,4.222684726119041
68,109.94156221701975,25.97740087658167,52.785449847579,83.96416134043808,57.15611236944075,0.6491807170425068,0.6488763189351336,22.659549117088318,14.996257424354553,9.923183917999268,5.206459388136864
69,105.87175279506533,30.345838330686092,60.933348163962364,75.52591446437924,44.93840463110297,0.648777266644727,0.6486362633548393,26.2327641248703,17.375631630420685,11.36353313922882,5.961419269442558
70,74.45157403057279,32.24209751933813,61.965903267264366,42.209476511234655,12.48567076330842,0.6485517886719105,0.6485695663956336,26.868396997451782,17.728392779827118,11.431076377630234,5.938037112355232
71,-4.879281531939349,29.347253404557705,50.81204026937485,-34.22653493649705,-55.691321801314196,0.6487346227260585,0.6488670627727774,22.175833582878113,14.61232304573059,9.26586389541626,4.758019745349884
72,-38.379156432177055,25.761773250997066,41.66587218642235,-64.14092968317412,-80.0450286185994,0.649077255897443,0.6492946537376203,18.19561868906021,12.006790935993195,7.5865015387535095,3.8769610226154327
73,-78.62740862611805,21.027601324021816,34.166016057133675,-99.65500995013987,-112.79342468325173,0.6496096010360656,0.6498971827156291,14.896388351917267,9.742932766675949,6.329350173473358,3.1973447650671005
74,-71.63271449382475,16.022960655391216,28.01613360643387,-87.65567514921597,-99.64884810025862,0.6500778471639994,0.650429494938387,12.261714786291122,7.918373495340347,5.203114449977875,2.632930874824524
75,-31.268355351226166,11.904710531234741,22.973228991031647,-43.173065882460904,-54.24158434225781,0.6503084725159356,0.6507192469914973,10.043758153915405,6.506131589412689,4.259166121482849,2.164173126220703
76,14.945704946186666,10.45781709253788,20.067561604082584,4.487887853648786,-5.121856657895918,0.6502844987560337,0.650746607336892,8.724581450223923,5.709950625896454,3.719599172472954,1.913430355489254
77,88.93646390172712,14.444304630160332,31.002461537718773,74.49215927156679,57.93400236400835,0.6498865705547967,0.6504371308285373,13.145996630191803,8.851304650306702,5.8835867792367935,3.1215734779834747
78,109.5050355023879,19.502288848161697,43.6803363263607,90.0027466542262,65.8246991760272,0.6494057866517292,0.6500855031619986,18.665163218975067,12.388591468334198,8.232981711626053,4.3935999274253845
79,119.11040314011524,24.947757832705975,55.815285071730614,94.16264530740926,63.295118068384625,0.6489027810678221,0.6497473882150522,23.933009803295135,15.858285129070282,10.50165668129921,5.522333458065987
80,122.66287035335517,30.660460889339447,66.41512587666512,92.00240946401573,56.24774447669006,0.6484113152053006,0.649446919494557,28.50523591041565,18.925075232982635,12.431498616933823,6.553316116333008
81,117.93779415473273,35.73776260018349,74.26513656973839,82.20003155454924,43.67265758499434,0.6479722124726374,0.6492136253835261,31.837764382362366,21.17503434419632,13.91618400812149,7.336153835058212
82,100.84010083427191,38.812027126550674,77.63127908110619,62.028073707721234,23.208821753165722,0.6476408659250534,0.6490896466348447,33.32480192184448,22.12011069059372,14.547555148601532,7.638811320066452
83,74.01430305686871,39.95187096297741,75.56644156575203,34.0624320938913,-1.552138508883317,0.6474589084886544,0.6490979379730332,32.545679807662964,21.55752182006836,14.104308187961578,7.358931750059128
84,53.24186965763015,39.84147235751152,70.13399824500084,13.400397300118627,-16.892128587370692,0.6473873251697435,0.6491881737026666,30.30092716217041,20.039881765842438,13.02141398191452,6.771775335073471
85,55.367405515366016,39.86074849963188,66.05939194560051,15.506657015734135,-10.691986430234493,0.6473044904634628,0.649245289014794,28.63214612007141,18.901854753494263,12.197781354188919,6.327609717845917
86,66.4348357126157,40.48283323645592,64.70870897173882,25.952002476159777,1.7261267408768788,0.647165857971603,0.6492360682522893,28.08014154434204,18.51058155298233,11.931044608354568,6.1869412660598755
87,55.966123516978435,40.473708510398865,61.717043071985245,15.49241500657957,-5.75091955500681,0.6470830993444311,0.6492667889764079,26.82325839996338,17.668548226356506,11.349369585514069,5.875866860151291
88,45.5342269614583,39.89657275378704,57.38525278866291,5.637654207671261,-11.851025827204609,0.6470529836702448,0.6493300957383054,24.983052909374237,16.449111700057983,10.518825054168701,5.434263125061989
89,47.3321183773163,39.46930021047592,54.154982045292854,7.862818166840377,-6.822863667976556,0.6470109814364475,0.6493665426596087,23.59166592359543,15.534970164299011,9.910280257463455,5.118065699934959
90,18.66105657976973,37.42500655353069,46.344318985939026,-18.763949973760962,-27.683262406169295,0.6471112162119483,0.6495144233348553,20.22201716899872,13.335002958774567,8.443955332040787,4.343343526124954
91,4.325525680996446,34.714481234550476,38.002342358231544,-30.38895555355403,-33.676816677235095,0.6472735503762301,0.6496943208598406,16.580556333065033,10.921719670295715,6.950979679822922,3.5490866750478745
92,-11.970648690682484,31.359929032623768,31.161921098828316,-43.33057772330625,-43.1325697895108,0.6475050171375726,0.649924729886494,13.568952679634094,8.906286209821701,5.773088708519936,2.913593500852585
93,-69.42264658361461,27.398587204515934,25.552775338292122,-96.82123378813054,-94.97542192190673,0.6480222245830219,0.6504320772258204,11.200010031461716,7.189381867647171,4.751799255609512,2.411584183573723
94,-120.0,22.742787934839725,20.95327563583851,-142.74278793483973,-140.9532756358385,0.6487847394758363,0.6511850327580632,9.144937247037888,5.7926245033741,3.944801911711693,2.0709119737148285
95,-120.0,17.86689255386591,17.181685753166676,-137.8668925538659,-137.18168575316668,0.6495212079189658,0.6519178409084541,7.435515522956848,4.72564771771431,3.2625455409288406,1.757976971566677
96,-76.13367753089636,13.05316723883152,14.088981971144676,-89.18684476972788,-90.22265950204104,0.6499976333717956,0.6523997995596402,6.030460819602013,3.8950208574533463,2.6824980974197388,1.4810021966695786
97,-24.77040917303887,9.831351693719625,11.552965361624956,-34.6017608667585,-36.32337453466383,0.6501824718379642,0.6525938346800177,4.900801554322243,3.23396697640419,2.192380279302597,1.2258165515959263
98,-3.8285628824066955,8.396896813064814,9.47343185544014,-12.225459695471509,-13.301994737846835,0.6502477787807819,0.6526648923442157,4.009468108415604,2.658124454319477,1.7944399267435074,1.0113993659615517
99,-0.308849300834469,7.733536418527365,7.768214121460915,-8.042385719361834,-8.077063422295383,0.650290740242958,0.6527080390505313,3.2646209001541138,2.1789781749248505,1.4784619212150574,0.846153125166893
100,0.0,7.413182593882084,6.369935488328338,-7.413182593882084,-6.369935488328338,0.650330340577327,0.6527420664836955,2.6581671088933945,1.786087267100811,1.2181689031422138,0.7075122091919184
101,0.0,7.259086333215237,5.223347153514624,-7.259086333215237,-5.223347153514624,0.6503691177479104,0.6527699689791736,2.166086621582508,1.464039832353592,1.0031402111053467,0.590080488473177
102,0.0,7.185378018766642,4.283144557848573,-7.185378018766642,-4.283144557848573,0.6504075011774978,0.6527928490248887,1.7665635794401169,1.200135238468647,0.8255623281002045,0.4908834118396044
103,0.0,7.149633765220642,3.5121785942465067,-7.149633765220642,-3.5121785942465067,0.6504456936655598,0.6528116106626785,1.4421172440052032,0.9837216697633266,0.6791667081415653,0.4071729723364115
104,0.0,7.131629716604948,2.8799864696338773,-7.131629716604948,-2.8799864696338773,0.6504837899781485,0.6528269952057855,1.1780702508985996,0.8063811808824539,0.558438478037715,0.3370965598151088
105,0.0,7.121861260384321,2.3615889251232147,-7.121861260384321,-2.3615889251232147,0.6505218341088129,0.6528396105312402,0.9629451669752598,0.6610495038330555,0.4589577205479145,0.27863653376698494
106,0.0,7.1159184910357,1.936502824537456,-7.1159184910357,-1.936502824537456,0.6505598464939146,0.6528499550976106,0.7875132374465466,0.5419372580945492,0.37704864516854286,0.23000368382781744
107,0.0,7.111743185669184,1.5879323706030846,-7.111743185669184,-1.5879323706030846,0.6505978365750347,0.6528584376423253,0.6443005055189133,0.4444886464625597,0.30953765381127596,0.18960556481033564
108,0.8149443020362245,7.127673644572496,1.302104548085481,-6.312729342536272,-0.48716024604925645,0.6506315584198131,0.6528610399940671,0.5274123046547174,0.3646750934422016,0.2539770444855094,0.15604010550305247
109,2.9250019879380593,7.183776330202818,1.0677257319912314,-4.258774342264759,1.8572762559468279,0.6506543082827526,0.652851118646546,0.4320460371673107,0.29926367569714785,0.20822877995669842,0.12818723917007446
110,7.4172107577618265,7.344097923487425,0.8755350951105356,0.07311283427440163,6.541675662651291,0.6506539177227405,0.6528161737979207,0.35421911161392927,0.24571481626480818,0.17056395299732685,0.10503721423447132
111,31.049682707641292,8.427131082862616,4.785775812342763,22.622551624778676,26.26390689529853,0.650533070758933,0.6526758751499757,1.9512837752699852,1.3503293506801128,0.9241350926458836,0.5600275937467813
112,82.5297703012815,12.327275611460209,17.26263053715229,70.2024946898213,65.26713976412921,0.6501580574325985,0.652327225899099,7.133832573890686,4.913104698061943,3.3260412514209747,1.8896520137786865
113,111.29748096613277,17.663204111158848,32.68187940120697,93.63427685497392,78.6156015649258,0.6496578743297406,0.6519072707625342,13.771139085292816,9.331409633159637,6.228594854474068,3.350735828280449
114,133.9353557866287,24.223953299224377,49.412574991583824,109.71140248740431,84.52278079504487,0.6490718091455131,0.6514557601813641,21.064388751983643,13.990037143230438,9.349730610847473,5.00841848552227
115,175.4218874157553,34.150634333491325,70.61232849955559,141.27125308226397,104.8095589161997,0.6483171550158001,0.6508958800589485,29.949140548706055,20.0710266828537,13.419443368911743,7.172717899084091
116,213.44431672755846,44.6473591029644,94.85628083348274,168.79695762459406,118.58803589407572,0.6474154618660961,0.6502623969612237,39.878275990486145,27.01933979988098,18.15081685781479,9.807848185300827
117,246.2951211526157,53.94878908991814,120.66771388053894,192.34633206269757,125.62740727207677,0.6463879707760176,0.6495913103839156,50.28621554374695,34.33457612991333,23.32630157470703,12.72062063217163
118,236.2048433095379,60.32002978026867,140.03616720438004,175.88481352926922,96.16867610515786,0.6454484151481903,0.6490775888235248,57.85173177719116,39.858973026275635,27.304071187973022,15.021391212940216
119,166.8222559827089,63.144609704613686,143.4442326426506,103.67764627809521,23.37802334005829,0.6448945815676449,0.6489527062202126,58.994174003601074,40.718984603881836,28.118541836738586,15.612532198429108
120,93.43742842658392,63.59729468822479,133.0331653356552,29.84013373835913,-39.59573690907129,0.6447351791438288,0.6491642219088295,54.684484004974365,37.68787384033203,26.097849011421204,14.562958478927612
121,43.26167284332826,62.02283576130867,115.45836552977562,-18.761162917980407,-72.19669268644736,0.6448353990312112,0.64954988800224,47.85735309123993,32.70812928676605,22.45509773492813,12.437785416841507
122,8.835081911702055,59.48052145540714,94.83913779258728,-50.64543954370509,-86.00405588088523,0.6451059409091157,0.650009311377672,39.833104610443115,26.924818754196167,18.204110860824585,9.877103567123413
123,-29.484041921915914,55.635300278663635,77.76809260249138,-85.11934220057955,-107.2521345244073,0.6455606382499307,0.6505822394467127,33.15267264842987,22.242994606494904,14.672896265983582,7.699529081583023
124,-66.49829348510339,51.88602842390537,63.769836723804474,-118.38432190900876,-130.26813020890785,0.6461930331319232,0.6512781162106491,27.590730786323547,18.34641844034195,11.748988926410675,6.083698570728302
125,-102.73038710065168,48.18394519388676,52.29126587510109,-150.91433229453844,-155.02165297575277,0.6469991994369154,0.6521062233312461,22.726982831954956,15.149562060832977,9.501668810844421,4.913052171468735
126,-119.94957652719854,44.64225955307484,42.87883825600147,-164.59183608027337,-162.8284147832,0.6478784293305067,0.652976033239276,18.74391883611679,12.376192212104797,7.75180459022522,4.006922617554665
127,-101.0989500839706,40.59981219470501,35.160646960139275,-141.69876227867562,-136.25959704410988,0.6486353671631919,0.6537039157021185,15.393178164958954,10.032820701599121,6.452842801809311,3.2818052917718887
128,-86.02742613880142,36.32003776729107,28.831731341779232,-122.34746390609249,-114.85915748058065,0.6492889326755108,0.6543174795775489,12.65123188495636,8.1516794860363,5.327392742037773,2.7014272287487984
129,-57.91096659229232,31.915888376533985,23.64201918244362,-89.8268549688263,-81.55298577473593,0.6497687769862417,0.6547531258690806,10.363563895225525,6.659378111362457,4.37958762049675,2.2394895553588867
130,-32.87091049449655,28.038431890308857,19.386455789208412,-60.909342384805406,-52.25736628370496,0.650094147404964,0.65503227846675,8.437655121088028,5.473525449633598,3.5891570150852203,1.8861182034015656
131,-14.06099590376204,24.586518481373787,15.896894223988056,-38.64751438513583,-29.957890127750098,0.6503005978023204,0.6551923099311077,6.8637363612651825,4.488638415932655,2.956150658428669,1.5883687883615494
132,-6.388176220004463,21.366383507847786,13.035452831536531,-27.75455972785225,-19.423629051540996,0.6504488593393282,0.655296068633306,5.584293231368065,3.6758750677108765,2.4385077878832817,1.3367767445743084
133,-3.9719432718230947,17.82293524593115,10.689071379601955,-21.794878517754242,-14.66101465142505,0.6505652849724358,0.6553743860192645,4.546304792165756,3.0076807364821434,2.0111877471208572,1.1238981038331985
134,0.0,14.4482615403831,8.765038754791021,-14.4482615403831,-8.765038754791021,0.6506424658567327,0.6554212078074845,3.706612065434456,2.4622786790132523,1.656336523592472,0.9398114867508411
135,0.0,11.55716422945261,7.1873316541314125,-11.55716422945261,-7.1873316541314125,0.6507042028451379,0.6554596016731582,3.0166780576109886,2.0171381533145905,1.365702785551548,0.7878126576542854
136,0.0,9.50573068112135,5.893612001091242,-9.50573068112135,-5.893612001091242,0.6507549813209985,0.6554910846432495,2.4569693952798843,1.6534201800823212,1.1250085197389126,0.6582139059901237
137,0.0,8.28060731291771,4.832761641591787,-8.28060731291771,-4.832761641591787,0.6507992153344222,0.6555169006776597,2.002776600420475,1.3553728349506855,0.9261677972972393,0.5484444089233875
138,0.0,7.639663852751255,3.9628646802157164,-7.639663852751255,-3.9628646802157164,0.6508400255045758,0.6555380698265925,1.6338750720024109,1.1111089028418064,0.762023450806737,0.4558572545647621
139,0.0,7.324793189764023,3.2495489809662104,-7.324793189764023,-3.2495489809662104,0.6508791536733245,0.6555554285284139,1.3341261073946953,0.910808052867651,0.6267325486987829,0.3778822720050812
140,0.0,7.175055332481861,2.664630231447518,-7.175055332481861,-2.664630231447518,0.650917481960357,0.6555696626642656,1.0901112109422684,0.7466419134289026,0.5152205005288124,0.31265660654753447
141,0.0,7.1050673723220825,2.1849966840818524,-7.1050673723220825,-2.1849966840818524,0.650955436380081,0.6555813346550994,0.8912345394492149,0.6120972335338593,0.4233651328831911,0.25829977821558714
142,0.0,7.072724308818579,1.7916973447427154,-7.072724308818579,-1.7916973447427154,0.6509932180270298,0.6555909056879239,0.7290036417543888,0.5018175113946199,0.34775815438479185,0.21311803720891476
143,14.44829806809153,7.578482385724783,2.468867739662528,6.869815682366747,11.979430328429002,0.6509565202936838,0.6555269130045456,1.0058588348329067,0.6939967162907124,0.47809090465307236,0.2909212838858366
144,106.1018354213823,13.418011367321014,19.523625820875168,92.68382405406129,86.57820960050714,0.6504614143959591,0.6550644225686454,8.039063215255737,5.562232434749603,3.7733200937509537,2.1490100771188736
145,168.72569985652123,22.960900515317917,44.79414336383343,145.76479934120331,123.9315564926878,0.6496827562798202,0.6544023950232785,18.837708234786987,12.7366304397583,8.54727029800415,4.672534391283989
146,169.2954564122199,32.214054092764854,65.63759222626686,137.08140231945504,103.65786418595303,0.6489504838315325,0.6538486671163022,27.90662944316864,18.62037032842636,12.46487945318222,6.645713001489639
147,184.79083271472604,41.83978736400604,85.53433120250702,142.95104535072,99.25650151221902,0.6481868564525223,0.6533184507620703,36.158329248428345,24.357804656028748,16.281375288963318,8.736822009086609
148,189.0414477162622,49.45627003908157,102.63004302978516,139.58517767718064,86.41140468647706,0.6474412091358707,0.6528568513780614,43.19535493850708,29.19846773147583,19.645626842975616,10.59059351682663
149,188.45689300369085,55.309657007455826,116.55659526586533,133.14723599623503,71.90029773782553,0.6467299525333267,0.6524727685910003,48.7275630235672,33.16237032413483,22.469887137413025,12.196774780750275
150,206.54221047832795,60.46113111078739,131.24278783798218,146.08107936754055,75.29942264034577,0.6459496048871325,0.652070528085443,54.43018674850464,37.349891662597656,25.498247146606445,13.964462280273438
151,211.81397331092225,64.32203650474548,144.24597173929214,147.49193680617677,67.5680015716301,0.6451617206093218,0.6517095879061073,59.4393253326416,41.01795256137848,28.18566858768463,15.603025257587433
152,178.52938936011597,66.50238335132599,148.92774671316147,112.02700600878998,29.601642646954502,0.6445632857481637,0.6515514594731642,61.10910177230835,42.266491055488586,29.24986183643341,16.302292048931122
153,152.12888454442157,67.95856729149818,148.01927357912064,84.17031725292338,4.109610965300931,0.6441136579850605,0.6515295064231359,60.64149737358093,41.96433126926422,29.13956642150879,16.273878514766693
154,157.9735812751536,69.14661079645157,148.3269989490509,88.82697047870204,9.646582326102703,0.6436391549376316,0.6514779755346417,60.78947186470032,42.06102788448334,29.18563485145569,16.29086434841156
155,112.5590558054008,69.8274701833725,140.40620625019073,42.731585622028305,-27.847150444789932,0.6434108879204199,0.6516267316801801,57.54634737968445,39.77305293083191,27.62610912322998,15.460696816444397
156,48.64870104572087,68.21474805474281,122.40300327539444,-19.566047009021943,-73.75430222967357,0.6435154074023057,0.65202071833739,50.455254316329956,34.643614292144775,23.92694503068924,13.377189636230469
157,69.1604364893299,67.50590205192566,111.32114455103874,1.6545344374042372,-42.160708061708846,0.6435065690773196,0.6522459357949846,46.458929777145386,31.572651863098145,21.576513350009918,11.713049560785294
158,55.27248743381566,66.291743516922,99.7277058660984,-11.019256083106335,-44.45521843228274,0.6435654326247721,0.652483410252422,42.004311084747314,28.30485701560974,19.163772463798523,10.254765301942825
159,35.23471933738886,64.36913125216961,86.60744428634644,-29.13441191478075,-51.372724948957575,0.6437210651670519,0.6527578372019356,36.78591251373291,24.635308980941772,16.478310525417328,8.707912266254425
160,15.19695124096206,61.895207688212395,72.23412990570068,-46.69825644725034,-57.037178664738626,0.6439705216651676,0.653062522985401,31.004813313484192,20.61806172132492,13.53863924741745,7.072615623474121
161,14.642785524849431,59.37083773314953,60.339488089084625,-44.7280522083001,-45.696702564235196,0.6442094535679896,0.6533066293025177,26.2241929769516,17.27720946073532,11.09938696026802,5.7386986911296844
162,19.59893561252937,56.95454366505146,51.470959186553955,-37.355608052522086,-31.872023574024585,0.6444090027563044,0.6534768858387038,22.493407130241394,14.773152768611908,9.372014552354813,4.8323847353458405
163,-0.25398960240042745,53.81880886852741,42.206185683608055,-54.07279847092784,-42.460175286008486,0.6446978531754867,0.6537037030143769,18.466508388519287,12.155583500862122,7.651460915803909,3.932632878422737
164,13.703217063673485,51.10811963677406,35.528985038399696,-37.40490257310058,-21.82576797472621,0.6448976656892319,0.6538202936552675,15.504474937915802,10.199648141860962,6.500250846147537,3.324611112475395
165,-22.102469395145434,46.972862631082535,29.133768007159233,-69.07533202622797,-51.23623740230467,0.6452666578474917,0.6540939915046388,12.740825116634369,8.311159908771515,5.360656231641769,2.72112675011158
166,-56.353728236948534,42.52331107854843,23.88968914747238,-98.87703931549697,-80.24341738442092,0.6457948471600745,0.6545226422385299,10.490543395280838,6.733473390340805,4.410750046372414,2.254922315478325
167,-52.32626180080266,37.94840909540653,19.58954520523548,-90.27467089620919,-71.91580700603814,0.6462770836499047,0.6549068078742458,8.531929552555084,5.507479980587959,3.630351275205612,1.9197843968868256
168,-75.7668896399064,33.22112187743187,16.06342773884535,-108.98801151733826,-91.83031737875174,0.6468592845661297,0.65539735444144,6.931178271770477,4.4545914977788925,3.0251391232013702,1.6525188460946083
169,-120.0,28.978538513183594,13.17201042547822,-148.9785385131836,-133.17201042547822,0.6476551100923754,0.6561087433860205,5.619558319449425,3.616270422935486,2.5240059942007065,1.412175688892603
170,-61.09175546465518,24.25480354577303,10.801048763096333,-85.34655901042821,-71.89280422775151,0.6481110211982004,0.6564927861436474,4.582777991890907,2.989392541348934,2.0599432289600372,1.1689350008964539
171,53.11185160594919,24.947418086230755,16.790001466870308,28.164433519718436,36.32185013907888,0.6479605701644412,0.6562987591664087,7.048550248146057,4.777201637625694,3.1916793435811996,1.7725702375173569
172,108.1256062945786,29.28473260253668,31.609005481004715,78.84087369204192,76.51660081357389,0.647539411651129,0.6558900166406951,13.32852840423584,9.029565006494522,6.011487543582916,3.2394245266914368
173,133.50942034062587,35.48567667603493,48.34144823253155,98.02374366459094,85.16797210809432,0.6470157805418096,0.6554350595247331,20.60859054327011,13.678796589374542,9.146930277347565,4.9071308225393295
174,157.7461398610296,42.53478944301605,66.43776446580887,115.21135041801355,91.30837539522074,0.6464003352938502,0.6549473011091603,28.338494896888733,18.85051280260086,12.567327916622162,6.681428849697113
175,152.69314992155813,48.067380860447884,80.38125336170197,104.62576906111025,72.31189655985617,0.6458414369548485,0.6545610196104431,34.205588698387146,22.8943333029747,15.187762677669525,8.093568682670593
176,159.45141723756845,53.11993695795536,93.0425263941288,106.33148027961309,66.40889084343965,0.6452734269106198,0.6542062712619204,39.419132471084595,26.4716774225235,17.68643707036972,9.465279430150986
177,147.57242397994216,56.909774243831635,101.296766102314,90.66264973611052,46.27565787762816,0.6447891178842518,0.6539590722347963,42.75846481323242,28.804737329483032,19.352470338344574,10.381093621253967
178,100.04127121822779,58.04352164268494,99.5167575776577,41.997749575542855,0.5245136405700919,0.644564770931391,0.6539562703456907,42.082053422927856,28.291618824005127,19.006165862083435,10.136919468641281
179,107.80182554762064,59.49595384299755,99.45412501692772,48.30587170462309,8.347700530692919,0.6443067267449346,0.6539116779283259,42.06160306930542,28.27928364276886,18.98256093263626,10.130677372217178
180,91.50944424660656,60.12030020356178,96.47142961621284,31.38914404304478,-4.961985369606282,0.6441390496934226,0.6539381842604285,40.897080302238464,27.421867847442627,18.38129162788391,9.771189838647842
181,53.5648821810808,59.042130410671234,87.1948279440403,-5.477248229590437,-33.6299457629595,0.6441683084980678,0.6541178314065982,37.13858425617218,24.78543370962143,16.543711721897125,8.727098256349564
182,48.64870104572087,57.787465676665306,78.69793325662613,-9.138764630944436,-30.04923221090526,0.6442171266851989,0.6542783508094342,33.749982714653015,22.407157719135284,14.792542159557343,7.748250663280487
183,69.1604364893299,57.502081617712975,75.41796788573265,11.658354871616922,-6.257531396402754,0.6441548491484915,0.6543117777933893,32.51090049743652,21.49469554424286,14.069370925426483,7.343000918626785
184,35.23471933738886,55.64627945423126,66.62080362439156,-20.411560116842402,-31.386084287002696,0.6442638852602268,0.6544794385000506,28.86471450328827,19.04091387987137,12.320111691951752,6.395063549280167
185,34.46738587556956,53.78228649497032,59.264181181788445,-19.31490061940076,-24.796795306218883,0.644367063148151,0.6546119000134386,25.820499658584595,16.965946555137634,10.86183562874794,5.6158993393182755
186,75.31025553024207,53.94828915596008,60.57965196669102,21.36196637428199,14.730603563551057,0.6442529500799122,0.6545332108918385,26.314660906791687,17.31625497341156,11.148306727409363,5.800429359078407
187,76.51665335222489,54.15444150567055,61.87775656580925,22.362211846554345,14.638896786415643,0.6441334938200481,0.6544550116568683,26.86455249786377,17.684730887413025,11.397384107112885,5.931089073419571
188,98.20001904429697,55.41118457913399,66.8474592268467,42.78883446516298,31.35255981745027,0.6439049209863668,0.6542875300339118,28.856858611106873,19.07867044210434,12.408387660980225,6.503542512655258
189,101.10401324490596,56.72652646899223,71.45015671849251,44.377486775913724,29.65385652641345,0.6436678617621364,0.6541291226806725,30.78809380531311,20.37072777748108,13.30917477607727,6.982160359621048
190,76.19633989137083,56.79255649447441,70.74554935097694,19.403783396896415,5.450790540393882,0.6435642090730505,0.654100005209837,30.611029267311096,20.186884701251984,13.118983805179596,6.828651577234268
191,98.3726443874908,57.91194438934326,74.16034787893295,40.46069999814753,24.21229650855784,0.6433480728551116,0.6539706660190862,31.93489909172058,21.127979457378387,13.838715851306915,7.258753478527069
192,63.31329056697899,57.345328107476234,70.65352126955986,5.967962459502758,-7.340230702580868,0.6433161927137682,0.6540098766531811,30.569490790367126,20.163708925247192,13.103152811527252,6.817168742418289
193,62.23059871734629,56.76298700273037,67.5819106400013,5.46761171461592,-5.351311922655007,0.6432869853862329,0.654038462721144,29.304590821266174,19.307292997837067,12.485257536172867,6.484769284725189
194,86.31274661132818,57.325899973511696,69.39715296030045,28.986846637816484,16.915593651027734,0.6431321411200052,0.6539481016439483,30.00274896621704,19.803334772586823,12.871243059635162,6.71982616186142
195,20.603788997247296,54.75926399230957,59.06064063310623,-34.15547499506228,-38.45685163585894,0.6433145955804489,0.6541535335437125,25.722169876098633,16.90843105316162,10.8320914208889,5.597948282957077
196,-120.0,51.01166218519211,48.42972569167614,-171.0116621851921,-168.42972569167614,0.6442281194169083,0.6550532649843732,21.123354136943817,14.03975635766983,8.720633387565613,4.54598180949688
197,-120.0,46.99128791689873,39.71237391233444,-166.99128791689873,-159.71237391233444,0.6451201668950969,0.6559064293749306,17.4116387963295,11.4173524081707,7.174108177423477,3.7092745304107666
198,-120.0,42.79007576406002,32.564147002995014,-162.79007576406002,-152.564147002995,0.6459897720006741,0.6567214087926816,14.288938045501709,9.264110028743744,5.963347107172012,3.047751821577549
199,-120.0,38.53100202977657,26.702600717544556,-158.53100202977657,-146.70260071754456,0.6468366256439956,0.6575050765315573,11.717122793197632,7.5006358325481415,4.950394108891487,2.5344479829072952
200,-66.97038052613456,33.44804346561432,21.896132454276085,-100.41842399174888,-88.86651298041065,0.6473730488490798,0.6579797908102988,9.60594192147255,6.141375377774239,4.0458884090185165,2.1029267460107803
201,-12.765073349329803,29.671089723706245,17.954828403890133,-42.43616307303605,-30.719901753219936,0.6475997377543844,0.6581438928495787,7.834751904010773,5.092503875494003,3.291783109307289,1.7357895150780678
202,-0.5198853690840691,26.879016123712063,14.722959697246552,-27.39890149279613,-15.24284506633062,0.6477460994076579,0.6582253183039929,6.383201479911804,4.170724377036095,2.7129346504807472,1.4560991898179054
203,1.4011556027295582,24.304643645882607,12.072826735675335,-22.903488043153047,-10.671671132945777,0.6478684471001961,0.658282325094233,5.19116073846817,3.411489725112915,2.2401992231607437,1.229977048933506
204,13.421515257576973,22.594725340604782,10.63705962151289,-9.17321008302781,2.7844556360640826,0.6479174492908105,0.6582674508654078,4.5472681522369385,3.0065439641475677,1.9826645031571388,1.1005830019712448
205,7.254833093134619,20.301379077136517,8.722388744354248,-13.046545984001899,-1.4675556512196293,0.6479871423783319,0.6582752903720916,3.7062980234622955,2.4589646607637405,1.634005457162857,0.9231206029653549
206,-4.9294388744759585,16.699403524398804,7.1523587219417095,-21.628842398874763,-12.081797596417669,0.64810268106636,0.6583398298891665,3.009476698935032,2.006864920258522,1.3515275903046131,0.7844895124435425
207,-3.4328702544386953,13.291294872760773,5.864934343844652,-16.72416512719947,-9.297804598283347,0.6481920195552874,0.6583894976487727,2.4516554549336433,1.6457481309771538,1.1129320599138737,0.6545986980199814
208,0.0,10.751976072788239,4.809246165677905,-10.751976072788239,-4.809246165677905,0.648249455324907,0.6584151880663245,1.999821700155735,1.3502424582839012,0.9155533276498318,0.5436286795884371
209,0.0,9.041236713528633,3.943581832572818,-9.041236713528633,-3.943581832572818,0.6482977525295732,0.6584362542085925,1.6315877437591553,1.106923259794712,0.7532540708780289,0.4518167581409216
210,0.0,8.038161229342222,3.233737125992775,-8.038161229342222,-3.233737125992775,0.6483406914250291,0.6584535284453766,1.332142110913992,0.9074891917407513,0.6194016430526972,0.3747041802853346
211,0.0,7.513086404651403,2.65166440512985,-7.513086404651403,-2.65166440512985,0.648380825433601,0.6584676933193356,1.0884524323046207,0.7439763750880957,0.5091345403343439,0.3101010574027896
212,0.0,7.256419863551855,2.1743647754192352,-7.256419863551855,-2.1743647754192352,0.6484195883602225,0.6584793085157855,0.8899123407900333,0.6099196150898933,0.41835419833660126,0.2561786212027073
213,0.0,7.134679332375526,1.782979117706418,-7.134679332375526,-1.782979117706418,0.6484577009634938,0.6584888329768843,0.7279406301677227,0.5000388249754906,0.3436350729316473,0.21136458963155746
214,0.0,7.077817153185606,1.4620429137721658,-7.077817153185606,-1.4620429137721658,0.6484955098158078,0.6584966430351844,0.5956963635981083,0.4099682904779911,0.2821740694344044,0.174204190261662
215,0.0,7.051585614681244,1.1988751590251923,-7.051585614681244,-1.1988751590251923,0.648533178542382,0.6585030472828288,0.48764850944280624,0.33613156992942095,0.23164593148976564,0.14344914816319942
216,0.0,7.039679307490587,0.9830776252783835,-7.039679307490587,-0.9830776252783835,0.6485707836668878,0.6585082987658698,0.3993165213614702,0.2756000030785799,0.19012485863640904,0.11803624220192432
217,0.0,7.034456171095371,0.8061236527282745,-7.034456171095371,-0.8061236527282745,0.648608360890024,0.6585126049819634,0.32712495885789394,0.2259721513837576,0.15597951132804155,0.09704703115858138
218,0.0,7.0323399268090725,0.6610214011743665,-7.0323399268090725,-0.6610214011743665,0.6486459268084365,0.6585161360791919,0.2680642297491431,0.1853077788837254,0.12789634056389332,0.07975305197760463
219,0.0,7.031671144068241,0.5420375382527709,-7.031671144068241,-0.5420375382527709,0.6486834891542915,0.658519031578862,0.21959689911454916,0.1520089223049581,0.10488826083019376,0.06554345600306988
220,0.0,7.0316738449037075,0.44447078253142536,-7.0316738449037075,-0.44447078253142536,0.6487210515145742,0.6585214058885978,0.1799253048375249,0.12468540808185935,0.08601628360338509,0.053843786008656025
221,0.0,7.031992822885513,0.3644660522695631,-7.031992822885513,-0.3644660522695631,0.648758615578799,0.6585233528226376,0.14744289219379425,0.10226767044514418,0.07053774897940457,0.04421774065122008
222,0.0,7.032456435263157,0.2988621563417837,-7.032456435263157,-0.2988621563417837,0.6487961821195857,0.6585249493085156,0.12083963956683874,0.08387673296965659,0.057843164540827274,0.0363026192644611
223,0.0,7.0329890586435795,0.24506696499884129,-7.0329890586435795,-0.24506696499884129,0.6488337515055828,0.6585262584269184,0.09904657490551472,0.06879053544253111,0.047432270366698503,0.029797584284096956
224,0.0,7.033556513488293,0.20095491490792483,-7.033556513488293,-0.20095491490792483,0.6488713239228556,0.6585273319040279,0.08119028643704951,0.05641692550852895,0.038893407327122986,0.02445429563522339
225,0.0,7.034138031303883,0.16478303441544995,-7.034138031303883,-0.16478303441544995,0.6489088994465271,0.6585282121552801,0.06655712495557964,0.04626927548088133,0.031889433739706874,0.0200672002392821
226,0.0,7.034728210419416,0.13512208388419822,-7.034728210419416,-0.13512208388419822,0.6489464781228648,0.6585289339612838,0.0545645656529814,0.03794583608396351,0.0261468201642856,0.016464861982967705
227,0.0,7.0353246293962,0.11080010881414637,-7.0353246293962,-0.11080010881414637,0.6489840599852013,0.6585295258422069,0.04473507578950375,0.031118988408707082,0.021438395197037607,0.013507649418897927
228,0.0,7.035924680531025,0.09085608762688935,-7.035924680531025,-0.09085608762688935,0.6490216450529391,0.6585300111845553,0.03667788696475327,0.02551980724092573,0.017577872495166957,0.011080520926043391
229,0.0,7.0365277118980885,0.07450199482263997,-7.0365277118980885,-0.07450199482263997,0.6490592333419984,0.6585304091652969,0.030072996742092073,0.020927660807501525,0.014412563177756965,0.00908877409528941
230,0.0,7.037131767719984,0.061091634415788576,-7.037131767719984,-0.061091634415788576,0.6490968248578517,0.6585307355094978,0.024658124311827123,0.017161652795039117,0.011817264748970047,0.007454592559952289
231,0.0,7.037737779319286,0.05009513988625258,-7.037737779319286,-0.05009513988625258,0.6491344196109463,0.6585310031117408,0.02021867549046874,0.014073216880206019,0.009689318540040404,0.006113928975537419
232,0.0,7.038345467299223,0.041078016147366725,-7.038345467299223,-0.041078016147366725,0.6491720176102375,0.6585312225455878,0.01657877874094993,0.011540493869688362,0.00794458610471338,0.005014157432015054
233,0.0,7.038951478898525,0.03368397265148815,-7.038951478898525,-0.03368397265148815,0.6492096188467701,0.6585314024813391,0.01359435700578615,0.009463517199037597,0.0065140244259964675,0.004112074020667933
234,0.0,7.039562705904245,0.027620857872534543,-7.039562705904245,-0.027620857872534543,0.6492472233484042,0.6585315500286568,0.011147304030600935,0.0077603057434316725,0.005341057840269059,0.0033721902582328767
235,0.0,7.040177378803492,0.022649102720606606,-7.040177378803492,-0.022649102720606606,0.6492848311335474,0.6585316710174534,0.009140819020103663,0.006363606371451169,0.0043793032091343775,0.0027653741199173965
236,0.0,7.04079931601882,0.01857226470747264,-7.04079931601882,-0.01857226470747264,0.6493224422410048,0.6585317702282691,0.0074955612944904715,0.005218265869189054,0.0035907280107494444,0.0022677095330436714
237,0.0,7.041415758430958,0.015229257041937672,-7.041415758430958,-0.015229257041937672,0.6493600566414237,0.6585318515811379,0.0061464721511583775,0.0042790561565198,0.002944149855466094,0.0018595788787933998
238,10.651247597691528,7.445877231657505,0.24399542598985136,3.205370366034023,10.407252171701677,0.6493429339364769,0.6584762572853489,0.09891734225675464,0.06860225694254041,0.0470698403660208,0.029405986424535513
239,50.865703103834264,9.506930876523256,7.671787030994892,41.35877222731101,43.19391607283937,0.6491220003241516,0.6582455205541905,3.142460063099861,2.177739702165127,1.4738836325705051,0.877703633159399
240,80.30698982209155,12.78960220515728,19.068653509020805,67.51738761693427,61.23833631307075,0.6487613305185056,0.6579183926892702,7.943583279848099,5.44181726872921,3.6390818655490875,2.044171094894409
241,88.31533338213276,16.063327807933092,29.865006916224957,72.25200557419967,58.45032646590781,0.6483753689502674,0.6576061580393455,12.67622858285904,8.535169064998627,5.640792101621628,3.0128171667456627
242,81.01975051257224,18.36804710328579,37.41380237042904,62.651703409286455,43.605948142143205,0.64804069104744,0.6573732202821759,16.105400025844574,10.653765499591827,6.971719115972519,3.6829177290201187
243,47.02459547094522,18.466381542384624,37.49139606952667,28.558213928560598,9.53319940141855,0.6478881364858559,0.6573222950716983,16.315656900405884,10.720875859260559,6.898622959852219,3.556240350008011
244,23.54726050956008,16.919429786503315,33.33056978881359,6.627830723056764,-9.783309279253512,0.647852731407207,0.6573745563392156,14.52891230583191,9.567147493362427,6.101894378662109,3.1326156109571457
245,25.692260950733345,15.50707584246993,30.30328694730997,10.185185108263415,-4.611025996576625,0.6477983233670987,0.6573991878883426,13.196279108524323,8.671707659959793,5.5709607899188995,2.8643393889069557
246,18.119891336365058,13.67099704220891,26.45717952400446,4.448894294156148,-8.337288187639402,0.6477745579061257,0.6574437246842167,11.555729806423187,7.5362421572208405,4.867563396692276,2.4976441636681557
247,8.820112847419798,11.57302362844348,21.694886684417725,-2.7529107810236813,-12.874773836997926,0.6477892636261098,0.6575125001854828,9.516815096139908,6.172911450266838,3.970947116613388,2.0342130213975906
248,42.887318790658426,11.946208868175745,23.853165097534657,30.94110992248268,19.03415369312377,0.6476239799192589,0.6574108220140452,10.320232063531876,6.814173609018326,4.415986314415932,2.3027731105685234
249,65.10757901255519,13.586718961596489,29.62552923709154,51.5208600509587,35.48204977546365,0.647348761649756,0.65722128114986,12.728780508041382,8.467090129852295,5.529259517788887,2.9003990814089775
250,72.30834015461697,15.519028715789318,35.66046319901943,56.78931143882765,36.64787695559754,0.647045399943352,0.6570255125763792,15.381605923175812,10.16683354973793,6.625278294086456,3.4867454320192337
251,44.55479769521275,15.446353424340487,35.619109496474266,29.108444270872262,8.935688198738482,0.6468899061171187,0.6569777791992492,15.502777695655823,10.192406177520752,6.545925140380859,3.378000482916832
252,30.965353906412933,14.467607997357845,33.14047362655401,16.497745909055087,-2.1751197201410797,0.6468017771325618,0.6569893984285234,14.442355930805206,9.505213797092438,6.06953427195549,3.123369626700878
253,32.24404259200769,13.674119301140308,31.337820738554,18.56992329086738,0.9062218534536868,0.6467025788243841,0.6569845574998191,13.642829656600952,8.97146537899971,5.757956579327583,2.9655691236257553
254,46.29979082454073,13.88372229412198,32.389820367097855,32.41606853041875,13.909970457442874,0.6465294160651404,0.6569102521020763,14.059017598628998,9.257708489894867,5.975569039583206,3.0975252389907837
255,70.139682133645,15.658665169030428,37.5457800924778,54.48101696461457,32.5939020411672,0.6462383849916115,0.6567361393774974,16.215550899505615,10.704118758440018,6.969874352216721,3.656236082315445
256,60.34142124586233,16.67823325842619,40.01499488949776,43.66318798743614,20.32642635636457,0.6460051414660376,0.6566275580401236,17.361648380756378,11.419873684644699,7.397827506065369,3.835645318031311
257,53.24186965762977,17.211905866861343,40.764959901571274,36.02996379076843,12.476909756058497,0.645812673710745,0.6565609078811703,17.745044827461243,11.650145053863525,7.500484585762024,3.869285434484482
258,41.403892712949975,16.92867372184992,39.25101310014725,24.475218991100057,2.152879612802728,0.6456819300195532,0.6565494074558882,17.138671875,11.237135529518127,7.184060662984848,3.691145032644272
259,42.25758915440618,16.70402456074953,38.163574412465096,25.553564593656652,4.094014741941088,0.6455454259351854,0.6565275377190188,16.65128618478775,10.923146456480026,6.995749473571777,3.5933922976255417
260,53.11185160594906,17.239615321159363,39.22627232968807,35.8722362847897,13.88557927626099,0.6453538007413564,0.6564533626160474,17.057551443576813,11.207511276006699,7.228819280862808,3.7323903292417526
261,41.22459564091764,16.948762349784374,37.96011321246624,24.275833291133267,3.2644824284514016,0.6452241221447157,0.6564359241415364,16.562364995479584,10.866571217775345,6.957711279392242,3.573465719819069
262,44.64860255633079,16.90098736435175,37.53868639469147,27.747615191979044,7.109916161639326,0.6450758977045876,0.6563979438201601,16.357365250587463,10.738781094551086,6.895585358142853,3.5469546914100647
263,85.2651857682212,19.466102868318558,44.50519718229771,65.79908289990264,40.759988585923494,0.6447244068771308,0.6561802088383978,19.208937883377075,12.661021947860718,8.293692767620087,4.341544583439827
264,89.38369697934583,22.22554348409176,50.965335220098495,67.15815349525407,38.41836175924733,0.6443656560571775,0.6559749825469489,22.0435693860054,14.512024819850922,9.463274478912354,4.946466535329819
265,81.07201637151098,24.603581242263317,54.77246046066284,56.468435129247666,26.29955591084814,0.6440640084336239,0.6558344934662285,23.765811324119568,15.63340425491333,10.101887583732605,5.271357297897339
266,95.50115811468314,27.938065119087696,60.49559228122234,67.56309299559544,35.00556583346079,0.643703094475314,0.6556474979222463,26.174229383468628,17.246608436107635,11.205943673849106,5.868810787796974
267,99.79813585196746,31.560739316046238,65.96740260720253,68.23739653592122,33.83073324476493,0.6433385784681777,0.6554667781933747,28.495192527770996,18.812569975852966,12.24052757024765,6.419112533330917
268,57.3938446065717,32.38414339721203,62.826719135046005,25.00970120935967,-5.432874528474308,0.6432049796369311,0.6554957999590183,27.3452490568161,17.955349385738373,11.543959379196167,5.982161313295364
269,7.672467920491525,29.93672303855419,51.51791051030159,-22.264255118062668,-43.84544258981006,0.6433239126236729,0.6557300170668698,22.558382153511047,14.765660464763641,9.367045015096664,4.826822876930237
270,23.666791756575467,28.710522316396236,44.89968344569206,-5.043730559820769,-21.232891689116595,0.6433508556288002,0.6558434406335852,19.654296338558197,12.904734909534454,8.136679232120514,4.203972965478897
271,-10.559175897462191,25.300764106214046,36.81774064898491,-35.859940003676236,-47.3769165464471,0.6435424151373669,0.6560965224527436,16.127102077007294,10.609060525894165,6.657692790031433,3.423885256052017
272,-26.137003564854783,20.792858861386776,30.190547183156013,-46.929862426241556,-56.32755074801079,0.6437931088469088,0.6563974174887907,13.233214616775513,8.639971911907196,5.505291745066643,2.812068909406662
273,6.023996854309589,18.20670645684004,24.756248854100704,-12.18270960253045,-18.732251999791117,0.6438581874238454,0.6564974829375075,10.843318700790405,7.048539817333221,4.535674303770065,2.328716032207012
274,6.023996854309745,15.428273100405931,20.30012384057045,-9.404276246096186,-14.276126986260705,0.643908423942254,0.6565737442996137,8.90616774559021,5.783504620194435,3.7039291113615036,1.9065223634243011
275,-12.370197766255252,11.760735511779785,16.64610169827938,-24.130933278035037,-29.016299464534633,0.6440373285003632,0.6567287458993174,7.256055623292923,4.721654579043388,3.042905032634735,1.6254864633083344
276,-97.19069030909961,8.078486565500498,13.649803306907415,-105.2691768746001,-110.84049361600702,0.6445996638469156,0.6573208425532491,5.830452591180801,3.7587828934192657,2.596953511238098,1.46361431106925
277,-97.54402268899419,6.387614458799362,11.192839033901691,-103.93163714779355,-108.73686172289588,0.6451548542162948,0.6579017018573243,4.738708212971687,3.075180761516094,2.1461520344018936,1.2327980250120163
278,-14.652618567413894,6.31266632117331,9.178128000348806,-20.965284888587206,-23.830746567762702,0.6452668482595031,0.6580290028539469,3.897242993116379,2.5800837203860283,1.7164258286356926,0.9843754582107067
279,1.4756395904917594,6.738905981183052,7.5260647572577,-5.263266390691292,-6.05042516676594,0.6452949639987696,0.6580613235012053,3.1867220997810364,2.12036669254303,1.4075429178774357,0.8114330470561981
280,-4.879281531939458,6.73932577483356,6.171373091638088,-11.618607306773018,-11.050654623577547,0.6453570292087417,0.6581203547759039,2.592039667069912,1.7329676076769829,1.1624617502093315,0.6839040666818619
281,-8.974700231408205,6.6270737908780575,5.0605259370058775,-15.601774022286262,-14.035226168414082,0.6454403720186899,0.6581953292746668,2.1109433844685555,1.4186281710863113,0.9583190083503723,0.5726353731006384
282,-48.71992377640749,5.817110510542989,4.149631271138787,-54.53703428695048,-52.86955504754628,0.6457317023300518,0.6584777521114593,1.7117977142333984,1.1401969939470291,0.802265852689743,0.4953707102686167
283,-66.36410138980725,5.396255850791931,3.4026976209133863,-71.76035724059918,-69.76679901072063,0.6461150375717217,0.6588504380036107,1.3880670070648193,0.9299041703343391,0.6650932133197784,0.4196332301944494
284,-56.37492250018082,5.294655961915851,2.79021211899817,-61.66957846209667,-59.16513461917899,0.6464444690806005,0.6591664910731575,1.1350465007126331,0.7653614040464163,0.5439648870378733,0.3458393272012472
285,-34.481867757496275,5.480719497427344,2.2879738826304674,-39.96258725492362,-36.76984164012674,0.6466579444398682,0.659362911167389,0.9312838315963745,0.6333243567496538,0.4432480316609144,0.28011766262352467
286,-26.270117511081544,5.6779219303280115,1.8761386396363378,-31.948039441409556,-28.146256150717882,0.6468286070437219,0.659513265099818,0.7625925354659557,0.5213181953877211,0.36283498629927635,0.2293929224833846
287,-15.45486277842476,5.984110152348876,1.5384336584247649,-21.438972930773637,-16.993296436849526,0.646943131471771,0.6596040412559978,0.625292956829071,0.42938883416354656,0.29691983945667744,0.18683202797546983
288,-1.831088964422951,6.504869367927313,1.2615155894309282,-8.335958332350264,-3.0926045538538793,0.6469876611637173,0.6596205615794692,0.514657236635685,0.3538825549185276,0.2422101330012083,0.15076566487550735
289,0.0,6.790016032755375,1.0344427777454257,-6.790016032755375,-1.0344427777454257,0.6470239326168837,0.6596260874490085,0.42161657474935055,0.2903466345742345,0.19866633228957653,0.12381323613226414
290,0.0,6.92069330252707,0.8482430828735232,-6.92069330252707,-0.8482430828735232,0.6470609021323886,0.6596306186620581,0.3452788572758436,0.23804574739187956,0.1630555372685194,0.10186294093728065
291,0.0,6.982864858582616,0.695559341693297,-6.982864858582616,-0.695559341693297,0.6470982037609068,0.659634334256832,0.282859243452549,0.19519871566444635,0.1337696216069162,0.0837317609693855
292,0.0,7.0136509370058775,0.5703586677554995,-7.0136509370058775,-0.5703586677554995,0.647135669844972,0.6596373810445871,0.23171347565948963,0.16007379163056612,0.10975643526762724,0.06881496519781649
293,0.0,7.02929780818522,0.46769409673288465,-7.02929780818522,-0.46769409673288465,0.6471732195127508,0.6596398794104885,0.18986699869856238,0.1312499982304871,0.09003634913824499,0.05654075066559017
294,0.0,7.037601247429848,0.3835091629298404,-7.037601247429848,-0.3835091629298404,0.6472108135365084,0.6596419280705469,0.1556009752675891,0.10762375313788652,0.07383861811831594,0.046445816406048834
295,0.0,7.042338326573372,0.3144775138935074,-7.042338326573372,-0.3144775138935074,0.6472484328651761,0.6596436079717963,0.12751342728734016,0.08826375124044716,0.06055074045434594,0.03814959491137415
296,0.0,7.0453377440571785,0.257871559006162,-7.0453377440571785,-0.257871559006162,0.647286068216373,0.6596449854908081,0.10450463742017746,0.07238572579808533,0.04965481930412352,0.031326376483775675
297,0.0,7.047493942081928,0.21145467762835324,-7.047493942081928,-0.21145467762835324,0.6473237150857217,0.6596461150563937,0.08565256139263511,0.05936324596405029,0.04072215815540403,0.025716712116263807
298,0.0,7.04923951998353,0.1733928351313807,-7.04923951998353,-0.1733928351313807,0.6473613712797387,0.6596470413001712,0.07020721677690744,0.04868341493420303,0.03339487302582711,0.021107330394443125
299,0.0,7.050785608589649,0.14218212309060618,-7.050785608589649,-0.14218212309060618,0.647399035732776,0.6596478008200595,0.05755088641308248,0.03992576675955206,0.027384399436414242,0.0173210704815574
300,0.0,7.052238192409277,0.11658934236038476,-7.052238192409277,-0.11658934236038476,0.6474367079453424,0.6596484236263755,0.047178936074487865,0.03274272312410176,0.022455464932136238,0.014212218229658902
301,0.0,7.053645048290491,0.09560326143400744,-7.053645048290491,-0.09560326143400744,0.6474743876731645,0.6596489343275584,0.03867811756208539,0.026851435541175306,0.01841352932387963,0.01166017900686711
302,0.0,7.055033463984728,0.07839467434678227,-7.055033463984728,-0.07839467434678227,0.647512074817737,0.6596493531025283,0.03171027929056436,0.022019774769432843,0.015099030861165375,0.009565589425619692
303,0.0,7.056408189237118,0.06428363121813163,-7.056408189237118,-0.06428363121813163,0.6475497693059273,0.6596496964979942,0.02599855070002377,0.018057279521599412,0.012381076521705836,0.007846724474802613
304,0.0,7.057780027389526,0.05271257905405946,-7.057780027389526,-0.05271257905405946,0.647587471122313,0.659649978082284,0.02131635119440034,0.014807579282205552,0.010152318282052875,0.006436330295400694
305,0.0,7.059158012270927,0.04322431450418662,-7.059158012270927,-0.04322431450418662,0.6476251802997289,0.6596502089813999,0.017477759683970362,0.012142618652433157,0.008324735244968906,0.005279200922814198
306,0.0,7.060533482581377,0.035443937667878345,-7.060533482581377,-0.035443937667878345,0.6476628968247428,0.6596503983186738,0.014330660633277148,0.009957212023437023,0.006826122989878058,0.004329942021286115
307,0.0,7.061910163611174,0.029064028785796836,-7.061910163611174,-0.029064028785796836,0.6477006207038218,0.6596505535752378,0.011750407429644838,0.008165084000211209,0.005597277777269483,0.0035512595786713064
308,0.0,7.063288148492575,0.023832503757148515,-7.063288148492575,-0.023832503757148515,0.6477383519439313,0.6596506808856212,0.009634839807404205,0.006695477350149304,0.004589643867802806,0.0029125427317922004
309,0.0,7.06466855481267,0.019542653171811253,-7.06466855481267,-0.019542653171811253,0.6477760905580061,0.659650785280136,0.007900239870650694,0.0054903634008951485,0.003763396671274677,0.0023886532289907336
310,0.0,7.066052872687578,0.01602497559360927,-7.066052872687578,-0.01602497559360927,0.6478138365669414,0.659650870883638,0.006477980787167326,0.004502138108364306,0.003085891148657538,0.0019589655494200997
311,0.0,7.067442592233419,0.013140480223228224,-7.067442592233419,-0.013140480223228224,0.6478515899995921,0.6596509410785111,0.005311798304319382,0.0036917816032655537,0.002530349956941791,0.0016065503587014973
312,0.0,7.068832870572805,0.0107751935502165,-7.068832870572805,-0.0107751935502165,0.6478893508589435,0.6596509986383057,0.004355580676929094,0.0030272751246229745,0.002074818985420279,0.001317518763244152
313,1.614323348436225,7.133596856147051,0.008835658536554547,-5.519273507710826,1.6054876898996704,0.6479188341575958,0.6596424223151759,0.0035753193515120074,0.002482578747731168,0.0017003338143695146,0.0010774266229418572
314,26.011735238376986,8.199781738221645,2.971656294539571,17.81195350015534,23.040078943837415,0.6478236848333428,0.6595193449703904,1.2144271284341812,0.8394736796617508,0.5674032494425774,0.35035223700106144
315,88.92542014202193,12.36720634624362,16.72917604446411,76.55821379577831,72.19624409755782,0.6474147200160577,0.6591336812732881,6.905139982700348,4.771233722567558,3.2124970108270645,1.8403053283691406
316,129.68319903333278,18.806535750627518,35.357848927378654,110.87666328270527,94.32535010595413,0.6468224301480946,0.6586298065398161,14.91580605506897,10.095538944005966,6.708983331918716,3.637520596385002
317,149.61157309227846,26.137224584817886,54.234981536865234,123.47434850746058,95.37659155541323,0.6461628449530761,0.6581203162003106,23.128950595855713,15.332277119159698,10.28483659029007,5.488917231559753
318,140.19175985383876,32.72991329431534,68.03333684802055,107.46184655952342,72.15842300581821,0.6455887966274376,0.6577348545389547,29.16298806667328,19.3318709731102,12.766702473163605,6.771775335073471
319,172.16147445732156,41.012197732925415,85.11363416910172,131.14927672439615,87.04784028821985,0.6448882128842518,0.657269855392116,36.10339164733887,24.193137884140015,16.15738570690155,8.659718930721283
320,215.50864901886985,49.849604070186615,106.93536400794983,165.65904494868323,108.57328501092002,0.6440032820885857,0.6566898698952628,44.88323926925659,30.384832620620728,20.53517997264862,11.13211214542389
321,212.19072371320988,56.37976638972759,124.24866259098053,155.81095732348228,87.94206112222935,0.6431709585986098,0.6562200939277295,51.73444151878357,35.31586527824402,24.0556463599205,13.14270943403244
322,187.7577736262266,60.68694703280926,134.0611606836319,127.07082659341734,53.6966129425947,0.642492161448004,0.6559332530466259,55.46067953109741,38.099098205566406,26.12191140651703,14.37947154045105
323,148.54970186438499,63.40934596955776,135.05822122097015,85.14035589482722,13.491480643414832,0.6420373518545488,0.655861183171394,55.74114918708801,38.298600912094116,26.42040252685547,14.598068594932556
324,143.78304680992906,65.59116840362549,135.01988798379898,78.19187840630357,8.76315882613008,0.6416196601963955,0.6558143714255279,55.70787191390991,38.27870190143585,26.42638385295868,14.606930315494537
325,132.01272235129395,67.24933385848999,132.8711450099945,64.76338849280395,-0.8584226587005617,0.6412737019245323,0.6558189570166534,54.850465059280396,37.655049562454224,26.004523038864136,14.361107349395752
326,174.4368144698542,69.14750337600708,138.745379447937,105.28931109384712,35.69143502191719,0.6407112590233899,0.6556282976415363,57.227832078933716,39.380836486816406,27.1306574344635,15.006053447723389
327,245.295946460121,71.44132032990456,156.3223898410797,173.85462613021645,88.97355661904129,0.63978254841372,0.6551530115484858,64.10477757453918,44.399815797805786,30.699774622917175,17.118021845817566
328,257.782306339306,73.2411302626133,172.9967623949051,184.5411760766927,84.7855439444009,0.6387967515329684,0.6547000973180136,70.48810720443726,49.0872323513031,34.159666299819946,19.261756539344788
329,250.58514064652735,74.32044073939323,185.38731187582016,176.26469990713412,65.19782877070719,0.6378551665975671,0.65435181831817,75.1668632030487,52.540022134780884,36.768314242362976,20.912112295627594
330,201.57462789620115,74.68129321932793,186.7356926202774,126.89333467687322,14.838935275923745,0.6371773175875411,0.6542725505015251,75.30218362808228,52.889037132263184,37.20245063304901,21.342021226882935
331,136.37179167257497,74.77374076843262,176.1071413755417,61.598050904142355,-39.735349702966715,0.6368482681703181,0.6544848119849811,70.75826525688171,49.87142086029053,35.12941300868988,20.348042249679565
332,139.5211998378035,74.86245632171631,167.95251220464706,64.65874351608718,-28.43131236684357,0.6365028688993989,0.6546366886536074,67.84054040908813,47.55662679672241,33.40953588485718,19.14580911397934
333,100.92987598810984,74.61371943354607,154.3149009346962,26.316156554563776,-53.385024946586356,0.6363622911400262,0.6549218650689204,62.50458359718323,43.67481768131256,30.616062879562378,17.51943677663803
334,28.506134384269842,72.0203548669815,130.08757084608078,-43.514220482711664,-101.58143646181094,0.6365947388990151,0.6554645009474557,53.02513837814331,36.768749356269836,25.629103183746338,14.664579927921295
335,3.755072261991744,68.73651072382927,106.67180642485619,-64.98143846183753,-102.91673416286444,0.6369418619677215,0.6560142698265308,44.29328739643097,30.16454577445984,20.722872018814087,11.491101235151291
336,-7.239734506782971,65.14992453157902,87.4708853662014,-72.38965903836198,-94.71061987298437,0.637328558864294,0.6565202026249976,36.96067929267883,24.858909845352173,16.721315681934357,8.929980546236038
337,-7.598423910401703,61.475880071520805,71.72612473368645,-69.07430398192251,-79.32454864408815,0.6376975455308641,0.6569439448720279,30.847644805908203,20.46690136194229,13.410332798957825,7.001245766878128
338,-10.655450761706575,57.58974067866802,58.815423026680946,-68.2451914403746,-69.47087378838752,0.6380621031774473,0.6573150499670514,25.66171884536743,16.823744773864746,10.771829634904861,5.558129772543907
339,-19.398893940156803,53.23293283581734,48.22864755988121,-72.63182677597413,-67.627541500038,0.6384500937050968,0.6576763082015601,21.20635211467743,13.84686529636383,8.70189219713211,4.47353795170784
340,-8.4597368131989,49.17495734989643,39.54749070107937,-57.63469416309533,-48.00722751427827,0.6387579713448569,0.6579327570664868,17.359595000743866,11.386151611804962,7.126777619123459,3.6749664694070816
341,-11.357512560137057,44.91989277303219,32.42894187569618,-56.27740533316924,-43.786454435833235,0.6390585985100982,0.6581666590666783,14.208680391311646,9.327961504459381,5.8668456971645355,3.02545428276062
342,-11.605761058139073,40.71540981531143,26.591731794178486,-52.321170873450505,-38.19749285231756,0.6393380919442512,0.6583707055028551,11.664268374443054,7.602165639400482,4.834960028529167,2.4903377518057823
343,62.23059871734629,40.980515629053116,31.32565040141344,21.250083088293174,30.90494831593285,0.6392245765431385,0.6582056149669795,13.54406625032425,8.95216390490532,5.791002884507179,3.038417361676693
344,108.21573248268791,43.8224021345377,43.489544466137886,64.39333034815022,64.72618801655003,0.6388805950776035,0.657859855415609,18.645353615283966,12.335054576396942,8.164132386446,4.345003888010979
345,126.3395670967411,47.445445135235786,56.736183911561966,78.89412196150532,69.60338318517914,0.6384591521184074,0.6574880424712437,24.36075359582901,16.104763746261597,10.640823096036911,5.629843473434448
346,153.78041707337022,52.32950896024704,72.54848778247833,101.45090811312318,81.23192929089188,0.6379172135066921,0.6570541112250317,31.015297770500183,20.60500979423523,13.659287989139557,7.268892228603363
347,140.37473970925072,55.911944434046745,83.11405628919601,84.46279527520397,57.260683420054704,0.6374660233609912,0.6567482315059074,35.470420122146606,23.609541356563568,15.688686072826385,8.345408737659454
348,138.1658465161525,59.03347544372082,91.38902649283409,79.13237107243168,46.77682002331841,0.637043307703553,0.6564983553305692,38.83978724479675,25.9505957365036,17.34626442193985,9.252379089593887
349,141.3415291315385,61.95657514035702,98.75332489609718,79.38495399118148,42.58820423544131,0.6366192427783864,0.6562708542395679,41.773855686187744,28.04155945777893,18.84215921163559,10.095750540494919
350,151.11652736448315,64.64953944087029,106.55809938907623,86.46698792361286,44.558427975406914,0.6361573464753757,0.6560328284491009,44.83560621738434,30.26723563671112,20.43801248073578,11.017245054244995
351,123.99545165382088,66.29067361354828,108.0830805003643,57.7047780402726,15.912371153456576,0.6358490944559297,0.6559478264664436,45.406267046928406,30.693858861923218,20.78096866607666,11.20198592543602
352,100.31672958646952,66.89538285136223,105.07384091615677,33.42134673510729,-4.757111329687248,0.6356705616208063,0.6559732383859398,44.20635402202606,29.821330308914185,20.195406675338745,10.850749909877777
353,133.24221607029116,68.51289942860603,108.53211730718613,64.72931664168513,24.710098763105037,0.6353247853566947,0.6558412399951112,45.588165521621704,30.82708716392517,20.863255858421326,11.253608763217926
354,85.62943624069196,68.4055469930172,102.80140414834023,17.223889247674762,-17.171967907648266,0.6352327774013118,0.6559329705929084,43.3032751083374,29.16623055934906,19.74765956401825,10.584238916635513
355,84.2739750590121,68.28500032424927,97.85559922456741,15.988974734762834,-13.581624165555311,0.6351473662114894,0.6560055220040493,41.41881763935089,27.762845158576965,18.701739609241486,9.972196817398071
356,87.00114704205244,68.2737834751606,94.28884387016296,18.72736356689184,-7.287696828110526,0.6350473268761961,0.656044452008473,40.05624055862427,26.755291223526,17.94239431619644,9.534917771816254
357,-8.262085440761314,64.56512846052647,77.31685042381287,-72.82721390128778,-85.57893586457418,0.6354363611384893,0.6565016044436469,33.034393191337585,22.028878331184387,14.582781493663788,7.670797407627106
358,-30.541345252335695,60.06801687180996,63.399817049503326,-90.60936212414566,-93.94116230183903,0.6359203855088106,0.6570034268918405,27.55712866783142,18.137209117412567,11.669021844863892,6.036457419395447
359,-18.49449221631264,55.81136234104633,51.98784880340099,-74.30585455735897,-70.48234101971363,0.6363173184925571,0.6573799351237835,22.821879386901855,14.89817500114441,9.422308206558228,4.845486208796501
360,-9.585366745889983,51.75783559679985,42.63003654778004,-61.343202342689835,-52.21540329367002,0.6366450065392595,0.6576588635601812,18.735022842884064,12.264619022607803,7.673962414264679,3.956432268023491
361,-18.868938058704686,47.123220562934875,34.95663069188595,-65.99215862163956,-53.825568750590634,0.6369975287541186,0.6579463933077805,15.348552167415619,10.061544924974442,6.298887729644775,3.2476458698511124
362,-7.396233984641826,43.14751550555229,28.66443619132042,-50.543749490194116,-36.060670175962244,0.6372675274159252,0.6581390250929084,12.544816732406616,8.22608470916748,5.21022193133831,2.6833128184080124
363,66.34618720793499,43.48543956875801,33.772747218608856,22.860747639176978,32.57343998932613,0.6371454080375107,0.657965021674162,14.605213701725006,9.637833386659622,6.24849833548069,3.281201794743538
364,115.80628812793668,46.54332920908928,46.869393438100815,69.2629589188474,68.93689468983587,0.6367754135988417,0.6575967690315881,20.09386122226715,13.278944790363312,8.813571184873581,4.683016240596771
365,99.46739008428477,48.41882139444351,54.6782448887825,51.04856868984126,44.78914519550227,0.6365027182532763,0.6573575107773386,23.632438480854034,15.559472143650055,10.154497623443604,5.331836640834808
366,149.21237039067017,52.96212621033192,70.04248946905136,96.25024418033826,79.16988092161881,0.6359885609659882,0.6569345947467744,29.984867572784424,19.88467574119568,13.170798122882843,7.0021480321884155
367,223.11845340742204,59.35038737952709,95.95644548535347,163.76806602789495,127.16200792206857,0.6351137315534461,0.6562553105164215,40.34850597381592,27.265125513076782,18.384239077568054,9.958574920892715
368,207.1350512934914,63.68797793984413,114.34844210743904,143.44707335364726,92.78660918605235,0.634347454452198,0.6557596555528208,47.86695837974548,32.48337507247925,22.0270574092865,11.97105124592781
369,159.90702156117968,66.22246578335762,120.94310969114304,93.68455577782206,38.96391187003664,0.6338470027653507,0.6555515149979595,50.384521484375,34.36999022960663,23.422113060951233,12.766484916210175
370,137.0223843011352,68.02648603916168,122.23749160766602,68.99589826197351,14.784892693469175,0.6334784349327547,0.6554725358703234,50.8400559425354,34.69617962837219,23.735009133815765,12.966246902942657
371,92.29209727316203,68.22711229324341,115.24971649050713,24.06498497991862,-22.957619217345098,0.6333498826625628,0.6555951727251169,48.057255148887634,32.64881074428558,22.369447350502014,12.174203246831894
372,65.69942099625571,67.47941821813583,104.72952276468277,-1.779997221880123,-39.03010176842706,0.633359391194731,0.6558036668584952,43.985968828201294,29.666811227798462,20.200325548648834,10.87641716003418
373,39.10674471934939,65.69437086582184,91.3102775812149,-26.587626146472445,-52.20353286186551,0.63350141911218,0.6560825318844667,38.657912611961365,25.907796621322632,17.462365329265594,9.282203018665314
374,38.09922730913492,63.93978297710419,80.11711090803146,-25.84055566796927,-42.017883598896546,0.633639456268526,0.6563069863908711,34.30912792682648,22.76303321123123,15.107902884483337,7.9370468854904175
375,18.314595910733598,61.33153215050697,67.37101823091507,-43.01693623977337,-49.05642232018147,0.6338692475945932,0.6565690399289064,29.167720675468445,19.207803905010223,12.49946728348732,6.496026366949081
376,16.871464192005103,58.682047203183174,56.65190815925598,-41.81058301117807,-39.780443967250875,0.6340925947260632,0.6567815423005263,24.767033755779266,16.194429993629456,10.347600281238556,5.342844128608704
377,62.38277790037938,58.21027085185051,56.04815594851971,4.172507048528871,6.334621951859674,0.6340703056926843,0.6567477035080485,24.47866052389145,16.020677983760834,10.239971429109573,5.308846011757851
378,36.37631292416639,56.52437582612038,50.872890278697014,-20.148062901953985,-14.496577354530622,0.6341779342338272,0.6568251424896432,22.277817130088806,14.574070274829865,9.242849797010422,4.7781530767679214
379,61.2078498115461,56.04861304163933,51.09661854803562,5.159236769906769,10.111231263510476,0.6341503742083469,0.6567711295021245,22.310875356197357,14.607463777065277,9.33571681380272,4.842562600970268
380,133.90055658496664,59.021152928471565,64.36631977558136,74.87940365649507,69.53423680938528,0.6337503773939425,0.6563996859294248,27.63788104057312,18.282410502433777,12.053657323122025,6.392370909452438
381,163.40189283233485,62.56674751639366,80.56841343641281,100.83514531594119,82.83347939592204,0.6332117281134086,0.6559571993941902,34.312087297439575,22.881528735160828,15.233159065246582,8.141638338565826
382,147.35453105381032,65.16914591193199,90.978342294693,82.18538514187833,56.376188759117326,0.6327727036201294,0.6556560445397077,38.64734172821045,25.827333331108093,17.27481037378311,9.228856861591339
383,169.5128993541777,67.63497665524483,103.5116694867611,101.87792269893288,66.00122986741661,0.6322284839475923,0.655303473867339,43.630510568618774,29.394137859344482,19.807396829128265,10.679624229669571
384,202.85548937691044,70.07280513644218,119.80081498622894,132.78268424046826,83.0546743906815,0.6315191747369061,0.6548598057349101,50.00622272491455,34.03644859790802,23.140597343444824,12.617546319961548
385,186.51392188382763,71.70801013708115,130.22921681404114,114.80591174674649,56.2847050697865,0.6309058952938145,0.6545591395753493,53.9812445640564,37.01545596122742,25.330129265785217,13.902387022972107
386,183.8330256791491,72.92340993881226,138.30659836530685,110.90961574033685,45.52642731384225,0.6303134293977657,0.6543159428482455,57.07101821899414,39.262187480926514,27.03092396259308,14.942468702793121
387,216.50936297419236,74.11546185612679,150.81879943609238,142.39390111806557,65.69056353809998,0.6295527782165794,0.6539650317182343,61.92762851715088,42.81000792980194,29.59405779838562,16.487105190753937
388,172.2986025575077,74.64845329523087,153.13096791505814,97.65014926227684,19.16763464244957,0.6290311428038535,0.6538626405075374,62.64996528625488,43.37407648563385,30.195730924606323,16.91119521856308
389,142.82816171356083,74.99146163463593,149.7252196073532,67.8367000789249,-6.897057893792379,0.6286687672692439,0.6538994837655171,61.226850748062134,42.36792325973511,29.55988347530365,16.57056212425232
390,169.08004096138725,75.33151507377625,151.656773686409,93.74852588761101,17.423267274978258,0.6281679738617246,0.6538064107565695,62.07888722419739,42.95816123485565,29.893764853477478,16.72596037387848
391,110.54215695216705,75.42878836393356,142.7065223455429,35.113368588233485,-32.16436539337586,0.627980402448326,0.6539782289477735,58.40904116630554,40.35370051860809,28.147605061531067,15.796175599098206
392,87.99966784368735,74.91823956370354,131.30471259355545,13.081428279983811,-43.3050447498681,0.6279105230237534,0.654209559315027,54.03097867965698,37.12576925754547,25.790008902549744,14.357955753803253
393,148.1129721329683,75.22582933306694,132.76896625757217,72.88714279990137,15.344005875396135,0.6275211686284548,0.6541275934716755,54.86885905265808,37.651294469833374,25.942042469978333,14.306770265102386
394,121.56401537007523,75.48370957374573,129.19320166110992,46.0803057963295,-7.629186291034699,0.6272750131487735,0.6541683476719481,53.424692153930664,36.595138907432556,25.25530755519867,13.918063044548035
395,119.80055332088914,75.70299282670021,125.94247758388519,44.097560494188926,-6.141924262996056,0.6270394492572448,0.6542011570964299,52.19191908836365,35.686030983924866,24.568447470664978,13.496080040931702
396,154.04299693114146,75.84393918514252,129.43958193063736,78.19905774599894,24.6034150005041,0.6266217192479179,0.6540697285974956,53.62643003463745,36.73507273197174,25.21909475326538,13.858984410762787
397,92.650686167621,75.42071491479874,121.26036882400513,17.229971252822267,-28.609682656384123,0.6265296788031912,0.6542225580988651,50.3279447555542,34.31878685951233,23.649640381336212,12.963996827602386
398,123.34684154938061,75.68468078970909,120.07432281970978,47.66216075967152,3.2725187296708356,0.6262750732435776,0.6542050766953946,49.978840351104736,34.06027853488922,23.313187062740326,12.722016870975494
399,125.14916727230455,75.89624971151352,119.42669004201889,49.25291756079103,5.722477230285662,0.6260119700514793,0.6541745079067713,49.73780810832977,33.88296663761139,23.17126840353012,12.634646892547607
400,125.14916727230516,76.07137337327003,118.89650970697403,49.07779389903513,6.252657565331134,0.6257498023490272,0.6541411069582386,49.53579604625702,33.73521268367767,23.059119284152985,12.566381692886353
401,126.97112795234445,76.21755972504616,118.79067569971085,50.75356822729829,8.1804522526336,0.6254786828606336,0.6540974079611626,49.49999749660492,33.709755539894104,23.03234487771988,12.548577785491943
402,126.9711279523438,76.33984982967377,118.70515197515488,50.63127812267004,8.26597597718893,0.6252082166313458,0.6540532521065836,49.46741759777069,33.685725927352905,23.014304041862488,12.537704408168793
403,152.31460296715665,76.3709731400013,123.1981173157692,75.94362982715535,29.11648565138745,0.6248025348480811,0.6538977153242578,51.232630014419556,34.98929142951965,23.9127054810524,13.063490390777588
404,98.7116786282216,76.1017695069313,117.2383040189743,22.6099091212903,-18.5266253907527,0.6246817554190144,0.653996682340234,48.8308310508728,33.21128785610199,22.776325047016144,12.419860064983368
405,73.9754564199552,75.15095844864845,107.89588764309883,-1.1755020286932591,-33.92043122314364,0.6246880348101933,0.654177881224973,45.213523507118225,30.555328726768494,20.857004821300507,11.270030587911606
406,34.80588314635632,72.97722399234772,93.17936524748802,-38.171340845991395,-58.3734821011317,0.6248919415454817,0.6544897053814961,39.35974836349487,26.420024037361145,17.86547601222992,9.534116834402084
407,32.42119788990516,70.87310403585434,80.6735910475254,-38.45190614594918,-48.25239315762025,0.6250973470270306,0.6547474638919535,34.5015674829483,22.914467751979828,15.23967832326889,8.017877489328384
408,63.330521017372035,70.0392059981823,75.97511038184166,-6.708684980810261,-12.644589364469624,0.6251331840194494,0.6548150097753107,32.78445899486542,21.60348892211914,14.178568124771118,7.408594340085983
409,61.95453078586141,69.2019522190094,71.87273502349854,-7.247421433147991,-9.918204237637127,0.6251718988775324,0.6548679916355545,31.125745177268982,20.45792192220688,13.338370621204376,6.950697302818298
410,92.650686167621,69.51789110898972,74.03256744146347,23.132795058631288,18.618118726157533,0.625048326254356,0.6547685358731284,31.96096420288086,21.056580543518066,13.787974417209625,7.227048277854919
411,92.650686167621,69.7932243347168,75.80649480223656,22.857461832904207,16.844191365384447,0.6249262244283256,0.6546785562183989,32.690054178237915,21.55301719903946,14.144621789455414,7.418801635503769
412,92.650686167621,70.04651054739952,77.26370766758919,22.604175620221483,15.386978500031816,0.6248054756269354,0.6545963608204286,33.28514099121094,21.960915625095367,14.439092576503754,7.578558474779129
413,207.76126884922132,72.14364036917686,99.18088912963867,135.61762848004446,108.58037971958265,0.6240810224833455,0.6540163374244906,41.76890254020691,28.163111209869385,18.982094526290894,10.266780853271484
414,248.3154671619815,74.02109429240227,124.46944564580917,174.29437286957923,123.84602151617233,0.6231499627992132,0.6533547667967333,51.81474685668945,35.35431921482086,24.106033146381378,13.19434642791748
415,163.79257026819946,74.70597997307777,130.01098483800888,89.08659029512168,33.781585430190574,0.6226740728937905,0.6531743096096062,53.860217332839966,36.906588077545166,25.326070189476013,13.918109238147736
416,165.9025358095891,75.27818232774734,134.94004607200623,90.62435348184175,30.96248973758287,0.6221899684414303,0.6530089116943414,55.74767589569092,38.28672170639038,26.358002424240112,14.547646045684814
417,135.89774185692622,75.64750090241432,133.5857719182968,60.250240954511895,2.311969938629403,0.6218681188636818,0.6529965614275752,55.133843421936035,37.846335768699646,26.15041732788086,14.455175399780273
418,168.03277952220643,76.02653801441193,138.25993239879608,92.0062415077945,29.772847123410344,0.621376632530841,0.6528375184408048,57.014161348342896,39.21780586242676,27.0546555519104,14.973309636116028
419,107.23189680172523,76.10343843698502,131.15316480398178,31.12845836474021,-23.921268002256554,0.6212103480310294,0.652965302992099,54.102081060409546,37.105390429496765,25.718528032302856,14.227165281772614
420,7.357591195805354,72.83001840114594,107.54559487104416,-65.47242720534058,-100.1880036752388,0.6215600939028527,0.653500495319424,44.633010029792786,30.37821650505066,20.92566341161728,11.608704924583435
421,38.21505613129616,71.01942673325539,93.5252845287323,-32.80437060195923,-55.31022839743614,0.6217353309252991,0.6537959559412052,39.51295018196106,26.518625020980835,17.93435662984848,9.559352695941925
422,36.95776157273445,69.24639046192169,81.79380744695663,-32.288628889187244,-44.83604587422219,0.6219078129172285,0.6540354647332683,34.96333658695221,23.225757479667664,15.462487936019897,8.142225444316864
423,67.21614420006202,68.74637007713318,77.61360630393028,-1.5302258770711603,-10.397462103868264,0.6219159872007599,0.6540910067316864,33.45111310482025,22.058947384357452,14.51098769903183,7.592558115720749
424,130.2072130563812,70.30899152159691,85.52263677120209,59.898221534784284,44.684576285179105,0.6215960180686296,0.6538523070720433,36.50938868522644,24.269306659698486,16.157422959804535,8.586518466472626
425,132.0838680943332,71.65078073740005,92.35270991921425,60.43308735693316,39.73115817511896,0.6212731917472785,0.6536400679792276,39.24612104892731,26.205626130104065,17.543932795524597,9.35702994465828
426,100.37516592046694,72.03924879431725,92.25192070007324,28.335917126149695,8.123245220393699,0.6211218246686131,0.6535966745752725,39.25600051879883,26.171022653579712,17.51546412706375,9.309433400630951
427,132.0838680943332,73.08512255549431,97.87808731198311,58.998745538838904,34.205780782350104,0.6208066604296236,0.6534139513873326,41.43948256969452,27.78029441833496,18.66469979286194,9.99361053109169
428,165.9025358095891,74.14457499980927,108.584164083004,91.75796080977983,57.3183717265851,0.6203165003825628,0.6531077635041778,45.62988877296448,30.83406686782837,20.845796167850494,11.274412274360657
429,168.03277952220643,74.95259046554565,117.75540933012962,93.08018905666077,50.2773701920768,0.6198192771504225,0.6528391878087073,49.180442094802856,33.45309495925903,22.743186354637146,12.378685921430588
430,137.83523140856133,75.44520795345306,119.84801292419434,62.39002345510826,17.98721848436699,0.6194859971105983,0.6527431022398805,49.92888271808624,34.02264416217804,23.232077062129974,12.66440898180008
431,162.09638546680102,75.92781186103821,125.93372017145157,86.16857360576282,36.162665295349456,0.6190256949011658,0.6525499256090292,52.29442119598389,35.76489984989166,24.47412461042404,13.400274515151978
432,198.53755130102985,76.49582773447037,137.4889761209488,122.04172356655948,61.04857518008106,0.6183737626171564,0.652223811425375,56.78225755691528,39.05331194400787,26.837828755378723,14.815577864646912
433,143.26969074605128,76.69094055891037,137.02545315027237,66.57875018714091,6.2442375957789125,0.6180181069003448,0.6521904554553121,56.45780563354492,38.81765007972717,26.862379908561707,14.887617528438568
434,110.3352740343717,76.79271474480629,130.71813732385635,33.5425592895654,-20.38286328948466,0.6178389265622595,0.6522993382720293,53.9517343044281,36.98906600475311,25.617024302482605,14.160312712192535
435,110.3352740343717,76.90058201551437,125.54299980401993,33.43469201885732,-15.207725769648235,0.6176603224382271,0.652380576123363,52.0061731338501,35.54709851741791,24.513183534145355,13.476544618606567
436,52.70004478893247,75.28899610042572,110.92270538210869,-22.588951311493247,-58.222660593176215,0.6177809899131816,0.6526915946094376,46.257901191711426,31.350791454315186,21.553152799606323,11.760859936475754
437,17.68812062081908,72.59973958134651,92.62296259403229,-54.911618960527434,-74.93484197321321,0.6180743212110477,0.6530918875686962,39.04199004173279,26.247698068618774,17.796076834201813,9.537197649478912
438,40.79061517560066,70.96531987190247,81.76409378647804,-30.17470469630181,-40.973478610877386,0.6182355108728869,0.6533107629886261,34.974801540374756,23.21605384349823,15.444105863571167,8.12913253903389
439,71.62766652636577,70.57187780737877,78.40418741106987,1.055788718987003,-6.776520884704098,0.6182298709758838,0.6533469623523265,33.779725432395935,22.277310490608215,14.667603373527527,7.679548114538193
440,103.762704191646,71.2724044919014,81.43232613801956,32.4902996997446,22.330378053626433,0.6180563116826159,0.6532276761447751,34.94725227355957,23.117081820964813,15.299558639526367,8.068433403968811
441,39.4926288610862,69.62572485208511,72.35022336244583,-30.13309599099891,-32.85759450135963,0.6182172790757302,0.6534031974829233,31.268388032913208,20.584911108016968,13.468609750270844,7.028314471244812
442,-9.173571279609021,65.99105559289455,59.32718403637409,-75.16462687250358,-68.50075531598311,0.6186187995184252,0.6537691203211498,25.90121626853943,16.945555806159973,10.869863629341125,5.610548332333565
443,66.14154176523654,65.717563778162,59.005216136574745,0.4239779870745366,7.136325628661794,0.6186165346787507,0.6537309989235608,25.753846764564514,16.842617094516754,10.803253948688507,5.60549832880497
444,98.7116786282216,66.66411831974983,64.60492610931396,32.04756030847177,34.10675251890764,0.6184453404463336,0.6535488047327547,27.96277105808258,18.39905083179474,11.964958906173706,6.2781453132629395
445,73.9754564199552,66.60513058304787,64.74941670894623,7.370325836907327,9.226039711008966,0.6184059690476321,0.6534995203325891,28.168797492980957,18.46063584089279,11.920841038227081,6.199142336845398
446,97.47720038411612,67.43415296077728,69.09962892532349,30.043047423338834,28.37757145879263,0.6182454826831912,0.653347930741463,29.881787300109863,19.67088133096695,12.822000682353973,6.7249596118927
447,66.14154176523654,67.04634428024292,67.03075543045998,-0.9048025150063808,-0.889213665223437,0.6182503160299594,0.653352680814461,29.14566397666931,19.105692207813263,12.35814094543457,6.421258300542831
448,33.603655332824424,65.33385924994946,59.477320685982704,-31.73020391712503,-25.87366535315828,0.6184198149825081,0.6534908948387834,25.97518563270569,16.981792449951172,10.887143015861511,5.633199587464333
449,63.33052101737142,64.96433764696121,58.630357310175896,-1.633816629589795,4.700163707195522,0.6184285426354439,0.6534657871266724,25.610530376434326,16.73826575279236,10.723665356636047,5.557895824313164
450,94.23984414483829,65.80225601792336,63.50025124847889,28.43758812691493,30.739592896359397,0.6182766324424582,0.6533015798996619,27.517616748809814,18.08832734823227,11.741361767053604,6.152945384383202
451,125.14916727230516,67.72943586111069,73.06196838617325,57.419731411194476,52.087198886131915,0.6179699031079967,0.6530233363158684,31.40983283519745,20.76440304517746,13.660112023353577,7.227620482444763
452,181.4354869803983,70.32195255160332,91.04212895035744,111.11353442879499,90.39335803004087,0.6173763479027147,0.6525404658135712,38.54042887687683,25.840401649475098,17.337501049041748,9.32379737496376
453,185.32439830566173,72.35026732087135,106.49977400898933,112.97413098479038,78.8246242966724,0.6167728536132661,0.6521193941025847,44.795843958854675,30.231165885925293,20.423340797424316,11.04942336678505
454,163.79257026819946,73.70276525616646,115.31143635511398,90.089805012033,48.48113391308547,0.6162916046548684,0.6518604136863823,48.23413789272308,32.75219798088074,22.239695489406586,12.085404992103577
455,133.98066589001553,74.5315782725811,117.17831939458847,59.44908761743443,16.80234649542706,0.6159740347423821,0.6517706575619409,48.89720976352692,33.26549232006073,22.680675983428955,12.334941327571869
456,133.98066589001616,75.22796019911766,118.71174722909927,58.752705690898495,15.268918660916881,0.6156601848188196,0.6516890928255044,49.48662221431732,33.69385004043579,23.00208956003189,12.52918541431427
457,200.16781718748663,76.14633738994598,131.88519328832626,124.02147979754065,68.28262389916037,0.6149976769139182,0.6513243352192054,54.646480083465576,37.473055720329285,25.658711791038513,14.10694569349289
458,172.35464311511237,76.64524987339973,137.6915544271469,95.70939324171263,34.663088687965455,0.614486408787627,0.6511391691471543,56.807518005371094,39.057862758636475,26.929566264152527,14.896607398986816
459,107.23189680172523,76.78035274147987,130.7360053062439,30.451544060245354,-23.50410850451867,0.6143237402830316,0.651264725282328,53.94529104232788,36.982131004333496,25.631621479988098,14.176961779594421
460,131.65292666924492,77.08748653531075,129.42463159561157,54.565440133934175,2.2282950736333476,0.6140322582310341,0.6512528219966783,53.54768633842468,36.67174279689789,25.279852747917175,13.925349712371826
461,133.09505336908342,77.33758017420769,128.60922515392303,55.75747319487573,4.485828215160382,0.6137344084810615,0.6512288592391187,53.24527025222778,36.44671440124512,25.1020610332489,13.815179467201233
462,84.01317992012407,76.76166370511055,119.10654604434967,7.251516215013524,-35.0933661242256,0.6136956717491437,0.6514163238017481,49.48314428329468,33.68782699108124,23.220178484916687,12.715396285057068
463,50.249493777512,75.13585537672043,105.23148626089096,-24.886361599208428,-54.98199248337896,0.6138286117149515,0.6517100310265524,44.11614537239075,29.750177264213562,20.364025235176086,11.001138389110565
464,8.442409764613775,72.09743186831474,86.32020428776741,-63.65502210370097,-77.87779452315364,0.6141686492261892,0.6521260448861846,36.52299344539642,24.50067400932312,16.507835686206818,8.78870114684105
465,-12.686198435385903,68.27384307980537,70.78256607055664,-80.96004151519128,-83.46876450594254,0.614601128080437,0.65257192503846,30.518239736557007,20.18352746963501,13.196071982383728,6.884726881980896
466,35.720609771902424,66.71817526221275,62.95734345912933,-30.99756549031033,-27.23673368722691,0.6147667133661758,0.6527174204107208,27.43154764175415,17.96061098575592,11.570297926664352,5.99488690495491
467,98.7116786282216,67.67325177788734,67.87486299872398,31.03842685033426,30.83681562949762,0.6146009098039411,0.6525526938315034,29.358619451522827,19.325537979602814,12.585978209972382,6.604727357625961
468,161.70274748454077,70.03849446773529,83.25036391615868,91.66425301680547,78.45238356838209,0.6141112503326975,0.6521336105859458,35.457226634025574,23.624464869499207,15.7438725233078,8.424799889326096
469,133.98066589001553,71.58721312880516,90.88037312030792,62.39345276121037,43.10029276970761,0.6137779519739304,0.65190337397927,38.65387141704559,25.780391693115234,17.24931001663208,9.196799993515015
470,100.37516592046694,72.1285954117775,91.09461531043053,28.246570508689445,9.280550610036414,0.6136270621742045,0.6518537983884044,38.794153928756714,25.834378600120544,17.28387027978897,9.182212501764297
471,46.19552361118876,70.76747789978981,81.5193921327591,-24.57195428860105,-35.32386852157033,0.6137583226137804,0.6520424942672589,34.91253852844238,23.140820860862732,15.373079478740692,8.092953264713287
472,-25.426753137504072,66.4438009262085,66.84590205550194,-91.87055406371258,-92.27265519300602,0.614249084120531,0.6525354037501275,28.96440327167511,19.092737138271332,12.364181131124496,6.424580514431
473,1.5118747624389166,63.455985113978386,54.81363758444786,-61.94411035153947,-53.301762822008946,0.6145799821459131,0.652820135389134,24.019478261470795,15.661981701850891,9.984704852104187,5.147472769021988
474,0.5622200223409971,60.4059599339962,44.9471827596426,-59.843739911655206,-44.384962737301606,0.6148996602437318,0.6530572345490554,19.768089056015015,12.889368832111359,8.109897375106812,4.179827496409416
475,-11.870640123337427,56.69783316552639,36.85669042170048,-68.56847328886381,-48.7273305450379,0.6152659448232664,0.6533175301182063,16.20478928089142,10.601134598255157,6.631048768758774,3.419717773795128
476,-12.498257583133714,52.8639305382967,30.222485959529877,-65.36218812143042,-42.72074354266359,0.6156151018110945,0.6535457392183274,13.2712721824646,8.679991215467453,5.4531678557395935,2.8180547058582306
477,-31.415137476062394,47.92522415518761,24.78243876248598,-79.34036163125,-56.19757623854838,0.6160389285292102,0.6538459399460974,10.954710841178894,7.061023265123367,4.461274296045303,2.3054303601384163
478,-56.94797765463571,41.9704582542181,20.321599580347538,-98.91843590885381,-77.26957723498325,0.6165673389774412,0.6542587047817544,8.88405591249466,5.729486420750618,3.711751475930214,1.9963057711720467
479,-120.0,35.275499150156975,16.66371189057827,-155.27549915015697,-136.66371189057827,0.6173968021139271,0.6549887459777511,7.152020186185837,4.606407508254051,3.1466305255889893,1.7586536705493927
480,-120.0,28.325693868100643,13.664243649691343,-148.32569386810064,-133.66424364969134,0.6181891402221968,0.6557027643733158,5.799584463238716,3.7720784544944763,2.604866772890091,1.48771395906806
481,-120.0,20.706593804061413,11.20467958971858,-140.7065938040614,-131.20467958971858,0.6189407780096117,0.6564036440719788,4.716995358467102,3.086618147790432,2.151314914226532,1.2497511692345142
482,-120.0,13.197244424372911,9.18783750385046,-133.1972444243729,-129.18783750385046,0.6196523017511949,0.6570937500415507,3.8381285965442657,2.525314874947071,1.7763594165444374,1.0480346158146858
483,-120.0,8.09498568996787,7.534026633948088,-128.09498568996787,-127.53402663394809,0.6203365698371456,0.6577750215513474,3.1205182895064354,2.065836451947689,1.468117069453001,0.8795548230409622
484,-120.0,5.865840381011367,6.1779017560184,-125.86584038101137,-126.1779017560184,0.6210089300955911,0.6584490488043175,2.5383127853274345,1.6897790133953094,1.2092632241547108,0.7405467331409454
485,-120.0,5.172647582367063,5.065879598259926,-125.17264758236706,-125.06587959825993,0.6216775874010525,0.6591171357679835,2.0642509683966637,1.3832024298608303,0.9947263635694981,0.6236998364329338
486,-58.74701830142323,4.7855110373348,4.154021246358752,-63.53252933875803,-62.901039547781984,0.6220169705705971,0.6594531455946276,1.7031198367476463,1.1392354033887386,0.8032404817640781,0.5084255244582891
487,47.99231397872851,7.813770044595003,10.332663170993328,40.17854393413351,37.65965080773518,0.62180234159659,0.6592519722462957,4.308325424790382,2.942201681435108,1.949954405426979,1.1321816593408585
488,152.4489052319722,16.70385468751192,34.20713059604168,135.74505054446027,118.24177463593051,0.621077207779579,0.658620338834779,14.311444759368896,9.7637340426445,6.535279005765915,3.5966727882623672
489,201.98655039582522,28.169920295476913,62.719160318374634,173.8166301003483,139.26739007745059,0.620148700140154,0.6578763891014593,26.552098989486694,17.680752277374268,12.009536474943161,6.476772576570511
490,209.65691485928244,39.76768031716347,87.50111758708954,169.88923454211897,122.1557972721929,0.6192411721778563,0.6572238474493642,36.95892691612244,24.81624335050583,16.711953282356262,9.013994038105011
491,171.90859469312161,46.96520119905472,101.04641243815422,124.9433934940669,70.8621822549674,0.6185737395203026,0.6568453101509937,42.65555739402771,28.674477338790894,19.3087637424469,10.407613962888718
492,153.85582850188297,52.190253883600235,108.91496390104294,101.66557461828273,44.94086460084003,0.6180306541858032,0.6566052414298353,45.756322145462036,30.918872356414795,20.92108428478241,11.318685114383698
493,117.74038253374886,54.89629693329334,108.87330695986748,62.844085600455514,8.86707557388138,0.6176949486003307,0.6565578745731373,45.70246934890747,30.88986575603485,20.956547558307648,11.324424296617508
494,41.623216915613305,53.772374242544174,95.13942822813988,-12.149157326930869,-53.51621131252657,0.6177598479450258,0.6568437517703196,40.166664123535156,26.94864571094513,18.264736235141754,9.759382158517838
495,7.67246792049169,50.89040957391262,78.0143290758133,-43.21794165342093,-70.34186115532161,0.6179907130179607,0.6572195095756365,33.34903419017792,22.170323133468628,14.733622968196869,7.761348783969879
496,-4.406155532559868,47.33462817966938,63.97175081074238,-51.740783712229245,-68.37790634330224,0.6182671060933466,0.6575847761693507,27.806517481803894,18.251051008701324,11.797884851694107,6.116297468543053
497,-10.547355890428195,43.421489372849464,52.45683491230011,-53.96884526327766,-63.0041908027283,0.6185554012069324,0.6579213370176559,23.053106665611267,14.998792111873627,9.510233998298645,4.894702136516571
498,10.686963036200144,40.88113531470299,43.27012486755848,-30.194172278502844,-32.58316183135834,0.6187166948622663,0.6580953923693191,19.019433856010437,12.410538643598557,7.807932049036026,4.03222031891346
499,6.690067804200195,38.198382034897804,35.48150137066841,-31.508314230697607,-28.791433566468214,0.6188850085066611,0.6582491927623024,15.575383603572845,10.195457935333252,6.40660747885704,3.3040523529052734
500,22.126435212146422,36.59129813313484,31.400013715028763,-14.46486292098842,-9.27357850288234,0.6189622780735466,0.6582987311090058,13.744176924228668,8.994771540164948,5.7145122438669205,2.9465530067682266
501,-4.602268996280955,33.45285374671221,25.74801053851843,-38.05512274299316,-30.350279534799384,0.6191655639856353,0.6584608586706233,11.313015967607498,7.373492419719696,4.653047397732735,2.4084547534585
502,-12.370197766255252,29.993495903909206,21.11336886882782,-42.36369367016446,-33.48356663508307,0.6193918657680614,0.6586397238770073,9.329868853092194,6.021999567747116,3.794148936867714,1.9673515111207962
503,-4.772899309269675,27.184128016233444,17.31296218931675,-31.95702732550312,-22.085861498586425,0.6195625763841164,0.6587577039063801,7.615818083286285,4.948637634515762,3.1038757413625717,1.6446307301521301
504,5.098690785527956,25.14660954475403,14.196629449725151,-20.04791875922607,-9.097938664197194,0.6196696699672319,0.658806304006082,6.207823008298874,4.051468521356583,2.556939423084259,1.3803984969854355
505,20.532376590817858,24.234554916620255,13.643441535532475,-3.7021783258023966,6.888935055285383,0.6196894465608527,0.6587695041393337,5.915931239724159,3.8959044963121414,2.4772603064775467,1.3543454930186272
506,20.020432984994724,23.357575945556164,13.098738715052605,-3.33714296056144,6.921694269942119,0.6197072731792317,0.6587325292767805,5.6700099259614944,3.737878054380417,2.3818204179406166,1.3090303167700768
507,35.667286535991146,23.56121875345707,15.469580423086882,12.106067782534076,20.197706112904264,0.6196426040137267,0.6586246355475449,6.648518145084381,4.424275457859039,2.8394093737006187,1.5573774464428425
508,35.667286535991295,23.7577548250556,17.41677764803171,11.909531710935696,18.250508887959583,0.6195789847203991,0.658527143512887,7.5359046459198,4.989229142665863,3.1779874116182327,1.713656447827816
509,21.05393455495263,22.98842165619135,16.385884396731853,-1.9344871012387195,4.668050158220776,0.6195893185190168,0.6585022073475119,7.173778861761093,4.693316295742989,2.949264273047447,1.5695249661803246
510,5.397466645644426,21.19765654206276,13.43642519786954,-15.800189896418335,-8.038958552225115,0.6196737212428224,0.6585451505021712,5.863792076706886,3.8308534771203995,2.4237358942627907,1.3180437497794628
511,5.397466645644576,19.023858197033405,11.01786894723773,-13.62639155138883,-5.620402301593154,0.6197465117959815,0.6585751740187396,4.770699143409729,3.1311549246311188,2.000889554619789,1.1151253245770931
512,-25.174632018923596,13.921859301626682,9.034652542322874,-39.09649132055028,-34.20928456124647,0.6199553605744033,0.658757915923447,3.8254812359809875,2.5385404005646706,1.6837289556860924,0.9869019500911236
513,-57.409352135674574,8.706201519817114,7.408414874225855,-66.11555365549168,-64.81776700990042,0.620308541950768,0.6591041646788418,3.096928261220455,2.0515041425824165,1.4118509367108345,0.8481315337121487
514,-52.91924534941935,6.10258374363184,6.074900226667523,-59.02182909305119,-58.99414557608687,0.620623829499342,0.6594193043453808,2.5311876088380814,1.6766786575317383,1.1588568799197674,0.7081770803779364
515,-49.917883904313875,5.1468949764966965,4.981418279930949,-55.06477888081057,-54.899302184244824,0.6209179789591754,0.6597125698485017,2.0650800317525864,1.3717450201511383,0.9529469534754753,0.5916462745517492
516,-61.35738111652414,4.730557417497039,4.084762837737799,-66.08793853402118,-65.44214395426194,0.6212710128188658,0.6600621539508215,1.6718974336981773,1.1188127100467682,0.7908781059086323,0.5031745880842209
517,-50.05250373575342,4.724571714177728,3.3495056442916393,-54.77707544993115,-53.40200938004506,0.6215636254013974,0.6603474210949456,1.3673757202923298,0.9214255027472973,0.6470233201980591,0.41368110105395317
518,-43.54452572075336,4.796429956331849,2.7465946041047573,-48.34095567708521,-46.29112032485812,0.6218218570022366,0.6605947027206126,1.1173459701240063,0.7574372924864292,0.5306764505803585,0.3411348909139633
519,-39.096344412244775,4.873935645446181,2.2522076265886426,-43.97028005769096,-41.34855203883342,0.6220567409769038,0.6608155817379141,0.9135604836046696,0.622254004701972,0.43523237109184265,0.28116076719015837
520,-30.911237257919865,5.014544213190675,1.8468101974576712,-35.92578147111054,-32.758047455377536,0.622248652202711,0.6609905713076544,0.7484071888029575,0.5119867157191038,0.356255192309618,0.23016110062599182
521,-17.462003191600363,5.2907336037606,1.5143843600526452,-22.752736795360963,-18.97638755165301,0.6223701946001221,0.6610919408992765,0.6144491955637932,0.42256335727870464,0.2905172295868397,0.1868545776233077
522,-14.715892774415952,5.441527767106891,1.2417951715178788,-20.157420541522843,-15.95768794593383,0.6224778731286559,0.6611771849588167,0.503290630877018,0.34683174453675747,0.23823205847293139,0.15344073763117194
523,-10.433813480722046,5.601666681468487,1.0182720609009266,-16.03548016219053,-11.452085541622973,0.622563532744907,0.6612383606294451,0.4129469860345125,0.28475660365074873,0.1950808335095644,0.12548763770610094
524,-2.9245962261047618,5.9271967969834805,0.834983098320663,-8.851793023088241,-3.7595793244254248,0.6226108179640474,0.661258443852332,0.3396060084924102,0.23398196790367365,0.1594122382812202,0.10198288364335895
525,-3.6183278242284596,6.04381668381393,0.684686133172363,-9.662144508042388,-4.303013957400823,0.6226624319838553,0.6612814300380019,0.2779613481834531,0.19184951670467854,0.13088379055261612,0.0839914777316153
526,-2.969521947637495,6.118710804730654,0.5614426336251199,-9.08823275236815,-3.530964581262615,0.6227109802357376,0.6613002920282864,0.2277629217132926,0.1573457266204059,0.10736705735325813,0.06896692793816328
527,-0.8286676402373512,6.236071325838566,0.46038294676691294,-7.064738966075917,-1.2890505870042641,0.622748719225941,0.6613071779822769,0.18683108501136303,0.1291033113375306,0.08797936607152224,0.05646918434649706
528,0.0,6.32261224091053,0.3775140270590782,-6.32261224091053,-0.3775140270590782,0.62278249386398,0.6613091946170369,0.1531612710095942,0.10589004959911108,0.07214444340206683,0.04631826304830611
529,0.0,6.362341158092022,0.30956149857956916,-6.362341158092022,-0.30956149857956916,0.6228164807291408,0.6613108482575207,0.1255134935490787,0.08683046908117831,0.059185182908549905,0.038032353040762246
530,0.0,6.380485231056809,0.25384042819496244,-6.380485231056809,-0.25384042819496244,0.6228505645177682,0.6613122042427141,0.10285561438649893,0.07120845257304609,0.04855102743022144,0.031225333805195987
531,2.3761111275431293,6.485475180670619,0.2081491518765688,-4.109364053127489,2.1679619756665605,0.6228725162488212,0.6613006232492543,0.0844362482894212,0.05842590471729636,0.03975900763180107,0.025527991238050163
532,8.42975754986849,6.789767229929566,0.17068230517907068,1.6399903199389243,8.25907524468942,0.6228637556167703,0.6612565042575625,0.06947621004655957,0.047948164865374565,0.03251816378906369,0.020739766478072852
533,26.99949553921463,7.8298441134393215,3.235681774094701,19.16965142577531,23.76381376511993,0.6227613536326583,0.6611295608079626,1.3290269300341606,0.9134066291153431,0.612263148650527,0.3809850662946701
534,56.460396639942275,10.224505979567766,11.055600177496672,46.23589066037451,45.4047964624456,0.6225143670372503,0.6608870138183128,4.59449328482151,3.1502142548561096,2.0942388102412224,1.2166538275778294
535,58.240308519967094,12.197650410234928,17.795301601290703,46.042658109732166,40.44500691867639,0.6222684126670059,0.6606709614309267,7.563794404268265,5.0957005470991135,3.3081259578466415,1.827680692076683
536,27.532912261990532,11.590277962386608,17.80074816197157,15.942634299603924,9.732164100018963,0.6221832490222431,0.6606189733748369,7.788226753473282,5.1043447107076645,3.2075196504592896,1.7006570473313332
537,-2.475898388612262,9.207856748253107,14.596613869071007,-11.683755136865368,-17.072512257683268,0.622245662244128,0.6607101726924527,6.388053297996521,4.158693179488182,2.6257645338773727,1.424102857708931
538,-13.320957778714712,7.251305133104324,11.96922305971384,-20.57226291181904,-25.290180838428554,0.6223555568109647,0.6608452698123161,5.155505612492561,3.3889420330524445,2.190215140581131,1.2345602735877037
539,-4.934927489917502,6.5967409405857325,9.814762882888317,-11.531668430503235,-14.74969037280582,0.6224171576038626,0.6609240608933674,4.213972762227058,2.7771448716521263,1.7962731420993805,1.027372106909752
540,19.01779586546318,7.324345223605633,9.716695453971624,11.693450641857549,9.301100411491557,0.6223546925897502,0.6608743755279214,4.162421450018883,2.7620645239949226,1.77973173558712,1.012477744370699
541,20.725682644007442,7.803704123944044,9.945131279528141,12.921978520063398,10.780551364479301,0.6222856649267157,0.6608167871125128,4.255542531609535,2.8278734534978867,1.8243461847305298,1.0373691096901894
542,10.499913555934706,7.5626748614013195,8.293468412011862,2.937238694533386,2.206445143922844,0.622269974549074,0.660805000546573,3.5526491701602936,2.3518547415733337,1.518341712653637,0.8706227876245975
543,-31.839372767617142,5.996682168915868,6.800644285976887,-37.83605493653301,-38.64001705359403,0.6224720902271538,0.6610114108940816,2.853950299322605,1.8980814144015312,1.2777057476341724,0.770906824618578
544,-29.0707655813904,5.4247472900897264,5.576528375968337,-34.49551287148013,-34.64729395735874,0.622656361129245,0.6611964925925717,2.328678220510483,1.553218998014927,1.050664484500885,0.6439666729420424
545,-6.352693916763896,5.722170788794756,4.572753235697746,-12.074864705558653,-10.925447152461643,0.6227208636116466,0.6612548550239418,1.908538118004799,1.2833613902330399,0.8569397963583469,0.5239139311015606
546,0.0,6.082952162250876,3.749657701700926,-6.082952162250876,-3.749657701700926,0.6227533580142227,0.6612748852467073,1.560832466930151,1.0532457381486893,0.7035830989480019,0.4319963976740837
547,0.0,6.245671911165118,3.074719221331179,-6.245671911165118,-3.074719221331179,0.6227867216462268,0.6612913100288725,1.2738941237330437,0.8632693439722061,0.5788772366940975,0.35867851693183184
548,0.0,6.3201099168509245,2.521269815042615,-6.3201099168509245,-2.521269815042615,0.6228204829171502,0.6613047783505341,1.0404322296380997,0.7076109759509563,0.47602225095033646,0.29720435850322247
549,0.0,6.354383053258061,2.0674411905929446,-6.354383053258061,-2.0674411905929446,0.6228544272710672,0.6613158223739881,0.8503491058945656,0.5800396203994751,0.39126318879425526,0.24578927550464869
550,0.0,6.3701755832880735,1.6953018493950367,-6.3701755832880735,-1.6953018493950367,0.6228884559867899,0.661324878473611,0.6954217795282602,0.47547928988933563,0.3214724827557802,0.20292829722166061
551,0.0,6.377419317141175,1.3901474885642529,-6.377419317141175,-1.3901474885642529,0.6229225233976721,0.6613323044751525,0.5688817240297794,0.38980639073997736,0.2641333034262061,0.16732607036828995
552,0.0,6.380692683160305,1.1399209615774453,-6.380692683160305,-1.1399209615774453,0.6229566082944838,0.6613383937965284,0.4655081778764725,0.31959135085344315,0.21699373610317707,0.13782769674435258
553,0.0,6.382121378555894,0.9347351617179811,-6.382121378555894,-0.9347351617179811,0.6229907008232155,0.6613433870399136,0.3810444846749306,0.2620530314743519,0.17818076303228736,0.11345688253641129
554,0.0,6.382587645202875,0.7664828328415751,-6.382587645202875,-0.7664828328415751,0.6230247958426878,0.6613474814994907,0.3120104083791375,0.21492261439561844,0.14621347654610872,0.09333633352071047
555,0.0,6.382585596293211,0.628515932476148,-6.382585596293211,-0.628515932476148,0.623058890851215,0.661350838956395,0.2554911654442549,0.17629452049732208,0.11998229892924428,0.07674794760532677
556,0.0,6.382366269826889,0.5153830628842115,-6.382366269826889,-0.5153830628842115,0.6230929846881265,0.6613535920710472,0.20927255973219872,0.14457241632044315,0.09845619788393378,0.06308188894763589
557,0.0,6.3820588402450085,0.4226141201797873,-6.3820588402450085,-0.4226141201797873,0.6231270768827859,0.661355849625108,0.17145320307463408,0.11855268385261297,0.08078304817900062,0.051825185073539615
558,0.0,6.38170768506825,0.346543564228341,-6.38170768506825,-0.346543564228341,0.6231611672016164,0.6613577008193613,0.1404925948008895,0.0972139707300812,0.06627588882111013,0.04256110987626016
559,0.0,6.381340604275465,0.2841657231329009,-6.381340604275465,-0.2841657231329009,0.6231952555595452,0.6613592187986516,0.11513592908158898,0.07971670711413026,0.054370053112506866,0.034943033824674785
560,0.0,6.380965281277895,0.23301589535549283,-6.380965281277895,-0.23301589535549283,0.6232293419125435,0.6613604635416823,0.09435544488951564,0.06537312874570489,0.0446014862973243,0.028685835422948003
561,0.0,6.380586978048086,0.19107303087366745,-6.380586978048086,-0.19107303087366745,0.6232634262446912,0.6613614842309498,0.07733404054306448,0.05360923241823912,0.03658516507130116,0.023544592841062695
562,0.0,6.380206439644098,0.15667988918721676,-6.380206439644098,-0.15667988918721676,0.6232975085440483,0.6613623211961698,0.06339114042930305,0.04395795986056328,0.030008333851583302,0.01932245504576713
563,0.0,6.379825342446566,0.12847751058870926,-6.379825342446566,-0.12847751058870926,0.6233315888076297,0.661363007507658,0.051965616876259446,0.03604339435696602,0.024613202549517155,0.015855296805966645
564,0.0,6.379447551444173,0.10535155597608536,-6.379447551444173,-0.10535155597608536,0.6233656670530968,0.6613635702830638,0.042601520544849336,0.029554098728112876,0.020187246263958514,0.013008690439164639
565,0.0,6.379068503156304,0.08638827639515512,-6.379068503156304,-0.08638827639515512,0.6233997432737334,0.6613640317588992,0.03492624091450125,0.024233321892097592,0.01655662927078083,0.010672084317775443
566,0.0,6.3786915037781,0.0708383864548523,-6.3786915037781,-0.0708383864548523,0.6234338174804843,0.6613644101690833,0.028634737827815115,0.019870583491865546,0.013578608923126012,0.008754456212045625
567,0.0,6.37831655330956,0.05808747737319209,-6.37831655330956,-0.05808747737319209,0.6234678896842948,0.6613647204654368,0.02347719855606556,0.016293360386043787,0.01113600010285154,0.007180918328231201
568,0.0,6.377944722771645,0.04763173055835068,-6.377944722771645,-0.04763173055835068,0.623501959901831,0.6613649749084419,0.019249055185355246,0.013360174489207566,0.009132619015872478,0.005889881867915392
569,0.0,6.377573637291789,0.039058019319782034,-6.377573637291789,-0.039058019319782034,0.623536028137073,0.6613651835517075,0.015782671107444912,0.010955073230434209,0.0074895382567774504,0.004830736725125462
570,0.0,6.377204041928053,0.0320275761623634,-6.377204041928053,-0.0320275761623634,0.6235700943979807,0.661365354639187,0.012940712622366846,0.008982961298897862,0.006141996709629893,0.003961905531468801
571,0.0,6.376834399998188,0.02626261230034288,-6.376834399998188,-0.02626261230034288,0.6236041586843055,0.6613654949309193,0.010610630124574527,0.007365881174337119,0.0050368606025585905,0.0032492403988726437
572,0.9748201113162247,6.4162904396653175,0.021535342602874152,-5.441470328349093,0.9532847687133505,0.6236332263676835,0.6613604025977531,0.008705932123120874,0.006041701271897182,0.004127618012716994,0.0026600911951391026
573,6.854197127291525,6.680301297456026,0.017658980868873186,0.1738958298354989,6.836538146422652,0.6236322974369686,0.6613238826290222,0.007169556920416653,0.004961289232596755,0.0033708580303937197,0.0021572766854660586
574,23.000035662407146,7.56521662697196,2.3883584421128035,15.434819035435186,20.611677220294343,0.6235498464805826,0.6612137775156659,0.978547241538763,0.6730529479682446,0.4528135061264038,0.28394474647939205
575,58.83161459354668,10.197216365486383,10.785188060253859,48.6343982280603,48.04642653329282,0.623290047344749,0.6609571192542701,4.4724490493535995,3.071078285574913,2.04815324395895,1.193507481366396
576,117.19037028212139,16.129103489220142,28.182556107640266,101.06126679290125,89.00781417448113,0.6227501901503425,0.6604816501614578,11.83999553322792,8.05807039141655,5.347013846039772,2.937476336956024
577,130.20820783438552,22.206924483180046,44.8053028434515,108.00128335120547,85.40290499093402,0.6221732602179109,0.6600254380621472,19.1338911652565,12.66385167837143,8.468734472990036,4.538825526833534
578,121.69276978159169,27.75071058422327,56.916314736008644,93.94205919736842,64.77645504558305,0.6216714329786087,0.6596794099903225,24.51794445514679,16.15712195634842,10.617589205503464,5.623659119009972
579,90.21443079397713,31.176509894430637,61.19120828807354,59.03792089954649,29.02322250590359,0.62135605946953,0.6595243714085601,26.580828428268433,17.416517436504364,11.28399595618248,5.909866467118263
580,72.87776621872612,33.24442692101002,61.580487713217735,39.633339297716105,11.297278505508388,0.6211443429134524,0.6594640226985948,26.86096429824829,17.54223108291626,11.298947036266327,5.878345295786858
581,110.3244197419584,37.40653954446316,68.64182949066162,72.91788019749524,41.68259025129677,0.6207548243226538,0.6592413592891327,29.65322434902191,19.513611495494843,12.75312453508377,6.721869111061096
582,111.42524242838871,41.074954345822334,74.63669329881668,70.35028808256638,36.78854912957203,0.6203790215017,0.6590448392617312,32.17424750328064,21.184808015823364,13.931967318058014,7.345670461654663
583,42.25758915440618,40.401407331228256,67.1079620718956,1.856181823177927,-24.850372917489416,0.6203691060005078,0.6591775869803075,29.179003834724426,19.100259244441986,12.383557111024857,6.4451418817043304
584,-65.68692747852023,33.81441980600357,55.02852872014046,-99.5013472845238,-120.71545619866069,0.6209006302915576,0.6598224345027363,24.11767840385437,15.779030323028564,9.980284422636032,5.1515355706214905
585,-90.54714667149065,26.128234155476093,45.12339308857918,-116.67538082696674,-135.67053976006983,0.6215238962147785,0.6605471702920529,19.816692173480988,12.987296283245087,8.112208545207977,4.207196086645126
586,-69.04805026952329,18.81679743528366,37.00118213891983,-87.86484770480695,-106.04923240844312,0.6219932597174752,0.6611136726019271,16.31912738084793,10.624253004789352,6.623388826847076,3.4344129264354706
587,-27.601095542854647,13.540903851389885,30.340969748795033,-41.141999394244536,-57.94206529164968,0.622213035355265,0.6614231921814765,13.362301886081696,8.703390508890152,5.45029453933239,2.824982814490795
588,47.786443501549336,14.370291959494352,31.712166033685207,33.41615154205498,16.07427746786413,0.6220345302722412,0.6613373253146609,13.831636309623718,9.04996395111084,5.808713659644127,3.0218521133065224
589,112.83527762587515,19.643128663301468,44.54781040549278,93.19214896257368,68.28746722038237,0.6215367089636804,0.6609725418359196,19.11955624818802,12.61923760175705,8.362726867198944,4.44628968834877
590,142.64318892946554,26.37819703668356,60.44897027313709,116.26499189278198,82.19421865632845,0.6209156352890395,0.6605334701550631,25.93153417110443,17.13014841079712,11.347702145576477,6.039585545659065
591,153.12347739179413,34.03371758759022,75.38701817393303,119.08975980420391,77.7364592178611,0.6202794720422221,0.6601182112917199,32.29139745235443,21.367795765399933,14.173559844493866,7.554265111684799
592,145.71860351894853,40.381258726119995,86.31529957056046,105.33734479282853,59.40330394838807,0.6197167725508075,0.6598008859501152,36.84318959712982,24.464699625968933,16.304178535938263,8.703231811523438
593,158.37598775395483,46.65300026535988,97.56395891308784,111.72298748859495,60.81202884086699,0.619119961720206,0.6594760353687004,41.296690702438354,27.664843201637268,18.5967355966568,10.005689412355423
594,148.21799479438593,51.560237631201744,104.96877208352089,96.65775716318419,43.24922271086504,0.6186036275473258,0.6592450031960996,44.22220587730408,29.775965213775635,20.109815895557404,10.860785096883774
595,124.65345896839247,54.65826652944088,106.80575966835022,69.99519243895159,17.84769930004225,0.61822972160481,0.6591496629220609,44.92087364196777,30.28670847415924,20.514538884162903,11.083638668060303
596,99.79813585196729,56.31343834102154,103.84087935090065,43.48469751094575,-4.042743498933362,0.6179974315540037,0.6591712587740851,43.74764263629913,29.42211627960205,19.93502527475357,10.736095160245895
597,72.74866520553546,56.63641467690468,96.54014781117439,16.11225052863078,-23.791482605638933,0.6179113618396413,0.6592983500273204,40.871697664260864,27.333709597587585,18.468989431858063,9.86575111746788
598,41.623216915613305,55.495622009038925,84.94730666279793,-13.87240509342562,-43.32408974718462,0.6179854665677045,0.6595297821306707,36.24243438243866,24.078857898712158,16.101625561714172,8.524388819932938
599,7.67246792049169,52.61273793876171,69.65679004788399,-44.94027001827002,-61.984322127392296,0.6182255321126738,0.6598608949625479,30.09951114654541,19.812504947185516,12.967638671398163,6.777135282754898
600,-4.406155532559868,49.06470142304897,57.11856819689274,-53.47085695560884,-61.5247237294526,0.6185111670323085,0.6601895526747779,25.019949674606323,16.296447813510895,10.418343544006348,5.383827164769173
601,-4.552612576712995,45.49372456967831,46.837227046489716,-50.0463371463913,-51.38983962320271,0.6187785085768939,0.6604640710488334,20.641884207725525,13.400478661060333,8.444003015756607,4.35086116194725
602,23.097716349887342,43.59641671180725,40.822749584913254,-20.49870036191991,-17.72503323502591,0.6188880101813913,0.6605587560554308,17.93433427810669,11.707809567451477,7.367107272148132,3.813498467206955
603,39.245173087167295,42.660556361079216,38.79469484090805,-3.415383273911921,0.4504782462592445,0.6189062547501621,0.6605563496545427,17.018693685531616,11.095891892910004,7.045181840658188,3.634927421808243
604,56.38804072254885,42.733170464634895,40.21747335791588,13.654870257913956,16.170567364632973,0.6188333120671604,0.6604699684186205,17.560485005378723,11.47380992770195,7.364560663700104,3.8186177611351013
605,90.54142906395809,44.698209315538406,47.53425009548664,45.843219748419685,43.00717896847145,0.6185884230727778,0.6602402292147291,20.59580087661743,13.511291146278381,8.805881440639496,4.621276631951332
606,90.59823537431515,46.51404283940792,53.55084724724293,44.08419253490723,37.047388127072225,0.6183529305912879,0.6600423265003751,23.252205550670624,15.234790742397308,9.880752116441727,5.183098837733269
607,39.54401915936958,45.46743482351303,49.3003997951746,-5.923415664143448,-9.756380635805016,0.618384572768981,0.6600944439183014,21.640652418136597,14.095604419708252,8.938169479370117,4.625973477959633
608,26.514140703049236,43.75345557928085,43.468152359128,-17.239314876231617,-16.954011656078762,0.6184766631262257,0.6601850102198831,19.093726575374603,12.45625615119934,7.851402461528778,4.066767171025276
609,-19.124449531382638,39.54527489840984,35.64388453960419,-58.66972442979248,-54.768334070986825,0.6187900697738208,0.6604775761070144,15.71449190378189,10.237915813922882,6.388764828443527,3.302711993455887
610,-104.90548815929915,31.404750235378742,29.227985255420208,-136.3102383946779,-134.13347341471936,0.6195182227566983,0.6611941010718366,12.874183058738708,8.291377872228622,5.269071087241173,2.7933532372117043
611,-120.0,22.86120466887951,23.966948315501213,-142.8612046688795,-143.9669483155012,0.6202813702175364,0.6619631552829237,10.450509935617447,6.704249233007431,4.413909837603569,2.398279309272766
612,-120.0,14.282350800931454,19.65289767831564,-134.28235080093145,-139.65289767831564,0.6209986904675413,0.6627091643517181,8.46799910068512,5.468175560235977,3.6754216998815536,2.041301317512989
613,-95.97615985041713,8.0694779753685,16.11537616699934,-104.04563782578563,-112.09153601741647,0.6215544898149012,0.6633079439244607,6.888922303915024,4.477148875594139,3.0340617522597313,1.7152432352304459
614,-72.99335940929102,5.486596608534455,13.214608374983072,-78.47995601782547,-86.20796778427409,0.6219737203491845,0.663768456572881,5.60959205031395,3.682022914290428,2.491389214992523,1.4316041953861713
615,-56.007546718955474,4.801469948142767,10.835978854447603,-60.80901666709824,-66.84352557340307,0.6222985548399276,0.6641255266881235,4.5756615698337555,3.0287966132164,2.041615918278694,1.1899047531187534
616,-9.602191767598862,5.33832018263638,8.885502722114325,-14.940511950235242,-18.487694489713185,0.6223783652670122,0.6642242857398848,3.788076341152191,2.511039935052395,1.63690485060215,0.9494815953075886
617,46.641084135946684,8.038255106657743,13.8318482786417,38.60282902928894,32.809235857304984,0.6221721535734797,0.6640490227278265,5.866704881191254,3.9485756307840347,2.5712497532367706,1.4453180134296417
618,112.65427298000743,14.21949751675129,29.77527230978012,98.43477546325614,82.87900067022731,0.6216463267814751,0.6636062930233916,12.602181732654572,8.516248315572739,5.608618259429932,3.048224002122879
619,145.3431177795589,21.443567238748074,48.74562323093414,123.89955054081082,96.59749454862475,0.6209844702080733,0.6630902807661874,20.781895518302917,13.755162060260773,9.250884503126144,4.9576811492443085
620,143.09553905965336,28.349629417061806,63.91160935163498,114.74590964259156,79.18392970801838,0.6203715112890424,0.6626672896886873,27.441367506980896,18.113455176353455,11.982684582471848,6.374102085828781
621,123.50510582405931,34.06287580728531,72.83362001180649,89.442230016774,50.671485812252826,0.6198937215987819,0.6623966086747329,31.36928677558899,20.6721693277359,13.597424328327179,7.194739580154419
622,78.81556232969177,36.20612472295761,72.11334556341171,42.60943760673416,6.70221676628006,0.6196661070816519,0.6623608062347421,31.268349289894104,20.48703134059906,13.368184864521027,6.989780068397522
623,37.458402119991625,35.65242625772953,64.07946571707726,1.8059758622620947,-26.62106359708563,0.6196564597746954,0.6625030127710514,27.930468320846558,18.249909579753876,11.777042597532272,6.12204521894455
624,13.690198473698374,33.71341414749622,53.20931151509285,-20.02321567379785,-39.519113041394476,0.6197634213968845,0.6627141191441358,23.359784483909607,15.183942019939423,9.668676555156708,4.996908456087112
625,13.690198473698374,31.95453379303217,44.28970441222191,-18.264335319333796,-30.599505938523535,0.6198609872906843,0.6628775780433801,19.496245682239532,12.67571747303009,7.989886403083801,4.1278548538684845
626,34.48737666420512,31.651968508958817,40.714411437511444,2.8354081552463057,-6.227034773306322,0.6198458408795986,0.6629108421180239,17.88160353899002,11.656688898801804,7.366672903299332,3.809446096420288
627,35.82713048959561,31.45803138613701,38.02286945283413,4.369099103458602,-2.1957389632385187,0.6198225016749861,0.6629225714928275,16.686730086803436,10.8797088265419,6.896352022886276,3.560078516602516
628,5.18426704426219,29.269884526729584,31.17875251919031,-24.085617482467395,-25.994485474928123,0.6199511641615377,0.6630614309237833,13.705101609230042,8.937155455350876,5.625878646969795,2.910616807639599
629,-3.5097335208002813,26.59185081720352,25.566576793789864,-30.101584338003804,-29.076310314590145,0.6201119632231724,0.6632167530942673,11.239884048700333,7.327230274677277,4.606661573052406,2.392800897359848
630,-4.988612560434524,23.833912424743176,20.96459288150072,-28.8225249851777,-25.953205441935246,0.620265929702794,0.6633553920122264,9.255583584308624,5.987299606204033,3.7635546177625656,1.9581550732254982
631,24.979029330911985,23.32172878086567,19.862556271255016,1.6573005500463154,5.116473059656968,0.6202570766015651,0.6633280604253692,8.744590729475021,5.690646171569824,3.564481809735298,1.8628375604748726
632,71.54188144845536,26.001592352986336,27.340987138450146,45.54028909546902,44.20089431000521,0.6200138058264825,0.6630919445369611,11.794427782297134,7.843282073736191,5.0279401242733,2.6753371581435204
633,88.12144204888315,29.501616582274437,36.46441958844662,58.61982546660872,51.65702246043654,0.619700665733178,0.6628159989041597,15.710820257663727,10.362493246793747,6.795915961265564,3.5951901227235794
634,66.4348357126157,31.404051184654236,40.04999361932278,35.03078452796146,26.384842093292917,0.6195135354739474,0.6626750542348578,17.41509586572647,11.408913135528564,7.381747663021088,3.8442369550466537
635,40.40096348942132,31.520743295550346,38.308125361800194,8.880220193870976,2.0928381276211283,0.6194660984002621,0.6626638745440052,16.80511236190796,10.95428615808487,6.958268582820892,3.590458258986473
636,58.344630217984225,32.72631615400314,40.10997712612152,25.61831406398108,18.234653091862704,0.6193292484319717,0.6625664672091128,17.507103085517883,11.438892781734467,7.348635792732239,3.8153454661369324
637,60.55105025035431,33.92815180122852,41.987455636262894,26.622898449125785,18.563594614091414,0.6191870320941024,0.6624673027079692,18.33343207836151,11.973892152309418,7.6866514980793,3.993479907512665
638,47.33211837731645,34.1938778758049,41.15043729543686,13.138240501511547,6.181681081879589,0.6191168491854405,0.6624342809073182,18.051284551620483,11.758694052696228,7.476650178432465,3.863808512687683
639,59.156180198401636,35.16695164144039,42.59336367249489,23.989228556961244,16.562816525906747,0.6189887015969953,0.6623458043233122,18.616503477096558,12.150286883115768,7.7843256294727325,4.04224768280983
640,90.89870843246135,37.935468927025795,49.492766708135605,52.96323950543555,41.40594172432574,0.6187057783090388,0.662124618737178,21.471863985061646,14.07279223203659,9.14662480354309,4.801485687494278
641,99.39146947382974,40.876977518200874,56.68534301221371,58.51449195562887,42.70612646161604,0.6183932008947459,0.6618964877197548,24.583272635936737,16.106685996055603,10.482735186815262,5.512649193406105
642,54.6528105882002,40.97547344863415,54.5368704944849,13.677337139566049,0.11594009371529523,0.6183201381963508,0.6618958683816474,23.909053206443787,15.557470917701721,9.927145391702652,5.143200978636742
643,6.690067804200195,38.287316635251045,44.72023285925388,-31.597248831050848,-38.030165055053686,0.6184889269187389,0.6620990209727534,19.701488316059113,12.793715298175812,8.063140511512756,4.161888733506203
644,6.352022029853136,35.80711372196674,36.67059168219566,-29.45509169211361,-30.31856965234253,0.6186462724940173,0.6622609791439732,16.132858395576477,10.530398786067963,6.596660614013672,3.410673886537552
645,-4.6640836204579506,32.78974145650864,30.069884285330772,-37.45382507696659,-34.733967905788724,0.6188463463459242,0.6624465238443247,13.223820924758911,8.617714047431946,5.420937389135361,2.8074119240045547
646,-12.370197766255329,29.38763778656721,24.657305143773556,-41.75783555282254,-37.027502910028886,0.6190694117067833,0.6626443203342287,10.86077019572258,7.055769860744476,4.435405135154724,2.3053599521517754
647,-4.820034433266784,26.63211729377508,20.218990743160248,-31.452151727041866,-25.03902517642703,0.6192374253378038,0.6627780758105986,8.924724161624908,5.778178945183754,3.6279018968343735,1.888185739517212
648,-10.402107241451567,23.51089995354414,16.57957211136818,-33.91300719499571,-26.981679352819746,0.6194185845642728,0.6629222087131244,7.286190241575241,4.728468880057335,2.974839136004448,1.5900738537311554
649,-31.93134034844078,18.39252132922411,13.595249317586422,-50.323861677664894,-45.526589666027206,0.6196874086116962,0.6631654063074941,5.831104144454002,3.8443725556135178,2.5069478899240494,1.4128247275948524
650,-37.21986154415216,12.648925837129354,11.148104071617126,-49.868787381281514,-48.367965615769286,0.6199538017066817,0.6634237821921937,4.725494608283043,3.138956055045128,2.0809151232242584,1.2027382850646973
651,-3.417589988601012,9.925237577408552,9.141445625573397,-13.342827566009564,-12.559035614174409,0.6200250774949616,0.663490871057654,3.9188288152217865,2.5879094377160072,1.674872264266014,0.9598351083695889
652,79.75781981928232,13.597054779529572,20.023854821920395,66.16076503975275,59.73396499736192,0.619671654604792,0.6631717793642921,8.466184884309769,5.738009512424469,3.7467502057552338,2.0729102194309235
653,124.10168443915445,19.75790597498417,36.93851679563522,104.34377846417028,87.16316764351923,0.6191142626258167,0.6627061641525211,15.702658891677856,10.531734675168991,6.952778995037079,3.751344233751297
654,135.66393503086147,26.24800354242325,52.903155609965324,109.41593148843822,82.76077942089614,0.6185297758123101,0.6622640659718539,22.679708898067474,14.968451857566833,9.96338278055191,5.291612073779106
655,128.60372419262643,32.472202368080616,64.73605185747147,96.13152182454581,63.867672335154964,0.6180162527256404,0.6619228925085251,27.893763780593872,18.3645561337471,12.078215926885605,6.399516016244888
656,134.10100701673514,38.37663717567921,75.43836757540703,95.72436984105593,58.66263944132811,0.6175049045961476,0.6616095237080907,32.426074147224426,21.392768621444702,14.121803641319275,7.497721165418625
657,125.02482630594187,42.86690428853035,82.5895719230175,82.15792201741152,42.43525438292437,0.617066026807593,0.6613828396568998,35.407671332359314,23.401471972465515,15.532323718070984,8.248104900121689
658,110.6799353681587,45.98694145679474,85.87801307439804,64.69299391136396,24.801922293760654,0.6167204445751605,0.6612503507557579,36.75263524055481,24.333451688289642,16.193297505378723,8.598628640174866
659,102.00781833514205,48.37789908051491,87.01736629009247,53.62991925462714,14.99045204504958,0.6164339599637576,0.6611702735546625,37.21368908882141,24.651125073432922,16.43015444278717,8.722397685050964
660,80.48791006485267,49.47655722498894,84.08036082983017,31.011352839863733,-3.5924507649774995,0.6162683010276472,0.6611894639967831,36.07587516307831,23.82258176803589,15.824215114116669,8.357688784599304
661,101.53742059931359,51.6062144190073,85.4603759944439,49.93120618030629,16.077044604869698,0.6160015744989062,0.6611035823482528,36.600083112716675,24.214038252830505,16.106200218200684,8.54005441069603
662,70.89852466085972,52.06538066267967,81.07945695519447,18.83314399818005,-10.180932294334752,0.6159009700972066,0.661157967670338,34.88611876964569,22.98208326101303,15.205180644989014,8.006074279546738
663,70.89852466085935,52.51581892371178,77.48554199934006,18.382705737147575,-6.587017338480706,0.6158027718827987,0.66119315472877,33.45979154109955,21.97660654783249,14.459586143493652,7.589557766914368
664,73.22960672252054,53.06602120399475,74.95711222290993,20.163585518525792,-1.727505500389384,0.6156950604216955,0.6612023828564431,32.449883222579956,21.270258724689484,13.937373459339142,7.299596816301346
665,68.313425587161,53.35509181022644,71.99862003326416,14.958333776934566,-3.6851944461031536,0.6156151547925452,0.6612220687242107,31.24258816242218,20.444034039974213,13.339833915233612,6.972163915634155
666,70.30081350613588,53.734491020441055,69.92981880903244,16.566322485694826,0.37099469710344124,0.6155266594801216,0.6612200869149314,30.39916157722473,19.86776888370514,12.920244038105011,6.742644309997559
667,75.31025553024166,54.34409603476524,69.13515776395798,20.96615949547642,6.175097766283685,0.6154146607648681,0.6611871002815645,30.056598782539368,19.647875428199768,12.765410542488098,6.665273010730743
668,57.2718118686163,54.05967831611633,65.23756720125675,3.2121335524999637,-7.965755332640455,0.6153975019317884,0.6612296523933842,28.442728519439697,18.563522398471832,11.991281062364578,6.240035220980644
669,-2.221109558072159,50.640902668237686,53.494805842638016,-52.862012226309844,-55.71591540071017,0.6156798844757324,0.6615272801465931,23.511897027492523,15.264908969402313,9.704212844371796,5.013787001371384
670,15.196951240962456,48.228490352630615,44.82920579612255,-33.03153911166816,-29.632254555160095,0.6158563350051751,0.6616855721046869,19.738391041755676,12.821023166179657,8.089019358158112,4.180772230029106
671,15.19695124096206,45.84789164364338,37.71885558962822,-30.65094040268132,-22.521904348666162,0.6160200686611723,0.6618058814227887,16.589969396591187,10.820462554693222,6.793582439422607,3.5148411989212036
672,-0.11170404540443088,42.72332042455673,30.929462052881718,-42.83502446996116,-31.041166098286148,0.6162488882363324,0.6619716996177583,13.605216145515442,8.861762285232544,5.57657890021801,2.885904721915722
673,-9.988028250413098,39.20107036828995,25.362158566713333,-49.18909861870304,-35.35018681712643,0.6165116505152785,0.6621605360857985,11.158942431211472,7.265084236860275,4.56358939409256,2.3745425045490265
674,-12.520243191690376,35.57374067604542,20.796969905495644,-48.093983867735794,-33.31721309718602,0.6167685628222642,0.6623385126514886,9.178505092859268,5.940854921936989,3.734871745109558,1.9427381455898285
675,31.700940330340867,34.828467667102814,20.964336022734642,-3.127527336761947,10.736604307606225,0.6167852696990631,0.6622811589959993,9.222958236932755,6.0101427137851715,3.7652935832738876,1.9659414887428284
676,32.421746560806135,34.17769595980644,21.232972852885723,-1.7559493990003077,11.188773707920411,0.6167946497706389,0.6622213899056791,9.338875859975815,6.0874611139297485,3.815099596977234,1.9915362820029259
677,12.675719026021113,32.31873996555805,17.900691367685795,-19.64302093953694,-5.224972341664682,0.6168995804380509,0.662249301082718,7.887157052755356,5.122575908899307,3.210926428437233,1.6800319775938988
678,31.700940330340867,31.87612108886242,18.591956235468388,-0.17518075852155235,13.10898409487248,0.6169005162327011,0.6621792744582795,8.14540907740593,5.324309319257736,3.3499017357826233,1.7723361030220985
679,50.72616163466061,32.6458977535367,22.585348784923553,18.080263881123912,28.14081284973706,0.6168039336264985,0.6620289496033129,9.819843620061874,6.475424766540527,4.112695157527924,2.177385240793228
680,51.66013561083255,33.37845392525196,26.032375916838646,18.281681685580587,25.6277596939939,0.6167062750704858,0.6618920491775971,11.347110569477081,7.451014965772629,4.747223854064941,2.4870265275239944
681,13.183357510779718,31.59237839281559,21.9370624050498,-18.409020882035872,-8.753704894270083,0.6168046138572488,0.6619388104216904,9.666182100772858,6.2674932181835175,3.949366882443428,2.0540202036499977
682,12.675719026021113,29.913939908146858,18.486183136701584,-17.238220882125745,-5.810464110680471,0.6168966983705081,0.6619698492257005,8.145152032375336,5.291198566555977,3.317086771130562,1.7327457666397095
683,-3.1430036277582016,27.255811356008053,15.158670395612717,-30.398814983766254,-18.301674023370918,0.6170590852026864,0.6620676145783894,6.647153198719025,4.323522746562958,2.724611945450306,1.4633825048804283
684,-10.321485850004574,24.14522673934698,12.430109642446041,-34.46671258935156,-22.751595492450615,0.6172432022571167,0.6621891508790969,5.3763747215271,3.527587652206421,2.2658778354525566,1.260269433259964
685,-1.2313793009761567,21.8220679089427,10.192689765244722,-23.053447209918858,-11.424069066220879,0.61736635101358,0.6622501768890661,4.39523309469223,2.8910724446177483,1.8588405102491379,1.047543715685606
686,-3.6368814301272705,18.972340412437916,8.358005713671446,-22.609221842565187,-11.994887143798717,0.6174871267712859,0.6623142521409026,3.5700153559446335,2.363276481628418,1.5378051437437534,0.886908732354641
687,-3.7548250335879656,15.618989244103432,6.853564642369747,-19.373814277691398,-10.608389675957714,0.6175906193689231,0.6623709208891716,2.902987040579319,1.9338151440024376,1.2703748419880867,0.7463876157999039
688,-3.86710462898821,12.307050172239542,5.619923071935773,-16.17415480122775,-9.487027700923983,0.6176770197685023,0.66242159945595,2.362488955259323,1.582927256822586,1.0485390201210976,0.6259678397327662
689,-54.0289046839615,7.667827513068914,4.608336882665753,-61.696732197030414,-58.63724156662725,0.6180065963293839,0.6627348325839769,1.8960420042276382,1.270903181284666,0.885858666151762,0.555533031001687
690,-64.50004571386502,5.380078172311187,3.7788362707942724,-69.88012388617621,-68.2788819846593,0.6183798875894596,0.6630995702014163,1.537636388093233,1.0360686108469963,0.7336272858083248,0.4715039860457182
691,-25.903683398780764,5.155586171895266,3.0986455967649817,-31.05926957067603,-29.002328995545746,0.6185458024910123,0.6632544971725464,1.2700333259999752,0.862038042396307,0.5930423736572266,0.373531854711473
692,-68.50016802758358,4.615606274455786,2.540889475494623,-73.11577430203937,-71.0410575030782,0.6189363782084377,0.6636339900010885,1.0201960802078247,0.6959417834877968,0.4979375284165144,0.3268140833824873
693,-112.2020532438551,4.440268455073237,2.0835293224081397,-116.64232169892834,-114.28558256626324,0.6195594675337525,0.6642444899079595,0.8235396817326546,0.5682134535163641,0.4128876142203808,0.27888857293874025
694,-106.49287751878673,4.3807128444314,1.7084940802305937,-110.87359036321813,-108.20137159901732,0.6201517409865475,0.6648224886878688,0.6735021714121103,0.4661005921661854,0.3393964609131217,0.22949485573917627
695,-81.3079268593985,4.387107444927096,1.4009651495143771,-85.6950343043256,-82.70889200891288,0.6206095136056945,0.6652643096921899,0.5529093090444803,0.38308906368911266,0.2783934585750103,0.18657331820577383
696,-30.252236150240268,4.754748707637191,1.1487913900054991,-35.006984857877455,-31.401027540245767,0.6207965167299353,0.6654320502239219,0.4611050710082054,0.31865963246673346,0.22339869756251574,0.14562798896804452
697,-6.267046045166398,5.434735398739576,0.9420089656487107,-11.701781443905976,-7.209055010815109,0.6208590262461955,0.6654705601331677,0.3819711273536086,0.26379695627838373,0.18079481087625027,0.11544607114046812
698,-0.24976440839752617,5.940570123493671,0.7724473543930799,-6.190334531891198,-1.022211762790606,0.6208920942725411,0.6654760206660887,0.314066163264215,0.21653135772794485,0.14789070701226592,0.09395912638865411
699,63.82052300062782,9.383553639054298,10.23539137095213,54.436969361573524,53.58513162967569,0.620601298496037,0.665189775304819,4.232215508818626,2.910120226442814,1.9510073587298393,1.1420482769608498
700,144.21090519707516,17.487733066082,32.47351758182049,126.72317213099316,111.73738761525468,0.6199243584739696,0.6645928875504641,13.620097935199738,9.263788163661957,6.196387484669685,3.3932439982891083
701,179.74488399077705,26.86906512826681,57.122087851166725,152.87581886251024,122.62279613961033,0.6191077141424391,0.6639378512462994,24.274569749832153,16.0945326089859,10.907966643571854,5.845018848776817
702,174.12557308617863,36.15499883890152,76.34130343794823,137.9705742472771,97.7842696482304,0.6183706918441096,0.6634154993785204,32.61558711528778,21.60002887248993,14.417664706707,7.708022743463516
703,127.47139550064624,41.08470901846886,83.71835425496101,86.38668648217738,43.753041245685225,0.6179092245017903,0.6631817758675926,35.866984724998474,23.715543746948242,15.756207704544067,8.37961807847023
704,82.3126786258774,42.77198798954487,81.6456988453865,39.54069063633253,0.666979780490891,0.6176980028637757,0.6631782129414148,35.12210547924042,23.134493827819824,15.312153100967407,8.076946437358856
705,46.428687097287686,42.339206114411354,73.48710224032402,4.089480982876331,-27.058415143036335,0.6176761573457048,0.6633227557573498,31.80288076400757,20.852994918823242,13.66737186908722,7.163854688405991
706,32.30632394422107,41.14026352763176,64.25086706876755,-8.83393958341069,-31.944543124546477,0.6177233471939068,0.6634933996842971,28.005829453468323,18.283607065677643,11.812171339988708,6.1492592096328735
707,47.33211837731645,40.873510763049126,59.37688238918781,6.458607614267322,-12.044764011871365,0.6176888460848562,0.6635577413723948,25.99046230316162,16.911669075489044,10.84493026137352,5.629820749163628
708,33.69595757056169,39.83946405351162,52.92385295033455,-6.143506482949931,-19.22789537977286,0.6177216639613676,0.6636604544887397,23.24509620666504,15.09389728307724,9.608519077301025,4.9763403832912445
709,30.058782909441742,38.6601097881794,46.9747181981802,-8.601326878737655,-16.915935288738456,0.6177676112203352,0.6637508173909231,20.66252827644348,13.422521948814392,8.49258229136467,4.397085681557655
710,59.966548071825784,39.31652456521988,47.477224469184875,20.650023506605905,12.489323602640908,0.6176573012657058,0.6636841009186868,20.80073207616806,13.544899225234985,8.643072843551636,4.488520324230194
711,65.9371064263377,40.251486375927925,48.965899646282196,25.68562005040978,16.97120678005551,0.6175200917568896,0.6635934427628104,21.419766545295715,13.958430290222168,8.937741816043854,4.649960994720459
712,36.40201224583273,39.414117485284805,44.87290903925896,-3.012105239452076,-8.470896793426228,0.6175361820626559,0.6636386932798694,19.722647964954376,12.835173308849335,8.112800866365433,4.202286899089813
713,36.40201224583258,38.64120692014694,41.515353322029114,-2.239194674314362,-5.113341076196534,0.6175481435726683,0.6636660081360456,18.24614107608795,11.881448328495026,7.504970580339432,3.8827933371067047
714,21.58524229089636,37.094858288764954,36.09435223042965,-15.509615997868593,-14.509109939533289,0.6176309940854774,0.6637435140652098,15.867960453033447,10.345706343650818,6.5160103142261505,3.3646751195192337
715,5.705856864072676,34.66210849583149,29.597368463873863,-28.956251631758814,-23.891511599801188,0.6177856749168437,0.6638711396613626,13.00400197505951,8.471844345331192,5.352451652288437,2.769070491194725
716,-4.772899309269675,31.660636141896248,24.269841983914375,-36.43353545116592,-29.04274129318405,0.6179802985036554,0.664026282510151,10.67555621266365,6.943311542272568,4.376461356878281,2.2745128720998764
717,-4.862410449899637,28.793923184275627,19.901270233094692,-33.65633363417526,-24.76368068299433,0.6181600866106756,0.6641585671291841,8.774817734956741,5.692346394062042,3.5741303116083145,1.8599757924675941
718,5.098690785528254,26.763025484979153,16.319042071700096,-21.664334699450897,-11.22035128617184,0.6182758148943265,0.6642185049031487,7.182343304157257,4.669573903083801,2.9242027550935745,1.5429221093654633
719,-17.641397009419002,23.22074342519045,13.38161425665021,-40.86214043460945,-31.02301126606921,0.6184940955590412,0.6643842261171768,5.787288025021553,3.7959229201078415,2.4440577253699303,1.3543455861508846
720,-43.42821261413855,17.300125770270824,10.972923878580332,-60.728338384409376,-54.401136492718884,0.6188184990760519,0.6646748304787833,4.6419408172369,3.083268366754055,2.0579826086759567,1.1897320859134197
721,-86.15691849670978,10.057203099131584,8.997797686606646,-96.21412159584136,-95.15471618331642,0.619332463400816,0.6651831355866001,3.7522293627262115,2.492193318903446,1.7269168049097061,1.0264582000672817
722,-104.53446988568031,5.907832644879818,7.378193829208612,-110.44230253056013,-111.91266371488892,0.619922432965616,0.6657809596449061,3.0396264046430588,2.040017396211624,1.4286313205957413,0.8699187077581882
723,-57.658863574511216,4.8642917070537806,6.050118990242481,-62.523155281564996,-63.7089825647537,0.6202564241797269,0.66612128540647,2.5094347074627876,1.672583632171154,1.1592633090913296,0.70883734151721
724,-18.906992218855134,5.129060614854097,4.961097566410899,-24.03605283370923,-23.868089785266033,0.6203848218978557,0.6662487858860922,2.0630016922950745,1.3895208947360516,0.9365233592689037,0.5720516201108694
725,-3.9094334805839575,5.680810799822211,4.068099986761808,-9.590244280406168,-7.977533467345766,0.6204360518352511,0.666291400915298,1.6932763159275055,1.143324375152588,0.7658788468688726,0.46562044881284237
726,-0.16354326915351397,6.062816549092531,3.335842047818005,-6.226359818246046,-3.499385316971519,0.6204693123043656,0.6663100942129314,1.384067814797163,0.9375802241265774,0.6294303108006716,0.3847636980935931
727,-0.1859158631789449,6.237273244187236,2.735390397720039,-6.423189107366181,-2.9213062608989837,0.6205036242119905,0.6663256994814192,1.1300235986709595,0.7681206334382296,0.5179668311029673,0.3192793345078826
728,-13.837311528074988,5.808275751769543,2.2430201526731253,-19.64558727984453,-16.080331680748113,0.6206085685884853,0.6664115986891155,0.9167821146547794,0.6264860741794109,0.42920042760670185,0.27055153623223305
729,-39.501268436676575,5.068542854860425,1.8392765428870916,-44.569811291537,-41.34054497956367,0.6208466551872649,0.6666324349336644,0.7404582109302282,0.5081305280327797,0.3581016790121794,0.23258612491190434
730,-40.728729716118764,4.804372834041715,1.5082067344337702,-45.53310255016048,-42.236936450552534,0.6210898875726825,0.6668580595941909,0.6048350129276514,0.4163791425526142,0.2946119988337159,0.19238058011978865
731,-19.01823827751325,5.108628747984767,1.2367295450530946,-24.12686702549802,-20.254967822566346,0.6212187704093571,0.6669662592086276,0.498778885230422,0.344653706997633,0.23913790937513113,0.1541590434499085
732,-3.06301997480586,5.709085846319795,1.0141182108782232,-8.772105821125654,-4.077138185684083,0.6212656299489999,0.6669880387929529,0.4127028863877058,0.28390875086188316,0.19433380803093314,0.12317276559770107
733,0.0,6.088525615632534,0.8315769373439252,-6.088525615632534,-0.8315769373439252,0.6212981541242971,0.6669924809774472,0.33857643138617277,0.23297660518437624,0.1592292101122439,0.10079469066113234
734,0.0,6.263405364006758,0.6818931025918573,-6.263405364006758,-0.6818931025918573,0.6213316124862843,0.6669961235688072,0.2772584557533264,0.1910283463075757,0.13071796856820583,0.08288833196274936
735,0.0,6.346029089763761,0.5591523251496255,-6.346029089763761,-0.5591523251496255,0.6213655122143279,0.666999110493621,0.2270883647724986,0.1566508668474853,0.10727372718974948,0.06813936633989215
736,0.0,6.385753815993667,0.45850491151213646,-6.385753815993667,-0.45850491151213646,0.6213996241471056,0.6670015597719945,0.18604255747050047,0.12845640303567052,0.08802023949101567,0.0559857115149498
737,0.0,6.40523936599493,0.3759740327950567,-6.40523936599493,-0.3759740327950567,0.6214338401693599,0.6670035681802894,0.15243905363604426,0.10532112792134285,0.07222616695798934,0.04598768427968025
738,0.0,6.415114318951964,0.30829870665911585,-6.415114318951964,-0.30829870665911585,0.6214681089424312,0.6670052150750899,0.12491480447351933,0.08634867263026536,0.05926416488364339,0.03777106467168778
739,0.0,6.420405767858028,0.25280494010075927,-6.420405767858028,-0.25280494010075927,0.6215024059817894,0.6670065655288298,0.10237389942631125,0.07079480565153062,0.04862288187723607,0.03101335314568132
740,0.0,6.423506652936339,0.2073000476229936,-6.423506652936339,-0.2073000476229936,0.6215367195857047,0.667007672900879,0.08391344454139471,0.05803854437544942,0.03988856042269617,0.025459498283453286
741,0.0,6.425571069121361,0.16998604405671358,-6.425571069121361,-0.16998604405671358,0.6215710442174842,0.6670085809459861,0.06878661224618554,0.0475820736028254,0.032721247407607734,0.020896110800094903
742,0.0,6.427133036777377,0.13938855554442853,-6.427133036777377,-0.13938855554442853,0.621605377193108,0.6670093255429709,0.05638742004521191,0.03901216259691864,0.02684040809981525,0.017148564802482724
743,0.0,6.42845849506557,0.11429861624492332,-6.42845849506557,-0.11429861624492332,0.6216397172491714,0.6670099361125021,0.046225046389736235,0.03198697522748262,0.02201535680796951,0.01407123781973496
744,0.0,6.429669354110956,0.09372486383654177,-6.429669354110956,-0.09372486383654177,0.621674063773499,0.6670104367795098,0.03789612965192646,0.02622722531668842,0.018056872067973018,0.011544636799953878
745,0.0,6.4308262430131435,0.07685438977205195,-6.4308262430131435,-0.07685438977205195,0.6217084164777886,0.6670108473264637,0.031069261603988707,0.021504858159460127,0.014809580170549452,0.009470689838053659
746,0.0,6.431960081681609,0.06302059700828977,-6.431960081681609,-0.06302059700828977,0.6217427752389088,0.667011183974952,0.02547312469687313,0.01763294276315719,0.012145894288551062,0.00776863525970839
747,0.0,6.4330861903727055,0.0516768908710219,-6.4330861903727055,-0.0516768908710219,0.6217771400155667,0.6670114600267194,0.0208855519304052,0.014458272198680788,0.009961050818674266,0.0063720159232616425
748,0.0,6.434203591197729,0.042375050543341786,-6.434203591197729,-0.042375050543341786,0.6218115107612462,0.6670116863891689,0.017124541045632213,0.011855296179419383,0.008169071224983782,0.005226142093306407
749,0.0,6.435322109609842,0.03474754230410326,-6.435322109609842,-0.03474754230410326,0.6218458874819172,0.667011872006382,0.014041026588529348,0.009721049718791619,0.00669937944621779,0.004286086550564505
750,0.0,6.436442164704204,0.028492983619798906,-6.436442164704204,-0.028492983619798906,0.6218802701857884,0.6670120242124911,0.011512936180224642,0.007971039303811267,0.005494015567819588,0.003514992567943409
751,0.0,6.437561847269535,0.023364246590062976,-6.437561847269535,-0.023364246590062976,0.6219146588708699,0.6670121490215006,0.00944015773711726,0.0065360865846741945,0.0045054679503664374,0.0028825343179050833
752,0.0,6.438682088628411,0.019158682334818877,-6.438682088628411,-0.019158682334818877,0.6219490535401468,0.6670122513648892,0.00774064683355391,0.005359470014809631,0.0036947516491636634,0.002363813837291673
753,0.0,6.439802749082446,0.015710119441791903,-6.439802749082446,-0.015710119441791903,0.6219834541958578,0.6670123352864674,0.006347157614072785,0.004394668212626129,0.0030298928322736174,0.0019384007828193717
754,0.0,6.440928718075156,0.012882298142358195,-6.440928718075156,-0.012882298142358195,0.6220178608663604,0.6670124041021627,0.00520456705999095,0.0036035555240232497,0.0024846556698321365,0.0015895198885118589
755,0.0,6.442054407671094,0.010563484102021903,-6.442054407671094,-0.010563484102021903,0.622052273550162,0.6670124605310307,0.0042676878365455195,0.0029548578822868876,0.0020375233361846767,0.001303415047004819
756,0.0,6.443183496594429,0.008662057462061057,-6.443183496594429,-0.008662057462061057,0.6220866922654216,0.6670125068027052,0.0034994747693417594,0.0024229389964602888,0.0016708485418348573,0.0010687951544241514
757,0.0,6.444312445819378,0.007102886684151599,-6.444312445819378,-0.007102886684151599,0.6221211170113928,0.6670125447454759,0.002869557465601247,0.0019867746232193895,0.0013701553143619094,0.0008763992809690535
758,0.0,6.445441674441099,0.0058243671901436755,-6.445441674441099,-0.0058243671901436755,0.6221555477895683,0.6670125758585485,0.002353035597479902,0.0016291274732793681,0.0011235727470193524,0.0007186313723650528
759,0.0,6.446570530533791,0.004775981187776779,-6.446570530533791,-0.004775981187776779,0.6221899845979578,0.6670126013712685,0.0019294930098112673,0.0013358624528336804,0.0009213646990247071,0.000589261026107124
760,0.0,6.447709118947387,0.003916304513040814,-6.447709118947387,-0.003916304513040814,0.6222244274885504,0.6670126222916986,0.0015821911802049726,0.0010953895070997532,0.0007555459887953475,0.00048317783694074024
761,0.0,6.44884267821908,0.0032113696761371102,-6.44884267821908,-0.0032113696761371102,0.6222588764344811,0.6670126394464511,0.001297404924116563,0.0008982050530903507,0.0006195688001753297,0.0003961908987548668
762,0.0,6.449982710182667,0.002633323128975462,-6.449982710182667,-0.002633323128975462,0.6222933314703261,0.6670126535133482,0.0010638800631568301,0.0007365169494732982,0.0005080630671727704,0.0003248630491725635
763,11.450626644091527,6.958305789157748,0.13330826623132452,4.492320854933778,11.317318377860202,0.6222693340298616,0.6669521977527827,0.05430649034678936,0.037418806459754705,0.025518034817650914,0.016064934607129544
764,57.820645608775806,9.712701383978128,8.588805608451366,48.10794422479768,49.23184000032444,0.6220123471483189,0.6666892071544903,3.550022840499878,2.436879090964794,1.635897159576416,0.9660065174102783
765,79.07780821831652,13.370304089039564,19.356176629662514,65.70750412927696,59.721631588654006,0.6216613455236967,0.6663701813447218,8.182396739721298,5.540048703551292,3.6246806383132935,2.0090505480766296
766,88.31533338213279,17.41306111216545,29.857364296913147,70.90227226996734,58.457969085219645,0.6212825940692631,0.6660579058688393,12.820674479007721,8.541103452444077,5.537387356162071,2.9581990092992783
767,120.31926602961539,23.37427083402872,44.2380391061306,96.94499519558667,76.08122692348479,0.6207647255051841,0.6656514890583506,18.958042562007904,12.514755129814148,8.33699107170105,4.428250342607498
768,115.43702405421325,29.010481759905815,55.16309440135956,86.42654229430744,60.273929652853695,0.6203030452578855,0.6653295129384101,23.83935898542404,15.649379789829254,10.260594636201859,5.413760989904404
769,108.1205214333371,33.78828093409538,62.81394064426422,74.33224049924172,45.30658078907288,0.6199059713235947,0.6650874906051352,27.211734652519226,17.833782732486725,11.64206936955452,6.126353889703751
770,54.733239764060954,34.60461609065533,59.48489457368851,20.128623673405627,-4.751654809627553,0.6197984466244847,0.6651128733765541,26.045772433280945,16.932429373264313,10.867693275213242,5.638999491930008
771,1.1742964323614635,31.929298117756844,48.777614161372185,-30.75500168539538,-47.60331772901072,0.6199627361634024,0.665367164603739,21.486537158489227,13.923026621341705,8.815505355596542,4.55254502594471
772,-8.974700231408205,28.743622452020645,39.99764323234558,-37.71832268342885,-48.97234346375379,0.6201642229298737,0.6656287690025838,17.608527839183807,11.488323658704758,7.189756631851196,3.7110351026058197
773,-24.160601333860296,24.764916114509106,32.798067294061184,-48.925517448369405,-56.95866862792148,0.6204255771897474,0.665933035394827,14.439141750335693,9.39161702990532,5.910070985555649,3.0572375282645226
774,-27.68167026716586,20.411162078380585,26.894415728747845,-48.09283234554644,-54.5760859959137,0.6206824833454395,0.6662245743157453,11.838025599718094,7.689295709133148,4.841061681509018,2.5260327383875847
775,-12.20680426192008,16.618527099490166,22.053420543670654,-28.825331361410246,-34.26022480559074,0.6208364648163872,0.6664075883371428,9.713590890169144,6.300182640552521,3.9734672755002975,2.0661797374486923
776,0.10721682415178496,13.63436272367835,18.08380540460348,-13.527145899526566,-17.976588580451697,0.6209087252111496,0.6665036171222948,7.961578667163849,5.178140476346016,3.2478850334882736,1.6962012276053429
777,8.820112847419798,11.589623615145683,14.82871975749731,-2.769510767725885,-6.008606910077512,0.6209235196062763,0.6665357143814298,6.509768217802048,4.239869862794876,2.664223499596119,1.4148581773042679
778,18.119891336365058,10.578144621104002,13.504901807755232,7.5417467152610556,4.614989528609826,0.6208832324977547,0.666511061659589,5.896107852458954,3.855343535542488,2.43790689855814,1.31554352119565
779,9.113554080258423,9.294224716722965,11.074019689112902,-0.1806706364645425,-1.960465608854479,0.620884197618676,0.6665215342322858,4.8079852014780045,3.15139964222908,2.0101625472307205,1.1044722981750965
780,18.11989133636515,8.954567182809114,10.426455829292536,9.165324153556035,7.693435507072614,0.6208352375537531,0.666480436820389,4.501936584711075,2.9650073498487473,1.9017992541193962,1.0577126406133175
781,62.42487029378658,11.477636080235243,17.871534638106823,50.94723421355134,44.55333565567976,0.6205630835248346,0.6662424382324847,7.6150380074977875,5.11157363653183,3.3173777163028717,1.827545277774334
782,90.21443079397694,15.754620637744665,28.985473327338696,74.45981015623228,61.22895746663825,0.6201653281287008,0.6659153604682398,12.422184646129608,8.293702453374863,5.385168269276619,2.8844179585576057
783,63.58001899953293,17.86177884787321,33.31412859261036,45.71824015165972,30.265890406922573,0.6199211067603694,0.6657536837032456,14.469978213310242,9.478167444467545,6.155984103679657,3.209998831152916
784,65.9778383500876,20.116775296628475,37.29989156126976,45.86106305345912,28.677946788817835,0.6196761224491864,0.665600489543049,16.210120916366577,10.621533542871475,6.888147443532944,3.580089658498764
785,49.342503943138254,21.278652548789978,37.578268349170685,28.063851394348276,11.76423559396757,0.6195262087131054,0.6655376464041923,16.45936518907547,10.727326571941376,6.854983419179916,3.5365931689739227
786,25.57430029684512,20.857530273497105,33.53006914258003,4.716770023348015,-7.955768845734912,0.6195010122920405,0.6655801451693939,14.7341787815094,9.588517248630524,6.075314432382584,3.1320586800575256
787,14.079850996401937,19.57215517759323,28.140321373939514,-5.492304181191294,-14.060470377537577,0.6195303515237776,0.6656552545197013,12.344036996364594,8.040910214185715,5.111934617161751,2.643439546227455
788,13.690198473698374,17.994233779609203,23.648426868021488,-4.30403530591083,-9.958228394323115,0.6195533431653689,0.6657084501842009,10.372395068407059,6.7493438720703125,4.301175475120544,2.2255124524235725
789,14.079850996401937,16.217192728072405,20.033681392669678,-2.1373417316704675,-5.95383039626774,0.6195647605891492,0.6657402548337535,8.815845102071762,5.736330896615982,3.6052383482456207,1.8762670457363129
790,46.371478487351744,17.067857645452023,22.881164588034153,29.303620841899722,23.49031389931759,0.619408224153028,0.6656147723877102,9.989243000745773,6.56389445066452,4.146220535039902,2.1818066015839577
791,123.00101444013666,23.277151584625244,39.013032242655754,99.72386285551141,83.9879821974809,0.6188755112104237,0.6651661186366552,16.662511229515076,11.072802543640137,7.348829507827759,3.928888961672783
792,147.36881001873093,30.91951496899128,56.64028711616993,116.44929504973965,90.728522902561,0.6182534530103717,0.6646814577237141,24.283909797668457,16.020190715789795,10.66739559173584,5.668791010975838
793,162.9265692481459,39.15454037487507,73.90899360179901,123.77202887327084,89.0175756463469,0.6175922776424589,0.664205936486287,31.678256392478943,20.90698927640915,13.912855088710785,7.410892844200134
794,116.77291430590628,43.09934228658676,79.7753669321537,73.67357201931952,36.99754737375258,0.6171987222363728,0.6640083000152733,34.31234061717987,22.597555816173553,14.94973599910736,7.915734499692917
795,6.690067804200035,40.36453552544117,65.41579961776733,-33.674467721241136,-58.7257318135673,0.6173786072135162,0.6643220058476108,28.435516357421875,18.598532676696777,12.076281756162643,6.305468827486038
796,-35.532204012668636,35.198524594306946,53.64095792174339,-70.73072860697559,-89.17316193441204,0.6177564423022287,0.6647983582083715,23.54636639356613,15.331044793128967,9.742184728384018,5.021362006664276
797,-66.78642140304463,28.51062398403883,43.98558475077152,-95.29704538708346,-110.77200615381615,0.6182655077156213,0.6653900890104752,19.33779865503311,12.625539302825928,7.919248938560486,4.102997854351997
798,-54.4968783318552,22.626060992479324,36.068180203437805,-77.12293932433452,-90.565058535293,0.6186774892291059,0.6658738767163261,15.888071060180664,10.32855436205864,6.488411128520966,3.363143652677536
799,-17.593535732452455,18.80039907991886,29.57590725272894,-36.39393481237131,-47.16944298518139,0.6188719012740438,0.6661258502365461,12.989892065525055,8.45709964632988,5.3551387041807175,2.773776836693287
800,27.25062884246847,18.32777690142393,27.25293282419443,8.922851941044538,-0.0023039817259622453,0.6188242364666664,0.6661258625441409,11.940145492553711,7.774066925048828,4.970120266079903,2.5686001405119896
801,15.610595482443264,16.731069050729275,23.252888396382332,-1.1204735682860107,-7.642292913939068,0.6188302219023945,0.6661666867584247,10.204092413187027,6.631367653608322,4.228142648935318,2.1892856806516647
802,-11.202158708181164,12.905737664550543,19.067368656396866,-24.10789637273171,-30.269527364578032,0.618959003400112,0.6663283829516116,8.395200222730637,5.458273738622665,3.4270301461219788,1.786864548921585
803,-38.38797480777822,8.517603762447834,15.635242313146591,-46.905578570226055,-54.02321712092481,0.6192095673882008,0.666616968513155,6.7502811551094055,4.424124583601952,2.875071205198765,1.5857653692364693
804,-50.59454163579449,5.912078497931361,12.820898275822401,-56.50662013372585,-63.41543991161689,0.6195114189914792,0.6669557262049906,5.4515596479177475,3.6015983670949936,2.401328459382057,1.3664118014276028
805,-33.193962188877414,5.225511314347386,10.51313690841198,-38.4194735032248,-43.707099097289394,0.6197166512217315,0.667189204298459,4.450376704335213,2.9615381732583046,1.967819407582283,1.1334026232361794
806,-38.695427587014045,4.884767672047019,8.620771951973438,-43.580195259061064,-47.31619953898748,0.6199494514100812,0.6674419617746288,3.6214888095855713,2.416558563709259,1.6272535547614098,0.9554710239171982
807,-37.702392047335145,4.790252493694425,7.069033198058605,-42.49264454102957,-44.77142524539375,0.6201764420326294,0.6676811253710251,2.955208346247673,1.9754227250814438,1.338978111743927,0.7994240149855614
808,-46.87170455181601,4.642532346770167,5.796607164666057,-51.51423689858618,-52.668311716482066,0.620451624922045,0.6679624731900234,2.4069907143712044,1.608145609498024,1.10673438757658,0.6747364532202482
809,-35.48411456669812,4.748996160924435,4.753217892721295,-40.23311072762255,-40.23733245941941,0.6206665453853336,0.6681774162052981,1.9665049389004707,1.3216379098594189,0.9069333784282207,0.558141665533185
810,-19.37694196820138,5.107926530763507,3.897638712078333,-24.484868498964886,-23.274580680279712,0.6207973406230417,0.6683017462302996,1.609008014202118,1.0896162129938602,0.7418671157211065,0.4571473691612482
811,-5.9618195902932705,5.636670021340251,3.196063684299588,-11.598489611633521,-9.157883274592859,0.6208592983666936,0.6683506665469374,1.3215585611760616,0.8964317850768566,0.6064658984541893,0.37160743959248066
812,2.051637204462897,6.171761313453317,2.6207722490653396,-4.120124108990419,-0.5691350446024424,0.6208813075766776,0.668353706798244,1.0838081128895283,0.7362530566751957,0.49683814868330956,0.30387293081730604
813,-0.19789697622606348,6.3271519262343645,2.149033243767917,-6.525048902460428,-2.3469302199939808,0.6209161636071394,0.66836624381865,0.8845779113471508,0.6028806790709496,0.4090543370693922,0.2525203162804246
814,6.344543209484366,6.684654671698809,1.7622072715312243,-0.340111462214443,4.582335937953141,0.6209179804418735,0.6683417655283831,0.7258627098053694,0.4950630012899637,0.3350197337567806,0.20626182667911053
815,5.301442260295787,6.817495916038752,1.445009943563491,-1.5160536557429642,3.8564323167322963,0.6209260790190944,0.6683211649284005,0.5934558343142271,0.4056324250996113,0.27539697475731373,0.170524709392339
816,-4.74836219785807,6.452723080292344,1.1849081725813448,-11.201085278150414,-5.9332703704394145,0.6209859138763494,0.6683528597487555,0.482807494699955,0.33142012543976307,0.22748643532395363,0.14319411711767316
817,-4.5416106228204605,6.2885848339647055,0.9716246742755175,-10.830195456785166,-5.513235297095978,0.6210437674845587,0.6683823107920092,0.39526624605059624,0.2716866321861744,0.18677494954317808,0.11789684649556875
818,-1.3187773659466586,6.3401129096746445,0.7967322540935129,-7.658890275621303,-2.1155096200401715,0.6210846803599627,0.6683936115912615,0.3243004437536001,0.2229533391073346,0.15304010594263673,0.09643836528994143
819,-0.10531997351145846,6.414475943893194,0.6533204403240234,-6.519795917404653,-0.7586404138354819,0.6211195083296069,0.6683976641575747,0.26581676211208105,0.18285091500729322,0.1255207578651607,0.07913200533948839
820,2.8607501932818287,6.578671606257558,0.5357227637432516,-3.717921412975729,2.325027429538577,0.6211393690209156,0.6683852441392546,0.21815651562064886,0.15005277236923575,0.10282881557941437,0.06468466017395258
821,18.71652412874317,7.390447799116373,1.8387712771072984,11.326076329626797,16.877752851635872,0.6210788664764197,0.6682950852030813,0.7552147377282381,0.5171031225472689,0.35033710300922394,0.21611631382256746
822,14.945704946186671,7.654242496937513,2.2311207838356495,7.291462449249158,12.714584162351022,0.6210399163564986,0.6682271654158893,0.9216711856424809,0.6278379820287228,0.42318818159401417,0.2584234345704317
823,-9.298827419490062,6.6803960129618645,1.8295190297067165,-15.979223432451926,-11.128346449196778,0.6211252754560309,0.6682866117110239,0.7473172154277563,0.511492881923914,0.35079745575785637,0.2199114765971899
824,-3.505865854878599,6.441765325143933,1.5002056024968624,-9.947631180022533,-5.006071457375461,0.6211784145114797,0.6683133535457321,0.6133009679615498,0.4199863411486149,0.28729799669235945,0.17962029669433832
825,-0.1053199735114592,6.466399785131216,1.23016859870404,-6.571719758642676,-1.3354885722154992,0.6212135198520707,0.6683204875658828,0.5028515122830868,0.3446156857535243,0.2355256350710988,0.14717576559633017
826,3.4643759901845295,6.633843248710036,1.0087382630445063,-3.169467258525507,2.455637727140023,0.6212304507669133,0.6683073698429814,0.4124858882278204,0.28280618134886026,0.1930094906128943,0.12043670285493135
827,9.217236460689847,6.976682832464576,0.8271653554402292,2.240553628225271,8.390071105249618,0.6212184819975317,0.6682625510870773,0.3388963872566819,0.23221522569656372,0.15796765219420195,0.09808609029278159
828,4.1062818795643565,6.920115975663066,0.6782755954191089,-2.8138340960987094,3.4280062841452477,0.621233513162575,0.6682442390876963,0.276742409914732,0.19009736133739352,0.130005506798625,0.08143031736835837
829,-0.15601732950846287,6.700821220874786,0.5561860045418143,-6.856838550383249,-0.7122033340502771,0.6212701415736348,0.6682480435926859,0.22612481843680143,0.15563468914479017,0.10695316595956683,0.06747333100065589
830,5.229739508921294,6.831471947953105,0.4560725181363523,-1.601732439031811,4.773666990784942,0.6212786978366638,0.6682225432348291,0.18587788799777627,0.1278213458135724,0.08748600375838578,0.054887280566617846
831,0.1893245522043599,6.673181243240833,0.3739794628927484,-6.483856691036474,-0.18465491068838852,0.6213133338232611,0.6682235296392666,0.15185585943982005,0.10461596539244056,0.07199020474217832,0.045517433318309486
832,-0.8484794284524616,6.551616964861751,0.3066631528781727,-7.400096393314212,-1.1551425813306344,0.6213528642527126,0.6682297002727139,0.12435838580131531,0.08571281796321273,0.05912880296818912,0.03746314614545554
833,1.5500312506738179,6.5960566978901625,0.25146379484795034,-5.046025447216344,1.2985674558258675,0.6213798195168537,0.668222763480749,0.1020922209136188,0.0703610188793391,0.04840820038225502,0.03060235467273742
834,6.679380131740484,6.846272107213736,0.20620030700229108,-0.1668919754732512,6.473179824738193,0.6213807110338168,0.6681881845286938,0.08394657052122056,0.057794019812718034,0.03958726592827588,0.0248724507400766
835,16.14735438931623,7.420309912413359,1.1117874411866069,8.727044476902872,15.035566948129624,0.6213340922064828,0.6681078663291845,0.45506185851991177,0.3123355330899358,0.2124993596225977,0.13189068995416164
836,-2.9144072953851055,6.839520623907447,0.9116657078266144,-9.753927919292552,-3.82607300321172,0.621386196522291,0.668128304753347,0.37111190613359213,0.25502240750938654,0.1752269919961691,0.11030440218746662
837,-10.773769513316457,6.236164178699255,0.7475658785551786,-17.009933692015714,-11.521335391871636,0.6214770615526971,0.668189850348389,0.3020013915374875,0.20847863052040339,0.14474533963948488,0.09234051685780287
838,0.35101754332979584,6.395043758675456,0.6130040157586336,-6.04402621534566,-0.26198647242883777,0.6215093480175227,0.6681912498487759,0.24943016469478607,0.17157508991658688,0.11782700894400477,0.07417175220325589
839,15.539164562673813,7.152791740372777,1.335804769769311,8.386372822301036,14.203359792904502,0.6214645490174036,0.6681153772003094,0.5479652434587479,0.37539596669375896,0.25490422267466784,0.1575393369421363
840,-2.17278023296556,6.738549750298262,1.0953599237836897,-8.911329983263823,-3.26814015674925,0.6215121522758612,0.6681328352139673,0.44676358811557293,0.3065717173740268,0.21021626889705658,0.13180834939703345
841,-5.262513891361057,6.409634090960026,0.8981951279565692,-11.672147982321082,-6.160709019317626,0.6215745034937155,0.6681657449843696,0.3650769591331482,0.2510230988264084,0.17291600815951824,0.10917906183749437
842,0.0,6.465534307062626,0.7365200202912092,-6.465534307062626,-0.7365200202912092,0.6216090416043301,0.6681696793861874,0.2999336691573262,0.20616301335394382,0.14149879571050406,0.08892454206943512
843,11.558295689058065,7.007319526746869,0.7211529416963458,4.550976162311196,10.83714274736172,0.6215847308342323,0.6681117886663831,0.29538427479565144,0.20249681547284126,0.1378048793412745,0.08546697208657861
844,118.97183806842234,13.921388518065214,20.04465702921152,105.05044955035713,98.92718103921082,0.6210235639028735,0.6675833315027121,8.29143226146698,5.721317231655121,3.848191350698471,2.1837161853909492
845,225.7687446241783,27.903971076011658,55.12859225273132,197.86477354816665,170.640152371447,0.6199665939587059,0.6666717922272236,23.14021587371826,15.551844239234924,10.625295341014862,5.811236798763275
846,261.05994310650703,42.87578500807285,90.27608633041382,218.18415809843418,170.78385677609322,0.6188010802936502,0.6657594853000008,38.019731640815735,25.507232546806335,17.362351715564728,9.38677042722702
847,280.0,54.65925186872482,122.53251522779465,225.34074813127518,157.46748477220535,0.6175973369809832,0.6649183128386108,51.049989461898804,34.69584286212921,23.764169216156006,13.022513687610626
848,270.1123105433615,63.02962750196457,147.22723066806793,207.08268304139693,122.88507987529357,0.6164911260673005,0.6642618754461146,60.663390159606934,41.71280860900879,28.83967161178589,16.01136028766632
849,280.0,69.34250593185425,169.27558928728104,210.65749406814575,110.72441071271896,0.6153658189408681,0.663670398893162,69.07782554626465,47.94170260429382,33.450379967689514,18.80568116903305
850,280.0,73.69245812296867,187.37227320671082,206.30754187703133,92.62772679328918,0.6142637487385335,0.6631755926602919,75.97206830978394,53.00014019012451,37.2275173664093,21.172547340393066
851,280.0,76.60146355628967,202.22580879926682,203.39853644371033,77.77419120073318,0.6131772180951376,0.6627601322372111,81.50143027305603,57.21881985664368,40.351107716560364,23.154450953006744
852,280.0,78.52503582835197,214.41767662763596,201.47496417164803,65.58232337236404,0.612100962944648,0.6624097993132134,85.99682450294495,60.68687438964844,42.93259084224701,24.801386892795563
853,280.0,79.79008182883263,224.4250923395157,200.20991817116737,55.574907660484314,0.61103146551852,0.6621129248064801,89.67686891555786,63.52282166481018,45.06308436393738,26.162317395210266
854,280.0,80.62286153435707,232.6397180557251,199.37713846564293,47.3602819442749,0.60996641670193,0.661859931847376,92.68777370452881,65.84803462028503,46.80450260639191,27.299407124519348
855,277.48040737669197,81.17034882307053,238.92947733402252,196.31005855362145,38.55093004266945,0.608917751859229,0.6616539973920199,94.9735164642334,67.62800216674805,48.141032457351685,28.186926245689392
856,280.0,81.54584690928459,244.5465385913849,198.4541530907154,35.45346140861511,0.6078576335200693,0.6614646092434696,97.0655620098114,69.21783685684204,49.314141273498535,28.94899845123291
857,280.0,81.80518671870232,249.15798008441925,198.19481328129768,30.84201991558075,0.6067989005431392,0.6612998548635787,98.76627326011658,70.52290439605713,50.280386209487915,29.58841621875763
858,280.0,81.99043646454811,252.9441088438034,198.0095635354519,27.055891156196594,0.6057411571481849,0.6611553255304793,100.0,71.67220711708069,51.12758278846741,30.14431893825531
859,277.03324880582073,82.12430328130722,255.51888048648834,194.9089455245135,21.51436831933239,0.6046999768836309,0.6610403983492863,100.0,72.83995747566223,51.980531215667725,30.698391795158386
860,256.04691425816173,82.206941395998,253.85595858097076,173.83997286216373,2.1909556771909706,0.6037713445499655,0.6610286945262244,100.0,71.98408246040344,51.42001509666443,30.451861023902893
861,263.5821978000357,82.28774517774582,253.84905338287354,181.2944526222899,9.73314441716218,0.6028028912774105,0.6609767012333977,100.0,72.01434969902039,51.41850709915161,30.416196584701538
862,271.96845212777237,82.36612901091576,255.35441935062408,189.6023231168566,16.61403277714828,0.6017900583547777,0.6608879510583061,100.0,72.74152636528015,51.924341917037964,30.68855106830597
863,279.81100159014176,82.44328275322914,258.0030292272568,197.36771883691262,21.807972362884982,0.600735743617401,0.6607714554794445,100.0,73.99009466171265,52.81262993812561,31.200304627418518
864,264.43789251804577,82.49689042568207,257.4110835790634,181.9410020923637,7.026808938982356,0.5997638365549418,0.6607339191069072,100.0,73.650062084198,52.61175036430359,31.14927113056183
865,229.3370461393249,82.51094445586205,250.6086230278015,146.82610168346287,-21.271576888476602,0.598979509088684,0.6608475493253285,98.85270595550537,70.92061638832092,50.708770751953125,30.126529932022095
866,167.97050327981094,82.42846578359604,233.9813470840454,85.5420374962149,-66.01084380423447,0.5985225537601786,0.6612001713541973,92.1471357345581,66.19654893875122,47.35739231109619,28.280270099639893
867,110.3352740343717,81.83913603425026,209.96249318122864,28.496138000121434,-99.62721914685694,0.5983703308007763,0.6617323680376741,82.72271156311035,59.396910667419434,42.446839809417725,25.396031141281128
868,110.3352740343717,81.40130266547203,190.25169759988785,28.933971368899662,-79.91642356551615,0.5982157689879082,0.6621592720097121,75.49501657485962,53.82457375526428,38.31603229045868,22.616074979305267
869,176.20410745773214,81.72318935394287,185.93294024467468,94.48091810378926,-9.728832786942547,0.5977110632288067,0.6622112422703261,74.61116313934326,52.60280966758728,37.23612725734711,21.482840180397034
870,247.40349719579947,82.09621012210846,195.20595967769623,165.30728707369101,52.197537518103246,0.5968280114816182,0.6619324092707636,78.65443825721741,55.23985028266907,38.96326422691345,22.3484069108963
871,151.45755927632482,82.07544609904289,185.54759472608566,69.38211317728192,-34.09003544976085,0.5964573805351584,0.6621145141609867,74.22280311584473,52.489274740219116,37.21573054790497,21.619786322116852
872,82.2308962209053,80.69450482726097,165.161694586277,1.5363913936443225,-82.93079836537171,0.5964491733161753,0.662557520562511,66.1142349243164,46.7090368270874,33.07644426822662,19.261978566646576
873,82.2308962209053,79.55581024289131,148.4324872493744,2.675085978013982,-66.2015910284691,0.5964348833269765,0.6629111615402272,60.105544328689575,41.9394314289093,29.527705907821655,16.859805583953857
874,13.878231774144579,76.20364278554916,122.40088433027267,-62.32541101140458,-108.5226525561281,0.5967678182148579,0.6634908765645655,50.0285267829895,34.531208872795105,24.155835807323456,13.685312867164612
875,44.46644061101126,74.21959936618805,106.54414594173431,-29.75315875517679,-62.077705330723056,0.596926756028721,0.6638224882383408,44.55958604812622,30.03101646900177,20.711669325828552,11.241874098777771
876,143.26969074605256,75.83012878894806,111.3166555762291,67.4395619571045,31.953035169823465,0.5965665019584373,0.6636517989479037,46.68099284172058,31.50257170200348,21.46684378385544,11.666247248649597
877,145.28493726686733,77.14337483048439,115.59777483344078,68.14156243638294,29.68716243342655,0.5962024978855934,0.6634932136784943,48.326534032821655,32.71220922470093,22.362495958805084,12.196535617113113
878,145.28493726686602,78.19047942757607,119.1128596663475,67.09445783928996,26.17207760051852,0.5958440873202127,0.663353405571654,49.6678352355957,33.70589315891266,23.104187846183777,12.634943425655365
879,239.0633091450256,79.7967292368412,138.8793632388115,159.2665799081844,100.18394590621412,0.5949933043078827,0.6628182349204456,57.402390241622925,39.349740743637085,27.118366956710815,15.008865296840668
880,280.0,80.95353320240974,162.47191280126572,199.04646679759026,117.52808719873428,0.5939300218997758,0.6621904139418199,66.47868156433105,46.0314154624939,32.041776180267334,17.92003959417343
881,226.03199704567888,81.6116452217102,172.1216395497322,144.42035182396867,53.91035749594667,0.5931585456613999,0.6619024312628885,69.99722123146057,48.68381321430206,34.11364257335663,19.326962530612946
882,254.55819037392357,82.12216570973396,185.17743200063705,172.4360246641896,69.38075837328651,0.5922374130510143,0.6615318075536295,75.00081658363342,52.390700578689575,36.810117959976196,20.97579687833786
883,227.05130924926723,82.43180066347122,190.94261825084686,144.619508585796,36.10869099842037,0.5914648729410474,0.661338919247014,76.91656351089478,54.02510166168213,38.131627440452576,21.869325637817383
884,200.67180071806618,82.64013901352882,190.92730432748795,118.03166170453736,9.744496390578234,0.5908343619276685,0.6612868653133037,76.6691267490387,54.0174126625061,38.22046518325806,22.02029973268509
885,170.00779463060277,82.73491188883781,185.39672940969467,87.27288274176496,-15.388934779091898,0.590368160630971,0.6613690711614826,74.34809803962708,52.44835615158081,37.14083135128021,21.459443867206573
886,132.35637354594843,82.52202048897743,174.08203780651093,49.834353056971,-41.725664260562496,0.5901019514800256,0.661591964667148,69.86379027366638,49.236223101615906,34.847211837768555,20.134812593460083
887,205.60680816361636,82.75904729962349,177.98264622688293,122.84776086399287,27.62416193673343,0.5894457134412222,0.6614443996995373,71.98464870452881,50.34986734390259,35.445261001586914,20.202869176864624
888,100.67162142456829,82.01721087098122,162.29706704616547,18.65441055358707,-61.62544562159718,0.5893460638121967,0.661773595456063,65.27692079544067,45.88780105113983,32.429760694503784,18.702584505081177
889,61.584681971334604,80.11437058448792,142.38975644111633,-18.52968861315331,-80.80507446978173,0.5894450471915404,0.6622052464948973,57.71561861038208,40.21483659744263,28.298798203468323,16.160503029823303
890,96.97052775864151,79.75935116410255,132.42278546094894,17.211176594538955,-35.452257702307435,0.5893531071456295,0.6623946282133926,54.50325608253479,37.3609721660614,26.05704367160797,14.501513540744781
891,68.77425806206723,78.43359708786011,119.16908472776413,-9.659339025792875,-50.3948266656969,0.589404706178887,0.6626638313472906,49.44141507148743,33.581915497779846,23.307843506336212,12.837910652160645
892,102.55906642550174,78.5365641117096,114.37456086277962,24.022502313792145,-11.815494437277877,0.5892763808460142,0.6627269483047546,47.75939881801605,32.31928050518036,22.193899750709534,12.101981788873672
893,190.0910720063013,79.94593679904938,126.19699835777283,110.14513520725191,63.89407364852846,0.5886879987134969,0.6623856338087689,52.45962738990784,35.75013875961304,24.51512962579727,13.472102582454681
894,158.89575788642807,80.73658123612404,130.28606325387955,78.15917665030403,28.609694632548525,0.588270481744211,0.6622328042434241,53.948259353637695,36.86806857585907,25.43925940990448,14.030475914478302
895,68.77425806206723,79.27272841334343,117.42163747549057,-10.498470351276197,-48.64737941342334,0.5883265633166004,0.6624926727231967,48.78433346748352,33.09311866760254,22.93584942817688,12.60833591222763
896,67.5462641931815,78.00151705741882,106.64428323507309,-10.455252864237323,-39.09801904189159,0.5883824140263453,0.662701529662523,44.68804895877838,30.09810745716095,20.66490948200226,11.1932173371315
897,92.0281164842978,77.80574932694435,102.20756530761719,14.222367157353446,-10.17944882331939,0.5883064398428124,0.6627559070600835,43.09542775154114,28.88081669807434,19.645823538303375,10.585497319698334
898,57.22848199768423,76.3223297894001,92.30396449565887,-19.093847791715874,-35.07548249797465,0.5884084368929818,0.6629432760905214,39.21584188938141,26.07872784137726,17.611947655677795,9.397447109222412
899,54.16550206967912,74.89883303642273,83.62627103924751,-20.73333096674361,-29.46076896956839,0.5885191918660948,0.6631006519931366,35.86817383766174,23.657841980457306,15.761971473693848,8.338283747434616
900,88.53880106487935,74.98495876789093,82.6932281255722,13.553842296988421,5.8455729393071465,0.5884467888623716,0.6630694256419651,35.564860701560974,23.402318358421326,15.523731708526611,8.202317357063293
901,52.66683295209737,73.62280189990997,75.47207772731781,-20.9559689478126,-22.805244775220437,0.588558733140939,0.6631912485307216,32.6484739780426,21.371950209140778,14.067530632019043,7.384122908115387
902,85.13682735125103,73.72487932443619,75.3918245434761,11.41194802681484,9.745002807774924,0.588497771880112,0.6631391918917913,32.63646960258484,21.355867385864258,14.031699299812317,7.367788255214691
903,119.08379085503657,75.08003786206245,81.43797069787979,44.003752992974114,37.64582015715678,0.5882627090970298,0.6629380924251398,35.003143548965454,23.049521446228027,15.28376191854477,8.10154378414154
904,186.977717862609,77.39410996437073,98.62250462174416,109.58360789823828,88.35521324086486,0.5876773265762059,0.6624661094484258,41.71510338783264,27.906838059425354,18.82772147655487,10.17284169793129
905,191.65869805047868,79.14611399173737,113.56999799609184,112.51258405874131,78.08870005438683,0.5870762978152083,0.6620489689566822,47.59016036987305,32.16446936130524,21.884380280971527,11.930987983942032
906,157.2853990552798,80.17600923776627,119.65175718069077,77.10938981751355,37.633641874589046,0.5866643886815678,0.6618479345449589,49.89641606807709,33.862075209617615,23.201797902584076,12.691468000411987
907,124.8589400955232,80.51145002245903,118.80783140659332,44.347490073064165,6.051108688929872,0.5864274896961348,0.661815610246407,49.50643479824066,33.59621465206146,23.081086575984955,12.624095380306244
908,54.16550206967912,78.59223708510399,105.3919218480587,-24.426735015424867,-51.22641977837958,0.58655797439173,0.662089255651206,44.16092932224274,29.71794307231903,20.442327857017517,11.070721596479416
909,155.14722670057668,79.7715850174427,112.55970820784569,75.37564168313398,42.58751849273099,0.5861553267331662,0.6618617582233602,47.17212915420532,31.858062744140625,21.71509861946106,11.814417690038681
910,228.6183403182439,81.05644285678864,131.66864216327667,147.56189746145526,96.94969815496722,0.5853670687339063,0.661343864536635,54.620522260665894,37.295639514923096,25.626233220100403,14.12624716758728
911,161.62738545752495,81.6604420542717,135.29451042413712,79.96694340325325,26.332875033387836,0.5849398948909402,0.6612031974691489,55.86262345314026,38.26977014541626,26.48833394050598,14.673782885074615
912,126.82775097091138,81.7479096353054,132.00784772634506,45.07984133560598,-5.180096755433681,0.5846990837726944,0.6612308689261758,54.508328437805176,37.28622496128082,25.871804356575012,14.341489970684052
913,22.428847511070668,78.70957404375076,110.52017509937286,-56.28072653268009,-88.09132758830219,0.5849997286793861,0.6617014422573099,45.854637026786804,31.13080859184265,21.61819040775299,11.916539072990417
914,-20.430396352084987,74.98364299535751,90.6265452504158,-95.4140393474425,-111.05694160250079,0.5855094190605156,0.6622946951504857,38.278546929359436,25.633710622787476,17.38712787628174,9.327159821987152
915,24.75598042192513,72.80900031328201,76.97575762867928,-48.05301989135688,-52.219777206754145,0.5857661125428412,0.6625736469518038,33.12203288078308,21.793076395988464,14.45024162530899,7.61040672659874
916,115.80481616970552,74.24365878105164,82.16286599636078,41.56115738865388,33.64195017334474,0.5855440978132009,0.6623939356795102,35.30451059341431,23.25412631034851,15.428555011749268,8.175674080848694
917,210.58496274171074,77.10428237915039,103.48189696669579,133.48068036256035,107.10306577501495,0.5848310599907514,0.6618218039178916,43.57435405254364,29.280102252960205,19.853177666664124,10.774262994527817
918,249.08758763668277,79.35489118099213,127.91045755147934,169.73269645569064,121.17713008520343,0.5839243682361803,0.6611744901888039,53.18867564201355,36.21682524681091,24.847061932086945,13.657894730567932
919,228.6183403182439,80.8119423687458,144.27605122327805,147.8063979494981,84.34228909496585,0.5831348041445698,0.6607239437726984,59.42896008491516,40.87787568569183,28.269782662391663,15.699432790279388
920,92.0281164842978,80.22256270051003,133.12257379293442,11.805553783787772,-41.09445730863662,0.5830717402888871,0.6609434654463556,54.7016978263855,37.55839467048645,26.227062940597534,14.635418355464935
921,19.792203074478895,77.39665508270264,110.96793338656425,-57.604452008223745,-91.17573031208536,0.5833794563786746,0.6614305152877663,45.98329961299896,31.265980005264282,21.721187233924866,11.997466534376144
922,27.04673451497703,75.13228878378868,94.09292191267014,-48.08555426881165,-67.0461873976931,0.5836363236557516,0.6617886679982241,39.707475900650024,26.56150460243225,18.11346560716629,9.71047580242157
923,83.88338388731238,75.11670142412186,90.47569185495377,8.76668246319052,-6.592307967641389,0.583589493087038,0.6618238833185641,38.60945105552673,25.576835870742798,17.162081599235535,9.1273233294487
924,119.08379085503657,76.39304250478745,93.84462088346481,42.69074835024912,25.239169971571755,0.5833614442176457,0.6616890586926476,39.91958200931549,26.547467708587646,17.833922803401947,9.543648362159729
925,92.33015581093758,76.52273923158646,91.7953722178936,15.807416579351127,0.5347835930439828,0.5832770028897646,0.6616862019426848,39.12316560745239,25.947225093841553,17.432646453380585,9.29233506321907
926,117.67047158181794,77.55093351006508,94.6763277053833,40.11953807175286,22.994143876434634,0.5830626891180137,0.6615633699775328,40.24227261543274,26.778629422187805,18.0111825466156,9.644243121147156
927,117.67047158181794,78.4018024802208,97.04224541783333,39.26866910159714,20.628226163984607,0.5828529205864881,0.6614531764616995,41.15506112575531,27.44184136390686,18.51201206445694,9.933330863714218
928,143.01078735269826,79.46348190307617,103.5467341542244,63.54730544962209,39.46405319847386,0.5825134584847272,0.6612423642117077,43.671536445617676,29.295310378074646,19.852566719055176,10.727320611476898
929,212.4379404904494,80.9220626950264,121.38337343931198,131.515877795423,91.05456705113741,0.5818109164024867,0.6607559616099388,50.6333589553833,34.372854232788086,23.500749468803406,12.876410782337189
930,260.40529604087914,81.96844533085823,144.65754628181458,178.4368507100209,115.74774975906456,0.5808577280974119,0.660137650980884,59.66293811798096,40.96659719944,28.325581550598145,15.702429413795471
931,161.62738545752495,82.4495479464531,145.98015397787094,79.17783751107186,15.64723147965401,0.5804347695636989,0.6600540653426379,59.901195764541626,41.258493065834045,28.745758533477783,16.074706614017487
932,-6.676028799710996,78.74749526381493,119.70372945070267,-85.42352406352592,-126.37975825041366,0.580891091807628,0.6607291708888473,48.936083912849426,33.78705680370331,23.590102791786194,13.390485942363739
933,-20.871321465035262,75.13277754187584,98.15705567598343,-96.0040990069111,-119.0283771410187,0.581403934216853,0.6613650062368228,41.11614525318146,27.711862325668335,18.99392008781433,10.335128009319305
934,-100.55797455522837,69.0520778298378,80.48878759145737,-169.61005238506618,-181.04676214668575,0.5823099708214741,0.6623321363764952,34.10210609436035,22.947920858860016,15.271686017513275,8.167074620723724
935,-120.0,62.18667849898338,66.0008043050766,-182.18667849898338,-186.0008043050766,0.5832831902579002,0.6633257304165865,28.365671634674072,18.92125755548477,12.244536727666855,6.4693383872509
936,-120.0,54.58265207707882,54.120659083127975,-174.58265207707882,-174.12065908312798,0.5842157898950641,0.6642558621424579,23.541194200515747,15.527099370956421,9.861273318529129,5.1910921931266785
937,-120.0,46.16804011166096,44.378941133618355,-166.16804011166096,-164.37894113361835,0.5851034396819853,0.6651339547767187,19.429627060890198,12.71418035030365,7.993674278259277,4.24145944416523
938,-56.13710574635003,39.82057869434357,36.39073185622692,-95.9576844406936,-92.52783760257695,0.5856160341501514,0.6656282274134846,16.01359397172928,10.411544144153595,6.565147638320923,3.4004461020231247
939,-68.4073648918978,32.94461239129305,29.84039969742298,-101.35197728319085,-98.24776458932078,0.5861574442852112,0.666153055215778,13.159193098545074,8.501201868057251,5.35983070731163,2.8201740235090256
940,-88.41997445539108,25.301606953144073,24.469127878546715,-113.72158140853516,-112.8891023339378,0.586764931365385,0.6667560952923481,10.732321441173553,6.884143501520157,4.451993852853775,2.4006690829992294
941,-120.0,15.905837900936604,20.064685307443142,-135.9058379009366,-140.06468530744314,0.5874909240892148,0.6675043040813836,8.647410571575165,5.5939048528671265,3.727896884083748,2.095472998917103
942,-95.51041000801393,8.912632241845131,16.45304150879383,-104.42304224985907,-111.96345151680777,0.5880487394858487,0.6681023994420503,7.038652151823044,4.592638090252876,3.086107037961483,1.7356442287564278
943,-111.81825556341146,5.398818431422114,13.491494115442038,-117.21707399483357,-125.30974967885349,0.5886748990691544,0.6687717891305057,5.69571740925312,3.751421347260475,2.5628354400396347,1.4815199188888073
944,-120.0,4.490540781989694,11.063025146722794,-124.4905407819897,-131.0630251467228,0.5893399126417077,0.6694719121280843,4.62212972342968,3.0680211260914803,2.120095305144787,1.2527789920568466
945,-120.0,4.315503593534231,9.071680717170238,-124.31550359353423,-129.07168071717024,0.590003991186545,0.6701613976020009,3.7552863359451294,2.5143036618828773,1.7504170536994934,1.0516736656427383
946,-120.0,4.2833073530346155,7.4387782253324986,-124.28330735303462,-127.4387782253325,0.5906678977429181,0.670842160306196,3.052559494972229,2.0624205470085144,1.4393382705748081,0.884459912776947
947,-120.0,4.278194764629006,6.099798018112779,-124.278194764629,-126.09979801811278,0.5913317769884556,0.6715157703383441,2.482983283698559,1.6879551112651825,1.1816277168691158,0.7472319062799215
948,-67.67570159046116,4.399726539850235,5.001834407448769,-72.0754281303114,-72.67753599790993,0.5917167953011175,0.6719040050391876,2.0573152229189873,1.3806999661028385,0.9648285806179047,0.5989906378090382
949,-47.777654650306154,4.537758184596896,4.101504245772958,-52.31541283490305,-51.87915889607911,0.5919962579765177,0.6721811372982478,1.68465506285429,1.1342569254338741,0.7916154339909554,0.4909768234938383
950,-41.336542670831165,4.6095904894173145,3.3632334787398577,-45.94613316024848,-44.69977614957102,0.5922416967220319,0.6724199181537477,1.3751127757132053,0.9312797337770462,0.6507632322609425,0.4060777369886637
951,-41.659318327015114,4.626611340790987,2.7578514767810702,-46.2859296678061,-44.417169803796185,0.59248895061983,0.6726571893599645,1.1207560077309608,0.762928044423461,0.535740377381444,0.33842704724520445
952,-39.50126843667658,4.646807070821524,2.261438127607107,-44.148075507498106,-41.76270656428369,0.5927247843565153,0.672880280741184,0.9153086692094803,0.6254062987864017,0.440788920968771,0.27993423864245415
953,-19.920379048273873,5.080063501372933,1.8543793121352792,-25.000442549646806,-21.77475836040915,0.5928583337291096,0.6729965988948187,0.7537397556006908,0.5167151335626841,0.3586901817470789,0.22523424122482538
954,-19.123912229065944,5.260838707908988,1.5205910429358482,-24.384750936974932,-20.644503272001792,0.5929885941507814,0.6731068793610152,0.6162925157696009,0.42358548380434513,0.2948457607999444,0.18586728256195784
955,-26.24708259123151,5.1573000848293304,1.2468846514821053,-31.40438267606084,-27.493967242713616,0.5931563526052476,0.6732537488441493,0.5022360477596521,0.34579155035316944,0.24382856208831072,0.15502849128097296
956,-4.32923638430346,5.676300125196576,1.0224454221315682,-10.005536509500036,-5.351681806435028,0.5932098009840376,0.6732823368879871,0.4165716003626585,0.28615957126021385,0.1969947712495923,0.12271947925910354
957,0.0,6.065607396885753,0.8384052431210876,-6.065607396885753,-0.8384052431210876,0.5932422027329526,0.6732868155484739,0.3419589251279831,0.23491657339036465,0.16133168246597052,0.1001980621367693
958,0.0,6.24414524063468,0.6874922895804048,-6.24414524063468,-0.6874922895804048,0.5932755582096654,0.6732904880500208,0.2800805028527975,0.19258385291323066,0.13241461711004376,0.08241331670433283
959,0.0,6.328193424269557,0.5637436872348189,-6.328193424269557,-0.5637436872348189,0.5933093626617181,0.6732934995013414,0.22944558877497911,0.1578865572810173,0.1086633070372045,0.06774823414161801
960,5.483014936418061,6.604290381073952,0.46226981212385,-1.1212754446558906,5.020745124294211,0.5933153523809738,0.6732666792816604,0.18858729163184762,0.12967888033017516,0.08889432065188885,0.05510931950993836
961,17.064474099516517,7.274267636239529,1.3405853882431984,9.790206463276988,15.723888711273318,0.5932630542695246,0.6731826841496558,0.5502031650394201,0.37714766804128885,0.2564382506534457,0.1567963045090437
962,37.54271899716761,8.713797759264708,5.749308550730348,28.828921237902904,31.793410446437264,0.5931090536218863,0.6730128475553906,2.3965632542967796,1.6261957585811615,1.085378509014845,0.6411710288375616
963,76.63629237155489,12.23468529060483,16.406195610761642,64.40160708095006,60.230096760793245,0.592765027943035,0.6726911055855146,6.893922388553619,4.682179167866707,3.0957724899053574,1.7343215644359589
964,100.5724787602661,17.052672617137432,29.462621547281742,83.51980614312866,71.10985721298435,0.5923188751324413,0.6723112452371547,12.572230398654938,8.40330496430397,5.5178336799144745,2.9692525044083595
965,112.538643311322,22.285102680325508,42.33374148607254,90.2535406309965,70.20490182524946,0.5918367515179594,0.6719362190521907,18.1806281208992,11.987464129924774,7.961815595626831,4.203833639621735
966,103.68009526937847,27.022423595190048,51.304320245981216,76.65767167418842,52.37577502339725,0.5914272554085888,0.6716564339292025,22.255071997642517,14.559347927570343,9.502945095300674,4.986955225467682
967,115.78612440741372,32.810403034090996,60.847342386841774,82.97572137332273,54.93878202057195,0.5909840090337313,0.6713629575295199,26.367968320846558,17.25434511899948,11.28515750169754,5.939871445298195
968,153.12347739179424,40.80833159387112,75.40179416537285,112.31514579792312,77.72168322642139,0.5903840349642979,0.6709477775977548,32.396718859672546,21.33233994245529,14.145101606845856,7.527633756399155
969,186.4184187878698,49.900804832577705,93.34148988127708,136.5176139552921,93.07692890659271,0.5896547742059898,0.6704505717809461,39.64749574661255,26.39043927192688,17.7446186542511,9.558936208486557
970,166.4687738983543,56.55595362186432,104.47542816400528,109.91282027648998,61.99334573434902,0.5890676330720341,0.6701194107460404,44.044458866119385,29.561474919319153,20.02605050802231,10.843443870544434
971,135.66393503086147,60.677553340792656,108.0699197947979,74.98638169006881,27.59401523606357,0.5886670647937752,0.6699720068184973,45.42807638645172,30.545905232429504,20.812325179576874,11.283612996339798
972,128.60372419262643,63.98388482630253,109.75081250071526,64.6198393663239,18.852911691911174,0.5883218733441687,0.6698712968201431,46.06511890888214,31.0123473405838,21.176987886428833,11.49635836482048
973,146.37147537897548,67.74729564785957,114.33023512363434,78.6241797311159,32.04124025534114,0.5879018723840667,0.6697001363486936,47.84650802612305,32.325273752212524,22.111384570598602,12.047068774700165
974,178.52938936011597,71.761804074049,123.87871891260147,106.76758528606697,54.6506704475145,0.587331532719077,0.6694081990065595,51.55630111694336,35.057657957077026,24.061863124370575,13.20289671421051
975,152.12888454442157,74.28947240114212,126.9647940993309,77.83941214327945,25.164090445090665,0.5869157238935253,0.6692737754464896,52.66890525817871,35.9048992395401,24.767455458641052,13.623534142971039
976,120.34947415792703,75.60819312930107,123.77895414829254,44.74128102862596,-3.4294799903655075,0.5866767213239279,0.669292095318233,51.38399600982666,34.95627045631409,24.152788519859314,13.28589916229248
977,109.37530276091294,76.38617604970932,119.19068545103073,32.989126711203625,-9.815382690117787,0.5865004973564535,0.6693445279180733,49.61046278476715,33.652082085609436,23.20987731218338,12.718263268470764
978,127.3075992114806,77.54712253808975,118.6546042561531,49.760476673390855,8.6529949553275,0.5862346828443094,0.6692983046544231,49.45766031742096,33.5324227809906,23.05668741464615,12.607833743095398
979,91.70485523382548,77.4007759988308,111.80785968899727,14.304079234994688,-20.103004455171785,0.5861582721646352,0.6694056924987349,46.74133062362671,31.559228897094727,21.70040011405945,11.806900054216385
980,36.014781667958744,75.45277699828148,96.16622105240822,-39.437995330322735,-60.151439384449475,0.5863689452166134,0.6697270142903186,40.5623584985733,27.126753330230713,18.528655171394348,9.948454052209854
981,36.014781667958744,73.74028339982033,83.33082422614098,-37.725501731861584,-47.31604255818223,0.5865704703327024,0.6699797709279157,35.68267226219177,23.5465869307518,15.75814038515091,8.343424648046494
982,36.014781667958744,72.20362424850464,72.79852032661438,-36.188842580545895,-36.783738658655636,0.5867637867994788,0.6701762652583573,31.534579396247864,20.61886191368103,13.545951247215271,7.099127769470215
983,-2.2211095580723548,69.52095702290535,59.6947867423296,-71.7420665809777,-61.915896300401954,0.5871470243346336,0.6705070125676543,26.049724221229553,16.997654736042023,10.968908667564392,5.6784991174936295
984,-9.9248812190107,66.44040048122406,48.949724063277245,-76.36528170023476,-58.874605282287945,0.5875549585317502,0.6708215136642477,21.512548625469208,13.989491760730743,8.877929300069809,4.569754377007484
985,-9.988028250413098,63.302356749773026,40.13877399265766,-73.29038500018612,-50.126802243070756,0.5879464669986315,0.6710892850437513,17.632649838924408,11.52675449848175,7.2419241070747375,3.7374455481767654
986,-12.520243191690376,59.93807315826416,32.91379455476999,-72.45831634995454,-45.43403774646037,0.5883335306543471,0.6713319882368414,14.457666873931885,9.422171115875244,5.958450585603714,3.07550597935915
987,-12.560488173396477,56.454870104789734,26.98931135237217,-69.01535827818621,-39.54979952576865,0.5887022024400212,0.6715432585334534,11.8167445063591,7.708311825990677,4.913990944623947,2.550264075398445
988,-3.4166494919630703,53.345245867967606,22.131235897541046,-56.761895359930676,-25.547885389504117,0.5890054176930123,0.6716797322801922,9.701231867074966,6.3171230256557465,4.022248461842537,2.0906325429677963
989,-10.321485850004574,49.70394894480705,18.147612921893597,-60.02543479481163,-28.46909877189817,0.5893260663831555,0.6718318107992728,7.9710982739925385,5.197915434837341,3.275967016816139,1.7026321962475777
990,-61.71060527663422,43.075601011514664,14.881042391061783,-104.78620628814889,-76.59164766769601,0.5898858217586265,0.672240954216301,6.360828131437302,4.1771844029426575,2.7855532243847847,1.557476632297039
991,-91.57536765569944,35.09581945836544,12.202455196529627,-126.67118711406488,-103.77782285222906,0.5905624840829538,0.6727953229281185,5.145205929875374,3.4006230533123016,2.317661792039871,1.3389644213020802
992,-99.73913002158966,26.929650828242302,10.006012953817844,-126.66878084983196,-109.7451429754075,0.5912391335533054,0.6733815683499956,4.184518754482269,2.779092639684677,1.9138813018798828,1.1285202577710152
993,-62.64311289109616,20.28194200247526,8.204930927604437,-82.92505489357143,-70.8480438187006,0.5916821092738906,0.6737600301225314,3.4282386302948,2.284371852874756,1.5667717903852463,0.9255486540496349
994,-29.37502638330187,15.076161548495293,6.7280433140695095,-44.451187931797165,-36.10306969737138,0.5919195622008767,0.6739528884008293,2.8155583888292313,1.8862981349229813,1.2736301869153976,0.7525566034018993
995,-28.177372448008505,10.493448842316866,5.516995536163449,-38.67082129032537,-33.694367984171954,0.5921261371009319,0.6741328796827961,2.2956788539886475,1.5434731729328632,1.048767939209938,0.6290755700320005
996,-21.16584616719283,7.763292733579874,4.523936193436384,-28.929138900772703,-25.689782360629213,0.5922806730993334,0.6742701114261755,1.87525674700737,1.266660075634718,0.8620594628155231,0.5199599079787731
997,-26.209631490194514,6.223166594281793,3.7096277810633183,-32.4327980844763,-29.919259271257832,0.592453925225853,0.6744299365291203,1.526351273059845,1.0352556593716145,0.7116671185940504,0.4363537300378084
998,-14.046571931010652,5.887445341795683,3.0418947571888566,-19.934017272806337,-17.08846668819951,0.5925604103608574,0.6745212210733948,1.2522708624601364,0.8516388013958931,0.5824485328048468,0.3555365605279803
999,-4.813743945090717,6.0098903719335794,2.494353777728975,-10.823634317024297,-7.308097722819692,0.5926182289202432,0.6745602600569569,1.0278236120939255,0.699822511523962,0.4767879843711853,0.289919669739902
1000,-4.726296727387815,6.068599782884121,2.0453699864447117,-10.794896510271936,-6.771666713832527,0.5926758939657041,0.6745964334902573,0.8401105180382729,0.5734595004469156,0.3919776529073715,0.23982231505215168
1001,-9.7911623653781,5.941057251766324,1.6772034345194697,-15.732219617144423,-11.468365799897569,0.592759933600411,0.6746576961280772,0.6850559264421463,0.4691714886575937,0.3230192931368947,0.199956726282835
1002,-81.73122524356911,4.731451766565442,1.3753068167716265,-86.46267701013456,-83.10653206034074,0.5932218068750378,0.6751016412779722,0.5436523351818323,0.37743363063782454,0.27311963494867086,0.18110121600329876
1003,-84.23432002845897,4.432693775743246,1.1277516139671206,-88.66701380420221,-85.36207164242609,0.5936954554530517,0.6755576352504211,0.4439769312739372,0.30908621847629547,0.22481991909444332,0.14986854512244463
1004,-40.30908198770859,4.621488694101572,0.9247562964446843,-44.93057068181016,-41.23383828415327,0.5939354691853264,0.6757779014805715,0.3694751998409629,0.2549169585108757,0.1826286897994578,0.11773544829338789
1005,-10.272209793131402,5.351349711418152,0.7583001628518105,-15.623559504549554,-11.030509955983213,0.5940189283707139,0.6758368251448663,0.3073349827900529,0.2115875482559204,0.14707983937114477,0.09229779243469238
1006,-1.0397037084869516,5.92715865932405,0.6218061491381377,-6.966862367811002,-1.6615098576250893,0.5940561445158411,0.6758457007317126,0.2532036742195487,0.1741506508551538,0.11993375374004245,0.07451807032339275
1007,-0.12419274111606894,6.220366060733795,0.5098810303024948,-6.344558801849864,-0.6340737714185637,0.5940900363897826,0.6758490878779274,0.20755806472152472,0.14282058691605926,0.0983640318736434,0.061138346791267395
1008,0.0,6.362211657688022,0.41810243856161833,-6.362211657688022,-0.41810243856161833,0.5941240225631678,0.6758513213311249,0.17008911818265915,0.11710012331604958,0.08069920586422086,0.050213991198688745
1009,0.0,6.43009627237916,0.3428440017160028,-6.43009627237916,-0.3428440017160028,0.5941583713680416,0.675853152762758,0.13939192285761237,0.09601027704775333,0.06620471831411123,0.041237083496525884
1010,0.0,6.463446607813239,0.28113208536524326,-6.463446607813239,-0.28113208536524326,0.5941928983264166,0.6758546545367183,0.11424716794863343,0.07871869020164013,0.054311013082042336,0.03385521413292736
1011,0.0,6.4804840832948685,0.23052830656524748,-6.4804840832948685,-0.23052830656524748,0.594227516296947,0.6758558859913474,0.09364717407152057,0.06453716196119785,0.04455661110114306,0.027787359431385994
1012,0.0,6.489775329828262,0.18903321615653113,-6.489775329828262,-0.18903321615653113,0.5942621839002047,0.6758568957841687,0.07676717359572649,0.05291037377901375,0.0365514075383544,0.022804261243436486
1013,0.0,6.4953734166920185,0.15500723384320736,-6.4953734166920185,-0.15500723384320736,0.5942968814077725,0.675857723814264,0.0629334943369031,0.04337877908255905,0.02998250420205295,0.018712456221692264
1014,0.0,6.499213259667158,0.12710593437077478,-6.499213259667158,-0.12710593437077478,0.5943315994273219,0.6758584027989561,0.05159623106010258,0.03556533774826676,0.024591415422037244,0.015352950140368193
1015,0.0,6.502212211489677,0.10422686318634078,-6.502212211489677,-0.10422686318634078,0.5943663334669133,0.6758589595663878,0.042303011287003756,0.02916004741564393,0.020168650371488184,0.01259515411220491
1016,0.0,6.5048109740018845,0.08546602912247181,-6.5048109740018845,-0.08546602912247181,0.5944010813887829,0.6758594161156887,0.03468455688562244,0.023908918956294656,0.016540799697395414,0.010331753583159298
1017,0.0,6.507220957428217,0.07008214379311539,-6.507220957428217,-0.07008214379311539,0.5944358421844956,0.6758597904861149,0.028438775916583836,0.019603775581344962,0.01356515713268891,0.008474435162497684
1018,0.0,6.509540742263198,0.057467359147267416,-6.509540742263198,-0.057467359147267416,0.5944706153722213,0.675860097469871,0.023318210151046515,0.016073820006567985,0.011124723096145317,0.0069506058935076
1019,0.0,6.511822110041976,0.04712323388957884,-6.511822110041976,-0.04712323388957884,0.5945054007467409,0.6758603491965477,0.019119992794003338,0.013179433881305158,0.00912328323465772,0.005700523979612626
1020,0.0,6.5140794031322,0.038641051651211455,-6.5140794031322,-0.038641051651211455,0.5945401981794499,0.6758605556124219,0.015677795454394072,0.010806413774844259,0.007481782813556492,0.004675059608416632
1021,0.0,6.516333157196641,0.03168566217937041,-6.516333157196641,-0.03168566217937041,0.5945750076514434,0.6758607248734377,0.012855418026447296,0.008860789967002347,0.00613553129369393,0.0038339228922268376
1022,0.0,6.518579414114356,0.02598224236862734,-6.518579414114356,-0.02598224236862734,0.5946098291226727,0.6758608636674674,0.010541214578552172,0.007265544991241768,0.005031456021242775,0.003144026777590625
1023,1.614323348436225,6.58936589024961,0.02130543962266529,-4.9750425418133855,1.5930179088135596,0.5946364052046268,0.6758523539564161,0.008650972449686378,0.005964350930298679,0.004120563608012162,0.002569552634668071
1024,21.695088387816977,7.537215389311314,1.7380383796989918,14.157872998505663,19.957050008117985,0.5945607755411733,0.6757457457832958,0.7135504391044378,0.48949564807116985,0.3327731741592288,0.2022191183641553
1025,55.58080647151999,9.990750066936016,9.248259663581848,45.590056404583976,46.332546807938144,0.5943172389150804,0.6754982428623133,3.849911689758301,2.6285432279109955,1.7573157325387,1.0124890133738518
1026,70.49780645362321,12.92606322094798,18.098828569054604,57.57174323267523,52.39897788456861,0.594009697551658,0.6752183337924171,7.687973976135254,5.178070068359375,3.3809565007686615,1.8518280237913132
1027,82.1867606930661,16.47001262754202,27.468367852270603,65.71674806552409,54.7183928407955,0.5936586465470345,0.6749260346853616,11.77813932299614,7.843423634767532,5.121658369898796,2.7251465246081352
1028,94.2627967145989,20.5433901399374,37.333495542407036,73.7194065746615,56.92930117219187,0.5932648462982382,0.6746219251705529,16.053608059883118,10.58787852525711,6.999737024307251,3.6922719329595566
1029,90.04227418593345,24.381448701024055,44.67196352779865,65.6608254849094,45.3703106581348,0.5929140940253487,0.6743795623999431,19.38505917787552,12.695421278476715,8.262769132852554,4.328713938593864
1030,103.47777323975525,29.22348752617836,53.11487838625908,74.25428571357689,50.36289485349617,0.5925174365161949,0.6741105298419651,23.075853288173676,15.078087151050568,9.815499186515808,5.145438760519028
1031,104.85292807472601,33.810019120574,60.29334142804146,71.04290895415201,44.55958664668455,0.5921379337974227,0.6738724978620149,26.19677484035492,17.11452454328537,11.137742549180984,5.844299495220184
1032,98.8666534102252,37.397486343979836,65.1090107858181,61.46916706624536,33.7576426244071,0.5918095728622398,0.6736921685744913,28.308281302452087,18.468578159809113,12.030036747455597,6.302114576101303
1033,97.11285738026208,40.53565934300423,68.74736994504929,56.57719803725786,28.3654874352128,0.5915073442402459,0.6735406435347733,29.8654705286026,19.48508322238922,12.726449966430664,6.6703662276268005
1034,80.09383855870985,42.375751584768295,68.67176368832588,37.71808697394155,11.422074870383966,0.5913058587329064,0.6734796281775597,29.911428689956665,19.46248561143875,12.679754197597504,6.618095189332962
1035,66.43483571261596,43.27074624598026,66.15290269255638,23.1640894666357,0.2819330200595829,0.5911821189387471,0.673478122125102,28.897345066070557,18.759620189666748,12.168984860181808,6.326952576637268
1036,82.31267862587752,45.143068581819534,66.94549173116684,37.16961004405799,15.367186894710684,0.5909835633295374,0.6733960324515192,29.177433252334595,18.98230016231537,12.343570590019226,6.44218772649765
1037,86.75482834894316,47.229358181357384,68.39736327528954,39.52547016758578,18.35746507365363,0.5907724229974456,0.6732979690697155,29.76689040660858,19.38895732164383,12.635771930217743,6.605743616819382
1038,45.25797361806612,46.72174118459225,62.12129183113575,-1.4637675665261298,-16.863318213069633,0.5907802422686343,0.6733880508977768,27.15386152267456,17.64732301235199,11.405878514051437,5.914228782057762
1039,48.935117231505636,46.439798921346664,57.63420686125755,2.4953183101589715,-8.699089629751917,0.5907669125768066,0.6734345203936621,25.258317589759827,16.393472254276276,10.53561419248581,5.4468028247356415
1040,81.07201637151098,48.14445562660694,59.738098457455635,32.92756074490404,21.33391791405535,0.5905910174873573,0.6733205571569417,26.096028089523315,16.973106563091278,10.960601270198822,5.7083625346422195
1041,52.707733164069744,48.09840954840183,56.36100172996521,4.609323615667911,-3.6532685658954662,0.5905663950321454,0.6733400724804774,24.717167019844055,16.03473275899887,10.291839390993118,5.317262560129166
1042,52.707733164069744,48.04912246763706,53.59121784567833,4.658610696432682,-0.8834846816085857,0.5905415092912456,0.6733447919499305,23.520103096961975,15.256930887699127,9.770818054676056,5.043365806341171
1043,38.66522966020026,47.127027809619904,48.79221096634865,-8.461798149419643,-10.126981306148387,0.590586711204437,0.6733988890722924,21.42658233642578,13.914269208908081,8.873908966779709,4.577450454235077
1044,6.352022029853136,44.23270598053932,40.00961184501648,-37.88068395068618,-33.65758981516334,0.5907890652853701,0.6735786838896811,17.562691867351532,11.480994522571564,7.232615351676941,3.733310103416443
1045,-4.6640836204579506,40.65413475036621,32.80788213014603,-45.31821837082416,-37.47196575060398,0.5910311497852143,0.6737788546468959,14.397609233856201,9.396610409021378,5.946647375822067,3.0670151114463806
1046,-19.967496223240904,36.20784506201744,26.902463287115097,-56.17534128525834,-46.869959510356,0.5913312317365245,0.674029228362229,11.78026795387268,7.684044539928436,4.893478378653526,2.544672414660454
1047,-82.41816553162758,28.816981613636017,22.060020081698895,-111.2351471452636,-104.47818561332647,0.5919254365823859,0.6745873383281121,9.630172699689865,6.19974248111248,4.038180038332939,2.19192486256361
1048,-120.0,19.4781307131052,18.089216388761997,-139.4781307131052,-138.089216388762,0.5926705120669645,0.675324994398565,7.757406681776047,5.030810460448265,3.380812704563141,1.9201865419745445
1049,-120.0,10.939503740519285,14.833157695829868,-130.93950374051929,-134.83315769582987,0.5933699752279715,0.6760452569930939,6.287585198879242,4.12190780043602,2.8063317760825157,1.6173329204320908
1050,-96.79096608931022,6.336543848738074,12.163188960403204,-103.12750993804829,-108.95415504971342,0.5939208700460167,0.6766272770521202,5.126868560910225,3.38805615901947,2.310650423169136,1.3376138173043728
1051,-40.47408915863279,5.318150809034705,9.973814897239208,-45.7922399676675,-50.447904055872,0.5941654867125107,0.6768967637190854,4.208733141422272,2.8042765334248543,1.8809366971254349,1.0798685252666473
1052,-4.224255510374694,5.843100324273109,8.17852821201086,-10.067355834647802,-12.402783722385553,0.5942192653227385,0.6769630179056365,3.4906096756458282,2.3149287328124046,1.5186060220003128,0.8543837815523148
1053,6.054818080891526,6.483114138245583,6.706393230706453,-0.4282960573540562,-0.6515751498149269,0.5942215532290278,0.6769664985421205,2.8513532131910324,1.8999220803380013,1.248189527541399,0.7069284096360207
1054,38.79933249332437,8.368793781846762,10.266487766057253,30.43053871147761,28.53284472726712,0.5940589969324921,0.676814079499774,4.35369610786438,2.9229607433080673,1.917450875043869,1.0723800398409367
1055,70.64765771841832,11.615414172410965,18.922852724790573,59.03224354600735,51.72480499362774,0.5937436537511566,0.676537771780791,8.06356593966484,5.41774183511734,3.52543443441391,1.9161105155944824
1056,74.23706952222805,14.71584141254425,26.675124652683735,59.521228109683804,47.56194486954432,0.5934256984727929,0.6762837015624708,11.462410539388657,7.620655745267868,4.967474192380905,2.624584175646305
1057,93.80326691522909,18.877391144633293,36.56122013926506,74.9258757705958,57.24204677596403,0.5930254534099157,0.6759779213980692,15.714433789253235,10.368848592042923,6.859446316957474,3.618491441011429
1058,108.57678204374521,23.917913623154163,47.335854545235634,84.65886842059105,61.24092749850958,0.5925732158649339,0.6756507796913465,20.468243956565857,13.437595963478088,8.797980844974518,4.632033780217171
1059,129.85728177095515,30.754574574530125,60.01097001135349,99.10270719642503,69.84631175960166,0.5920438210615342,0.675277669051605,25.951069593429565,17.010700702667236,11.160683631896973,5.888516083359718
1060,147.83457049009277,38.52619379758835,73.65121990442276,109.30837669250442,74.18335058567001,0.5914599087928777,0.6748813904694166,31.69744610786438,20.846201479434967,13.784269988536835,7.323302328586578
1061,164.52715695999564,46.55564688146114,87.85230666399002,117.9715100785345,76.67485029600562,0.5908297191022872,0.6744718025939038,37.516915798187256,24.834851920604706,16.607891023159027,8.892647922039032
1062,161.7467027329412,53.38912382721901,99.008509516716,108.35757890572219,62.7381932162252,0.590250885881637,0.674136662672877,41.95631742477417,27.99481749534607,18.880097568035126,10.177277028560638
1063,146.44837206528166,58.50626789033413,105.4125502705574,87.94210417494753,41.03582179472426,0.5897811096841212,0.6739174542231189,44.419363141059875,29.787227511405945,20.24950534105301,10.956454277038574
1064,136.16451723655265,62.47215382754803,108.81907939910889,73.69236340900463,27.345437837443768,0.58938745389668,0.673771378166295,45.714426040649414,30.735787749290466,20.986317098140717,11.38254851102829
1065,115.9455925892474,65.00206515192986,107.97723531723022,50.94352743731754,7.9683572720171725,0.5891153196689166,0.6737288121552265,45.35205662250519,30.485278367996216,20.845530927181244,11.294369399547577
1066,107.11522129265138,66.89923256635666,105.69868460297585,40.215988726294725,1.4165366896755387,0.5889004906693104,0.6737212451857304,44.46031153202057,29.837757349014282,20.382368564605713,11.018247157335281
1067,60.47496830914171,66.94129481911659,95.43524384498596,-6.466326509974884,-34.960275535844254,0.5889350330117782,0.673907998794362,40.46549201011658,26.92883014678955,18.272972106933594,9.76794958114624
1068,25.43691754615747,65.4955942183733,80.70699498057365,-40.058676672215825,-55.27007743441618,0.5891490216692152,0.6742032449345031,34.578895568847656,22.821441292762756,15.250153839588165,8.056504279375076
1069,26.04837737751516,64.06663544476032,68.73139068484306,-38.01825806724516,-42.683013307327904,0.5893521106546172,0.6744312524842218,29.807299375534058,19.50344443321228,12.76225745677948,6.6583894193172455
1070,-12.653915479010287,60.4848638176918,56.35974034667015,-73.1387792967021,-69.01365582568044,0.5897428092619714,0.6747999151755982,24.640557169914246,16.08467996120453,10.31431183218956,5.320191383361816
1071,-51.57931166347824,54.76229526102543,46.214987710118294,-106.34160692450367,-97.79429937359653,0.5903108734015254,0.67532232062097,20.256128907203674,13.267703354358673,8.370473980903625,4.320681467652321
1072,-105.43710386432892,46.607910096645355,37.89628967642784,-152.04501396097427,-143.33339354075676,0.5911230796726845,0.6760879904582603,16.622376441955566,10.839934647083282,6.807340681552887,3.6266379058361053
1073,-92.41742184545518,38.48915882408619,31.074957363307476,-130.90658066954137,-123.49237920876266,0.5918223669625859,0.6767476719711276,13.65450769662857,8.864251524209976,5.573169142007828,2.9830290004611015
1074,-85.84677452380822,30.77959194779396,25.481464713811874,-116.62636647160218,-111.3282392376201,0.5924453710569856,0.6773423741038073,11.173835396766663,7.215580344200134,4.605400934815407,2.4866480380296707
1075,-85.26711202946629,23.13702143728733,20.894801057875156,-108.40413346675362,-106.16191308734145,0.5930244529665302,0.677909478340385,9.089414775371552,5.861598625779152,3.8409195840358734,2.1028680726885796
1076,-50.86243396881975,16.854027472436428,17.133737355470657,-67.71646144125617,-67.9961713242904,0.5933861862007249,0.6782727057513053,7.4041858315467834,4.835827648639679,3.167639672756195,1.7260842025279999
1077,-27.60109554285466,12.026218418031931,14.04966413974762,-39.627313960886596,-41.650759682602285,0.5935978705701741,0.6784951991256781,6.062179058790207,3.983418643474579,2.5926118716597557,1.4114545658230782
1078,-33.222945406250965,8.31669420003891,11.52072474360466,-41.539639606289875,-44.743670149855625,0.5938197703543957,0.6787342144576752,4.907301813364029,3.2523520290851593,2.152463048696518,1.2086078524589539
1079,-38.014831188042315,6.214580032974482,9.44699440151453,-44.2294112210168,-47.461825589556845,0.5940560385767302,0.6789877498507818,3.9841383695602417,2.656477317214012,1.7813550308346748,1.0250236839056015
1080,-21.64510460648205,5.760082695633173,7.74653535336256,-27.405187302115223,-29.39163995984461,0.5942024338080449,0.6791447564744989,3.276190906763077,2.1809283643960953,1.4531159773468971,0.8363001048564911
1081,-2.9695219476374954,6.11157538369298,6.352159008383751,-9.081097331330476,-9.321680956021247,0.5942509439433619,0.6791945517787511,2.6871036738157272,1.794257014989853,1.1892914772033691,0.6815068423748016
1082,3.464375990184531,6.532100914046168,5.208770418539643,-3.0677249238616375,-1.7443944283551125,0.594267331362827,0.6792038701250565,2.1947257220745087,1.471659541130066,0.9779376909136772,0.5644474644213915
1083,5.507662698216975,6.826562341302633,4.271191684529185,-1.3188996430856585,1.2364710136877894,0.5942743767669033,0.6791972650448551,1.7911635339260101,1.2058653868734837,0.8050359785556793,0.4691267851740122
1084,19.269600112540488,7.616115175187588,4.69002416357398,11.6534849373529,14.579575948966507,0.594212125244802,0.6791193826947004,1.96908637881279,1.3271128758788109,0.8825658820569515,0.511259026825428
1085,66.16495371829191,10.766783822327852,13.476872816681862,55.39816989596406,52.68808090161005,0.5939161948500586,0.6788379292710807,5.653631314635277,3.844473510980606,2.5486089289188385,1.4301590621471405
1086,110.21893006700638,16.46091854199767,28.619910590350628,93.75801152500871,81.59901947665576,0.5934153507713994,0.6784020370730216,12.137018144130707,8.159228414297104,5.407797917723656,2.9158661141991615
1087,104.42300538065824,21.220705844461918,40.00648707151413,83.20229953619632,64.41651830914411,0.5929708940431078,0.6780579317401736,17.185278236865997,11.345826834440231,7.508037239313126,3.9673447608947754
1088,107.20227771532002,26.349300146102905,49.85366202890873,80.85297756921712,57.34861568641129,0.5925389871116483,0.6777515822974043,21.60874903202057,14.160636067390442,9.231777489185333,4.852499440312386
1089,115.67746909757199,32.1192329749465,59.46270264685154,83.55823612262549,56.21476645072045,0.5920926290127027,0.6774512897415778,25.796213746070862,16.875292360782623,11.005771160125732,5.785425379872322
1090,107.06623912369278,36.503249034285545,65.80074056982994,70.56299008940724,41.26549855386284,0.5917156899630798,0.677230854386055,28.570109605789185,18.663832545280457,12.176302075386047,6.390496343374252
1091,57.07409804387203,37.0757844299078,62.00569570064545,19.99831361396423,-4.93159765677342,0.5916088613647146,0.6772571983906318,27.11886465549469,17.620167136192322,11.3751120865345,5.891551822423935
1092,-10.743829954529811,33.30915719270706,50.844673067331314,-44.05298714723688,-61.58850302186113,0.5918441871507575,0.6775861968042102,22.306182980537415,14.535252749919891,9.242245554924011,4.760991781949997
1093,-56.75458505854422,27.26090718060732,41.69262982904911,-84.01549223915154,-98.44721488759333,0.5922929878571632,0.678112090046131,18.28567236661911,11.966220289468765,7.538004219532013,3.902732953429222
1094,-82.05014985804128,19.5247795432806,34.187956526875496,-101.57492940132188,-116.23810638491678,0.59283558897576,0.6787330201016061,15.015186369419098,9.770264476537704,6.152893602848053,3.2496120780706406
1095,-63.28635373535524,12.597310077399015,28.034125082194805,-75.88366381275426,-91.32047881755005,0.5932409504277513,0.6792208431722127,12.311369925737381,8.005021512508392,5.049167200922966,2.668566443026066
1096,-24.98524468626426,9.000081662088633,22.987982630729675,-33.98532634835289,-47.973227316993935,0.5934224959744839,0.6794771104121539,10.081382840871811,6.5561555325984955,4.170947894454002,2.1794963628053665
1097,18.16859194859825,8.85600596666336,19.831551983952522,9.312585981934891,-1.6629600353542706,0.593372749254495,0.6794859937456761,8.65560919046402,5.677375569939613,3.626226633787155,1.872340589761734
1098,61.29693242732632,11.388862133026123,25.00612400472164,49.908070294300195,36.29080842260468,0.5931061463148887,0.6792921325895724,10.78137382864952,7.149726897478104,4.6455226838588715,2.4295005947351456
1099,63.82052300062782,13.721611723303795,29.70910221338272,50.09891127732403,34.1114207872451,0.5928385239255868,0.6791099134614355,12.84308135509491,8.440118283033371,5.539828911423683,2.886073663830757
1100,43.18247564963891,14.282734133303165,29.855942726135254,28.899741516335745,13.326532923503656,0.5926841449644953,0.679038724717186,12.997610867023468,8.505890518426895,5.506044998764992,2.846396341919899
1101,-6.878755551167583,11.13234767690301,24.481873959302902,-18.011103228070592,-31.360629510470485,0.5927803581227649,0.679206249447477,10.688522458076477,6.994903087615967,4.472710192203522,2.3257382214069366
1102,-27.001339750689617,8.032236155122519,20.075136609375477,-35.033575905812135,-47.076476360065094,0.5929675032932019,0.6794577263511098,8.81318524479866,5.742999911308289,3.6236967891454697,1.8952546641230583
1103,-11.992306091242696,6.874934863299131,16.461611445993185,-18.867240954541828,-28.45391753723588,0.5930682898367625,0.6796097237738514,7.211544364690781,4.702673852443695,2.9876451939344406,1.5597480349242687
1104,5.350143724390533,7.0079057943075895,13.498521782457829,-1.657762069917056,-8.148378058067294,0.5930771454033753,0.679653251434418,5.891488865017891,3.8584422320127487,2.4543605744838715,1.2942301109433174
1105,34.92716844119055,8.53299479931593,15.061665419489145,26.394173641874623,19.865503021701407,0.5929361508860576,0.6795471322943448,6.531251966953278,4.314041510224342,2.7554310858249664,1.460940856486559
1106,86.82202324333578,12.934714742004871,25.687572546303272,73.8873085013309,61.134450697032506,0.5925414537252599,0.6792205593739546,10.955632477998734,7.340467721223831,4.820199683308601,2.571272663772106
1107,119.1104031401152,18.953669257462025,40.222129970788956,100.15673388265317,78.88827316932624,0.5920064284374252,0.6787991476583065,17.21239984035492,11.388003826141357,7.588275521993637,4.033450782299042
1108,132.8374726269588,25.740420259535313,54.62347753345966,107.09705236742349,78.21399509349914,0.5914343287987104,0.6783813378554566,23.576922714710236,15.485602617263794,10.18364429473877,5.377307906746864
1109,161.13004361700163,35.16439199447632,71.5372771024704,125.96565162252531,89.59276651453123,0.5907614353605559,0.6779027440172379,30.75288236141205,20.235387980937958,13.417790830135345,7.131215929985046
1110,173.73493791832328,44.37765218317509,87.6892551779747,129.3572857351482,86.04568274034858,0.5900704242188083,0.6774430982761036,37.428030371665955,24.786870181560516,16.585910320281982,8.888444304466248
1111,161.0648376803841,51.50546282529831,98.66650253534317,109.55937485508579,62.39833514504093,0.5894851711480013,0.6771097738362263,41.8303519487381,27.8967022895813,18.807680904865265,10.131767392158508
1112,180.42916162926133,58.71309153735638,111.16301715373993,121.71607009190495,69.2661444755214,0.5888349784658864,0.6767397623806947,46.65756821632385,31.431972980499268,21.419234573841095,11.654241383075714
1113,146.5814009242002,63.2563691586256,115.32822325825691,83.32503176557461,31.253177665943298,0.5883898661167113,0.6765728116452997,48.228028416633606,32.577985525131226,22.342170774936676,12.180038541555405
1114,119.54556546417139,65.92368260025978,113.8820469379425,53.62188286391161,5.663518526228884,0.588103424434746,0.6765425578070186,47.61891961097717,32.152608036994934,22.083139419555664,12.027379870414734
1115,159.45141723756845,69.86548155546188,119.880111515522,89.58593568210657,39.571305722046446,0.5876248670860168,0.6763311726268794,49.99087452888489,33.877456188201904,23.27883690595627,12.732943892478943
1116,184.02410849578246,73.67232963442802,129.22769039869308,110.35177886135443,54.79641809708937,0.5870353810878258,0.676038456718241,53.6072313785553,36.542171239852905,25.202831625938416,13.875456154346466
1117,160.12118413450068,76.09492093324661,132.59861320257187,84.02626320125407,27.52257093192881,0.5865865228442294,0.6758914344376218,54.823434352874756,37.47459650039673,25.95885694026947,14.341725409030914
1118,186.30177283580025,78.49391624331474,140.07950872182846,107.8078565924855,46.22226411397179,0.5860106261743978,0.6756445206335941,57.730984687805176,39.60873484611511,27.48773694038391,15.252052247524261
1119,213.37044092448616,80.44716417789459,151.09331458806992,132.92327674659157,62.277126336416245,0.5853005659353668,0.6753118436766689,61.98718547821045,42.73416996002197,29.75381314754486,16.618146002292633
1120,185.7213384020397,81.67563304305077,155.1573783159256,104.04570535898893,30.563960086114093,0.5847447662272526,0.6751485746591148,63.41577172279358,43.853580951690674,30.66287338733673,17.225152254104614
1121,148.4557207138088,82.09287002682686,151.78679674863815,66.36285068698194,-3.3310760348293513,0.5843902638197367,0.6751663688687026,61.89212203025818,42.893630266189575,30.067667365074158,16.93337708711624
1122,129.3424959428869,82.18344822525978,145.5820381641388,47.15904771762712,-16.239542221251895,0.5841383458297921,0.6752531185600554,59.47648882865906,41.12328886985779,28.80624532699585,16.1760151386261
1123,138.55691307166776,82.37429410219193,142.15022325515747,56.18261896947584,-3.593310183489706,0.5838382250019637,0.6752723135930869,58.305150270462036,40.14587104320526,28.034484386444092,15.664717555046082
1124,95.52352240153508,81.57732114195824,131.58957362174988,13.946201259576839,-36.0660512202148,0.5837637260636113,0.6754649741231095,54.11304831504822,37.12778985500336,25.92020034790039,14.428535103797913
1125,25.497917936895064,79.27277609705925,110.31968519091606,-53.774858160164186,-84.821767254021,0.5840509849213045,0.6759180818541672,45.73500454425812,31.100904941558838,21.61964178085327,11.864133924245834
1126,1.6025372542107006,76.26593112945557,90.46214297413826,-74.66339387524486,-88.85960571992756,0.5844498278373047,0.6763927592351497,38.199713826179504,25.570818781852722,17.395471036434174,9.29613932967186
1127,-10.816648708436102,72.81152158975601,74.17895644903183,-83.62817029819212,-84.99560515746793,0.5848965595162481,0.6768467955874866,31.877046823501587,21.05112224817276,13.947321474552155,7.303465902805328
1128,-8.334456409352748,69.54769417643547,60.82674227654934,-77.88215058578822,-69.1611986859021,0.5853125966454457,0.6772162464351678,26.477190852165222,17.345908284187317,11.20777428150177,5.79586885869503
1129,5.238943962371219,67.01430305838585,49.87792856991291,-61.77535909601463,-44.638984607541694,0.5856425932218132,0.6774547025495243,21.871282160282135,14.247310161590576,9.0811088681221,4.6782273799180984
1130,43.40399103274131,66.46509766578674,46.48192413151264,-23.061106633045434,-3.0779330987713323,0.5857657828939983,0.6774711444998383,20.39148509502411,13.284681737422943,8.446326106786728,4.359431192278862
1131,66.64457770999842,67.02465042471886,47.880033031105995,-0.38007271472044124,18.76454467889242,0.5857678131969615,0.6773709065474938,20.94232141971588,13.65848183631897,8.743254840373993,4.535974934697151
1132,44.31525634722493,66.51090830564499,45.01009099185467,-22.195651958420058,-0.6948346446297364,0.5858863797138334,0.6773746182710227,19.738706946372986,12.877920269966125,8.17314013838768,4.220323637127876
1133,61.062247369305155,66.80193543434143,45.671091228723526,-5.739688065036276,15.391156140581629,0.5859170404406765,0.6772924005565966,19.982290267944336,13.042458891868591,8.330206573009491,4.316135495901108
1134,84.36410159877992,67.93995425105095,50.40981248021126,16.424147347728976,33.95428911856867,0.5858293046108275,0.6771110208070316,21.97924256324768,14.351439476013184,9.25409272313118,4.825037717819214
1135,68.64654863176999,68.47676783800125,51.47162601351738,0.16978079376873723,17.17492261825261,0.5858283976621428,0.6770192744255238,22.524957358837128,14.672891795635223,9.400378167629242,4.873398691415787
1136,45.944183714010286,67.99531131982803,48.25853183865547,-22.051127605817747,-2.3143481246451856,0.5859461921472165,0.6770316373962751,21.17069512605667,13.779835402965546,8.778311312198639,4.529689997434616
1137,45.944183714010286,67.52602085471153,45.62343768775463,-21.581837140701246,0.3207460262556552,0.5860614797387801,0.6770299240093828,20.007698237895966,13.048669695854187,8.287599682807922,4.279470071196556
1138,45.944183714010286,67.06629991531372,43.462710082530975,-21.122116201303434,2.481473631479311,0.5861743115560948,0.6770166682741718,19.052425026893616,12.442866712808609,7.892480492591858,4.074937850236893
1139,45.944183714010286,66.61450564861298,41.69129505753517,-20.67032193460269,4.252888656475115,0.5862847299424976,0.6769939498518616,18.27217787504196,11.934313178062439,7.577461749315262,3.907342255115509
1140,45.944183714010286,66.16920381784439,40.2393888682127,-20.225020103834105,5.704794845797586,0.5863927695798044,0.6769634755204204,17.630396783351898,11.515399068593979,7.322315871715546,3.771277144551277
1141,23.241818796250584,64.55105394124985,34.96327996253967,-41.30923514499926,-11.721461166289089,0.5866134385709635,0.6770260901634026,15.312311053276062,10.020069777965546,6.357970833778381,3.272928297519684
1142,67.49720371974014,65.19876793026924,38.6010330170393,2.2984357894709007,28.896170702700843,0.5866011606020026,0.6768717302771703,16.76441580057144,11.002516001462936,7.128573954105377,3.7055272608995438
1143,115.64138040820092,67.54879653453827,50.25439038872719,48.09258387366265,65.38699001947373,0.5863442557736177,0.6765224408005706,21.738429367542267,14.269807934761047,9.327010810375214,4.91914227604866
1144,47.85993807255722,67.15099662542343,47.619542106986046,-19.29105855286621,0.24039596557117449,0.5864473063000754,0.6765211566340879,20.886021852493286,13.605858385562897,8.660198003053665,4.467463865876198
1145,1.0637170908681826,64.32528123259544,39.048025012016296,-63.26156414172726,-37.984307921148115,0.5867852420059606,0.6767240642618718,17.113956809043884,11.22458204627037,7.06518366932869,3.644302487373352
1146,-8.161223305865748,60.89028753340244,32.01938048005104,-69.05151083926819,-40.18060378591679,0.58715410691429,0.6769387042393606,14.027014374732971,9.175343066453934,5.816804990172386,3.0002180486917496
1147,-30.565764962344435,56.091390177607536,26.2558925896883,-86.65715513995197,-56.82165755203273,0.5876170190678154,0.6772422387348309,11.496803909540176,7.496402412652969,4.773066937923431,2.489619329571724
1148,-113.60213079402384,47.686052322387695,21.529831551015377,-161.28818311641152,-135.1319623450392,0.5884786012425826,0.6779640975080415,9.335634112358093,6.027297675609589,3.958737850189209,2.208161912858486
1149,-120.0,38.62449154257774,17.654461599886417,-158.62449154257774,-137.65446159988642,0.5893259542956946,0.6786994311704341,7.563947141170502,4.908784478902817,3.3000003546476364,1.8817296251654625
1150,-120.0,29.685651510953903,14.476658776402473,-149.6856515109539,-134.47665877640247,0.5901255571349625,0.6794177893903935,6.133728101849556,4.023271426558495,2.7373213320970535,1.5823379158973694
1151,-120.0,20.296610333025455,11.870860122144222,-140.29661033302546,-131.87086012214422,0.590875004839733,0.6801222277457469,4.984409362077713,3.294236958026886,2.262486144900322,1.3297276571393013
1152,-120.0,11.612317711114883,9.734105505049229,-131.61231771111488,-129.73410550504923,0.5915780620924633,0.6808152518136158,4.047565162181854,2.7000630274415016,1.8692005425691605,1.1172767728567123
1153,-101.70257120571299,6.630917172878981,7.981966156512499,-108.33348837859197,-109.68453736222548,0.5921567666244002,0.6814011734875594,3.3083464950323105,2.2150808945298195,1.5362121164798737,0.9223266504704952
1154,-55.021358620607565,5.255369655787945,6.545212399214506,-60.27672827639551,-61.56657101982207,0.5924787576942527,0.6817300547430071,2.7282655239105225,1.8205761909484863,1.2494505383074284,0.746920146048069
1155,-40.80825877511754,5.010830704122782,5.367074254900217,-45.81908947924032,-46.175333030017754,0.5927235177876248,0.6819767178467999,2.2317860275506973,1.4941887930035591,1.023857295513153,0.6172421388328075
1156,-37.30430065535094,4.987909039482474,4.40100091509521,-42.29220969483342,-41.70530157044615,0.5929494377112083,0.6821995025774112,1.8197815865278244,1.2250407598912716,0.8429680019617081,0.513210566714406
1157,-26.629585464933907,5.2051907405257225,3.608820680528879,-31.83477620545963,-30.238406145462786,0.5931194952764084,0.6823610325247695,1.4867141842842102,1.0079135186970234,0.6919199600815773,0.42227301746606827
1158,-6.352693916763895,5.816286196932197,2.9592329170554876,-12.168980113696092,-9.311926833819383,0.5931845005120585,0.6824107757236682,1.2252594344317913,0.8310830220580101,0.564710097387433,0.3381803631782532
1159,-0.4143673349592689,6.300807651132345,2.4265710497274995,-6.715174986091614,-2.840938384686768,0.593220372173309,0.6824259516765778,1.0037656873464584,0.682196207344532,0.46332478523254395,0.2772843698039651
1160,0.0,6.543767778202891,1.9897882360965014,-6.543767778202891,-1.9897882360965014,0.5932553281977653,0.6824365808872407,0.8207806386053562,0.5590992979705334,0.3807785687968135,0.22912973072379827
1161,0.0,6.6611820831894875,1.6316263703629375,-6.6611820831894875,-1.6316263703629375,0.5932909114353891,0.6824452968400738,0.6713539827615023,0.45820800587534904,0.31286305747926235,0.1892013242468238
1162,0.0,6.719259545207024,1.3379336218349636,-6.719259545207024,-1.3379336218349636,0.5933268049158656,0.682452443921387,0.5493613425642252,0.3755585988983512,0.2569725504145026,0.15604112995788455
1163,0.0,6.748733157292008,1.0971055598929524,-6.748733157292008,-1.0971055598929524,0.5933628558408511,0.6824583045280104,0.4496960900723934,0.307841831818223,0.21100547164678574,0.1285621663555503
1164,0.0,6.764290016144514,0.899626559112221,-6.764290016144514,-0.899626559112221,0.5933989898687152,0.6824631102254415,0.3682224778458476,0.25235163047909737,0.17321945633739233,0.1058329944498837
1165,2.4137023948362253,6.878355517983437,0.7376937777735293,-4.464653123147212,1.676008617062696,0.593422839511467,0.6824541571879572,0.301941460929811,0.207033334299922,0.14203162863850594,0.08668735390529037
1166,51.10976980788437,9.415172971785069,7.429987285286188,41.6945968360993,43.67978252259818,0.5932001119642656,0.6822208250163622,3.093349002301693,2.1107152104377747,1.4107069931924343,0.8152160793542862
1167,98.68924082332985,14.609063602983952,21.488694101572037,84.0801772203459,77.20054672175782,0.5927509657184304,0.6818084289334468,9.050454199314117,6.14161416888237,4.068469256162643,2.228156477212906
1168,85.08470900779041,18.27771943062544,30.579894594848156,66.80698957716497,54.50481441294225,0.592394090774108,0.6815172707367965,13.111527264118195,8.697936683893204,5.74435256421566,3.0260780826210976
1169,79.12788676942552,21.350934356451035,36.97083555161953,57.77695241297448,42.157051217805986,0.5920854532077994,0.6812920728136245,15.957817435264587,10.51756963133812,6.890705227851868,3.604743257164955
1170,24.983520426515234,20.789371617138386,32.47190751135349,4.194148809376848,-7.4883870848382585,0.5920630485667236,0.6813320748813854,14.199352264404297,9.299010038375854,5.92314712703228,3.0503980815410614
1171,-10.99313965949512,17.18830708414316,26.626964658498764,-28.181446743638283,-37.620104317993885,0.5922135904830892,0.6815330369771011,11.617644131183624,7.609502971172333,4.873066022992134,2.526751533150673
1172,-11.401213903444734,13.43974368646741,21.834111213684082,-24.840957589912144,-33.235325117128816,0.5923462879061122,0.6817105761070003,9.546545147895813,6.2287986278533936,3.985300287604332,2.0734671503305435
1173,-0.2059759332034343,10.96912119537592,17.903971299529076,-11.175097128579354,-18.10994723273251,0.592405983937782,0.6818073172781153,7.8255124390125275,5.135130882263184,3.2557502388954163,1.6875777393579483
1174,29.041561305138206,10.959158651530743,17.552686296403408,18.082402653607463,11.488875008734798,0.5923093899065127,0.6817459450825558,7.661041617393494,5.042038112878799,3.20114828646183,1.6484582796692848
1175,23.06148205094866,10.57047201320529,16.189986187964678,12.491010037743369,6.871495862983981,0.5922426644255419,0.6817092383738861,7.073359936475754,4.650679975748062,2.9450781643390656,1.5208681114017963
1176,-0.13879112144599406,8.929617702960968,13.275788445025682,-9.068408824406962,-13.414579566471676,0.5922911067803731,0.6817808974527668,5.7830121368169785,3.788168355822563,2.422921359539032,1.2816865928471088
1177,35.615020677052264,9.888414479792118,14.941561594605446,25.726606197260146,20.67345908244682,0.5921536783284647,0.6816704623080956,6.473861634731293,4.2802464216947556,2.738909050822258,1.4485444873571396
1178,40.70726403894674,10.897549986839294,17.22727809101343,29.809714052107445,23.479985947933308,0.5919944384029726,0.6815450350327327,7.4684396386146545,4.9441661685705185,3.161400556564331,1.6532717272639275
1179,-0.05790590707019987,9.150127694010735,14.126367773860693,-9.208033601080935,-14.184273680930893,0.5920436266166536,0.6816208057254727,6.166879087686539,4.035452380776405,2.5728629902005196,1.3511733151972294
1180,-7.305675876017368,7.718572951853275,11.583621706813574,-15.024248827870643,-18.88929758283094,0.5921238843561186,0.6817217100929023,5.012813955545425,3.2913796603679657,2.1284544840455055,1.1509736068546772
1181,-21.321536471999586,6.5051003359258175,9.498569648712873,-27.826636807925404,-30.82010612071246,0.5922725309202636,0.6818863474119232,4.048803448677063,2.6816004887223244,1.7716959118843079,0.9964697994291782
1182,-36.50455769905439,5.5744219571352005,7.788827363401651,-42.07897965618959,-44.29338506245604,0.5924973117944954,0.6821229573748637,3.2720334827899933,2.184850536286831,1.4732137322425842,0.858729612082243
1183,-35.90492702081634,5.236726859584451,6.386838341131806,-41.14165388040079,-42.291765361948144,0.5927170855865915,0.6823488749248742,2.6715468615293503,1.7858946695923805,1.211370900273323,0.7180259097367525
1184,-29.640099725942356,5.239017307758331,5.23720751516521,-34.87911703370069,-34.877307241107566,0.592903405656216,0.6825351853268031,2.1796075627207756,1.4649545773863792,0.9964314289391041,0.5962139461189508
1185,-14.236080008036458,5.642548156902194,4.294510185718536,-19.878628164938654,-18.530590193754996,0.5930095949092339,0.6826341735222826,1.7881959676742554,1.2054718099534512,0.8162328042089939,0.48460960388183594
1186,-1.6728119132357515,6.19786255992949,3.5214982461184263,-7.870674473165241,-5.194310159354178,0.5930516391104794,0.6826619209056125,1.4668213203549385,0.9912149980664253,0.6688209716230631,0.3946409560739994
1187,0.0,6.519361864775419,2.887628646567464,-6.519361864775419,-2.887628646567464,0.5930864647614664,0.6826773462723142,1.198760513216257,0.8124696090817451,0.5499107763171196,0.32648774795234203
1188,0.0,6.674025766551495,2.3678554221987724,-6.674025766551495,-2.3678554221987724,0.59312211660851,0.6826899950726465,0.9796048514544964,0.6657182238996029,0.4521867260336876,0.27034562081098557
1189,0.0,6.750317756086588,1.9416414899751544,-6.750317756086588,-1.9416414899751544,0.5931581759982327,0.6827003670891528,0.8009519428014755,0.5455505102872849,0.3716474398970604,0.22349159698933363
1190,0.0,6.788845639675856,1.5921460115350783,-6.788845639675856,-1.5921460115350783,0.5931944411992994,0.6827088721426332,0.6551922764629126,0.4471315070986748,0.30531855300068855,0.1845036749728024
1191,1.614323348436225,6.878650514408946,1.30555973155424,-5.2643271659727215,0.30876361688198495,0.5932225626051005,0.6827072227643379,0.5365871358662844,0.36669240798801184,0.2505736891180277,0.1517064985819161
1192,26.011735238376986,8.08449536561966,3.3707023598253727,17.927239872757326,22.641032878551613,0.5931267974348401,0.6825862770758842,1.3989468105137348,0.9527961723506451,0.6412194576114416,0.3777399193495512
1193,88.92542014202193,12.801999785006046,16.39206800609827,76.12342035701589,72.53335213592366,0.5927201552320782,0.6821988125879785,6.845155358314514,4.684735834598541,3.1170882284641266,1.7450885847210884
1194,129.68319903333278,19.620707631111145,34.41714458167553,110.06249140222164,95.26605445165725,0.5921322145728783,0.6816899127244548,14.602668583393097,9.783615916967392,6.520593911409378,3.5102661699056625
1195,166.0254895116918,28.957103937864304,55.75397685170174,137.0683855738275,110.27151265999007,0.5914000116584882,0.681100855498707,23.87237399816513,15.774908661842346,10.513221472501755,5.593472719192505
1196,177.186871042297,39.06158283352852,75.2761922776699,138.1252882087685,101.91067876462711,0.5906621628966893,0.6805564608471866,32.277897000312805,21.278542280197144,14.169634878635406,7.550118118524551
1197,147.52383714403214,45.560500398278236,85.96074134111404,101.9633367457539,61.5630958029181,0.5901174869525346,0.6802275981559317,36.81856095790863,24.309156835079193,16.20035171508789,8.63267183303833
1198,113.48840378797654,49.261049553751945,88.60516548156738,64.22735423422459,24.883238306409154,0.5897743921115398,0.6800946748743804,37.925711274147034,25.04115402698517,16.73956662416458,8.8987335562706
1199,93.08080392594908,51.56903229653835,87.10405752062798,41.51177162941073,5.976746405321109,0.5895526411947161,0.6800627478102493,37.34938204288483,24.610701203346252,16.435085237026215,8.708889037370682
1200,97.69370973905843,54.06914837658405,86.70438677072525,43.62456136247438,10.989322968333184,0.5893196040079507,0.6800040441619142,37.19016909599304,24.502256512641907,16.348271071910858,8.663690090179443
1201,117.35097477632159,57.57238306105137,89.91665467619896,59.778591715270224,27.434320100122633,0.5890002739240016,0.6798574933066784,38.43907117843628,25.408348441123962,17.011888325214386,9.057346731424332
1202,124.65345896839264,61.23907491564751,93.86938363313675,63.414384052745135,30.784075335255892,0.5886615218724377,0.679693048459802,39.980533719062805,26.519450545310974,17.835664749145508,9.533734619617462
1203,54.6528105882002,61.184508353471756,84.51523929834366,-6.531697765271559,-29.862428710143462,0.5886964134203291,0.6798525699806895,36.232513189315796,23.888421058654785,15.962143242359161,8.432161808013916
1204,6.352022029853136,58.413248136639595,69.30249780416489,-52.06122610678646,-62.95047577431175,0.5889745182606431,0.6801888438897403,29.921656847000122,19.676953554153442,12.951472401618958,6.7524150013923645
1205,-4.6640836204579506,54.88140024244785,56.82804845273495,-59.545483862905805,-61.4921320731929,0.589292603110338,0.6805173275012424,24.807561933994293,16.224659979343414,10.418177396059036,5.377649143338203
1206,-56.05466389392248,48.45164529979229,46.598998829722404,-104.50630919371477,-102.65366272364489,0.5898508633090224,0.6810656910841678,20.37394940853119,13.39261531829834,8.455552160739899,4.376881942152977
1207,-103.11275166531654,39.922307059168816,38.21117989718914,-143.03505872448534,-141.32393156250566,0.5906149394774224,0.6818206266160188,16.724520921707153,10.945390909910202,6.876915693283081,3.664352372288704
1208,-94.69872619791299,31.85198437422514,31.333166733384132,-126.55071057213813,-126.03189293129712,0.5912909582304787,0.6824938739073185,13.737833499908447,8.943980932235718,5.628478154540062,3.0228741466999054
1209,-68.03711720226774,25.296184606850147,25.69319661706686,-93.33330180911788,-93.7303138193346,0.5917895335606557,0.6829945700281483,11.266055703163147,7.329025864601135,4.628076031804085,2.470039017498493
1210,-66.36410138980717,18.270019441843033,21.068421378731728,-84.63412083165021,-87.4325227685389,0.5922416389069786,0.6834616241027666,9.199842810630798,5.939094349741936,3.8498934358358383,2.079590782523155
1211,-54.676428888846026,12.006869819015265,17.276105657219887,-66.6832987078613,-71.95253454606592,0.5925978531094778,0.6838459859326067,7.470531761646271,4.865732416510582,3.1934138387441635,1.7464276403188705
1212,-34.48186775749625,8.36116960272193,14.166406635195017,-42.84303736021818,-48.64827439269127,0.5928267154885387,0.6841058591932514,6.10194206237793,4.0068890899419785,2.6230376213788986,1.43453786149621
1213,-23.017314145506973,6.7826975136995316,11.616453435271978,-29.800011659206504,-34.63376758077895,0.5929859035850088,0.6842908686354564,4.985622689127922,3.287668153643608,2.154429070651531,1.188733521848917
1214,-11.81663244849565,6.38967864215374,9.525491762906313,-18.20631109064939,-21.342124211401963,0.5930831595203221,0.6844048757092352,4.085247963666916,2.695649117231369,1.765243522822857,0.9793511591851711
1215,-4.65578519514346,6.451745750382543,7.810903154313564,-11.107530945526003,-12.466688349457025,0.5931424946215268,0.6844714712666575,3.3302225172519684,2.2098204120993614,1.4546802267432213,0.8161799982190132
1216,-1.0397037084869514,6.626262376084924,6.404940690845251,-7.665966084571875,-7.444644399332202,0.5931834452950555,0.6845112396662266,2.7145422995090485,1.810481958091259,1.1989185586571693,0.6809978745877743
1217,0.0,6.754198158159852,5.25205135345459,-6.754198158159852,-5.25205135345459,0.5932195254134217,0.6845392954961061,2.21280287951231,1.4827084727585316,0.9880905970931053,0.5684494040906429
1218,0.0,6.8181374575942755,4.306682059541345,-6.8181374575942755,-4.306682059541345,0.5932559470878747,0.6845623012763388,1.804567314684391,1.2143159285187721,0.81388084217906,0.4739179741591215
1219,0.0,6.85088518075645,3.531479276716709,-6.85088518075645,-3.531479276716709,0.5932925436967462,0.6845811660160648,1.472740713506937,0.9947118349373341,0.6699363701045513,0.39409035816788673
1220,0.0,6.868279771879315,2.8958130162209272,-6.868279771879315,-2.8958130162209272,0.5933292332254422,0.6845966351026899,1.2027640827000141,0.814963411539793,0.5511174444109201,0.32696807757019997
1221,0.0,6.878074211999774,2.374566695652902,-6.878074211999774,-2.374566695652902,0.5933659750748652,0.6846093197538419,0.9828898124396801,0.6677928846329451,0.45313360169529915,0.2707503968849778
1222,0.0,6.884104199707508,1.9471447449177504,-6.884104199707508,-1.9471447449177504,0.5934027491357611,0.6846197211680776,0.8036494255065918,0.5472659599035978,0.3724020905792713,0.2238272689282894
1223,0.0,6.8882642313838005,1.5966586652211845,-6.8882642313838005,-1.5966586652211845,0.5934395454190484,0.684628250327614,0.6574056576937437,0.44853840954601765,0.3059367183595896,0.18477787962183356
1224,0.0,6.891489494591951,1.3092600624077022,-6.891489494591951,-1.3092600624077022,0.5934763589313059,0.6846352442382038,0.5379914306104183,0.3676527878269553,0.2512530656531453,0.15236277831718326
1225,0.0,6.894257199019194,1.0735932737588882,-6.894257199019194,-1.0735932737588882,0.5935131872283093,0.684640979245008,0.440418953076005,0.3013747977092862,0.20628799684345722,0.12551152613013983
1226,0.0,6.896793749183416,0.8803464821539819,-6.896793749183416,-0.8803464821539819,0.59355002907526,0.6846456819505751,0.3606461687013507,0.2470595994964242,0.16933209262788296,0.10330862132832408
1227,0.0,6.899218587204814,0.7218841055873781,-6.899218587204814,-0.7218841055873781,0.5935868838754054,0.6846495381690878,0.2953948685899377,0.20254324190318584,0.1389695331454277,0.08497646194882691
1228,0.0,6.901589408516884,0.591944984626025,-6.901589408516884,-0.591944984626025,0.5936237513401944,0.6846527002683647,0.24202351924031973,0.16605235869064927,0.11400652583688498,0.06986258085817099
1229,0.0,6.903932988643646,0.48539487179368734,-6.903932988643646,-0.48539487179368734,0.5936606313241081,0.6846552931896883,0.19832435064017773,0.13614073395729065,0.09351984481327236,0.05740994238294661
1230,0.0,6.906265392899513,0.39802380197215825,-6.906265392899513,-0.39802380197215825,0.5936975237674462,0.6846574193852116,0.16253521898761392,0.11162058217450976,0.07670937338843942,0.047158627421595156
1231,0.0,6.908593978732824,0.32637951662763953,-6.908593978732824,-0.32637951662763953,0.5937344286498113,0.6846591628655355,0.13321797596290708,0.09151898557320237,0.06291701574809849,0.03872553934343159
1232,0.0,6.910917675122619,0.26763120549730957,-6.910917675122619,-0.26763120549730957,0.5937713459450844,0.684660592519411,0.1091979444026947,0.07503903470933437,0.05160210421308875,0.03179212217219174
1233,0.0,6.913246354088187,0.2194575878093019,-6.913246354088187,-0.2194575878093019,0.5938082756798819,0.6846617648355853,0.0895150238648057,0.06152765126898885,0.04232044157106429,0.026094471104443073
1234,0.0,6.915569491684437,0.1799552235752344,-6.915569491684437,-0.1799552235752344,0.5938452178246024,0.6846627261348565,0.07338411523960531,0.05044979625381529,0.034707170561887324,0.02141414151992649
1235,0.0,6.917900079861283,0.147563278733287,-6.917900079861283,-0.147563278733287,0.5938821724190462,0.6846635144002343,0.06016285624355078,0.041366941877640784,0.02846276620402932,0.017570714408066124
1236,0.0,6.920234020799398,0.12100189051125199,-6.920234020799398,-0.12100189051125199,0.5939191394811231,0.6846641607778545,0.04932552110403776,0.03391964710317552,0.023341334599535912,0.014415387704502791
1237,0.0,6.92256991751492,0.09922155077219941,-6.92256991751492,-0.09922155077219941,0.5939561190212808,0.6846646908075061,0.04044161178171635,0.027813322958536446,0.01914107706397772,0.011825538967968896
1238,0.0,6.924901343882084,0.08136167089105584,-6.924901343882084,-0.08136167089105584,0.5939931110156391,0.6846651254318165,0.033158622682094574,0.022806414926890284,0.01569644082337618,0.0097001924586948
1239,0.0,6.9272414315491915,0.06671657174592838,-6.9272414315491915,-0.06671657174592838,0.5940301155104658,0.6846654818237595,0.02718779433052987,0.018700931104831398,0.01287154300371185,0.007956303306855261
1240,50.04569339894049,9.484051167964935,6.6245658323168755,40.56164223097556,43.42112756662362,0.5938134400711977,0.684433531355989,2.7571769431233406,1.8815338611602783,1.2568656355142593,0.7289893925189972
1241,169.8428034716681,19.534134678542614,33.57216343283653,150.3086687931255,136.27064003883157,0.5930105091481576,0.6837055899027902,14.046590030193329,9.536048769950867,6.456532329320908,3.5329923033714294
1242,149.61157309227852,27.718455716967583,52.04853713512421,121.89311737531094,97.56303595715431,0.5923593707006398,0.6831844198389165,22.326460480690002,14.742530882358551,9.779905527830124,5.199640244245529
1243,53.20536529197332,28.977090306580067,49.86105412244797,24.228274985393256,3.344311169525355,0.5922299461547776,0.6831665549288229,21.85305953025818,14.246989786624908,9.078406542539597,4.682598263025284
1244,34.76635528834657,28.87139283120632,44.748811051249504,5.894962457140245,-9.982455762902937,0.5921984559707117,0.6832198800130265,19.60763931274414,12.820149958133698,8.126143366098404,4.194878414273262
1245,113.22604002194544,34.19812358915806,54.67797890305519,79.02791643278738,58.548061118890246,0.5917762982974597,0.6829071232762802,23.718781769275665,15.539871156215668,10.106904804706573,5.3124211728572845
1246,190.528784064092,44.52894479036331,76.74339860677719,145.9998392737287,113.78538545731482,0.5909963846261257,0.6822992953625125,32.855698466300964,21.67780101299286,14.483468234539032,7.726430892944336
1247,206.13029366640615,54.24125753343105,97.66281992197037,151.8890361329751,108.46747374443578,0.5901850115698598,0.6817198750967838,41.396063566207886,27.593478560447693,18.62672120332718,10.04655659198761
1248,215.55469062656147,62.37876042723656,116.52982532978058,153.1759301993249,99.02486529678089,0.5893667640794787,0.6811908961154975,48.76318573951721,32.932448387145996,22.54169136285782,12.292499840259552
1249,190.54724847620017,68.05668100714684,127.51465886831284,122.49056746905333,63.03258960788733,0.58871243412505,0.6808541835641734,52.95805335044861,36.05681657791138,24.842238426208496,13.657550513744354
1250,104.57431681961316,69.99230906367302,121.0567981004715,34.58200775594014,-16.482481280858337,0.5885277011776359,0.680942231006913,50.254982709884644,34.163299202919006,23.65294098854065,12.985575199127197
1251,72.18726877645086,70.43703645467758,109.92914736270905,1.7502323217732823,-37.74187858625818,0.5885183516460024,0.6811438436061985,45.89979350566864,31.010812520980835,21.40008807182312,11.61845326423645
1252,91.66353298464908,71.69126719236374,104.30439412593842,19.97226579228534,-12.640861141289335,0.5884116621919838,0.6812113695738335,43.91412436962128,29.43941056728363,20.110155642032623,10.840703547000885
1253,130.13384485661186,73.82349893450737,106.61480948328972,56.31034592210449,23.51903537332214,0.5881108590620581,0.6810857337011128,44.87243592739105,30.105364322662354,20.53513675928116,11.101872473955154
1254,174.4368144698542,76.65240243077278,116.48750230669975,97.78441203908142,57.949312163154445,0.5875885064336441,0.680776175409643,48.70481193065643,32.923710346221924,22.552569210529327,12.306410819292068
1255,164.45278223060714,78.60179767012596,122.79489636421204,85.85098456048118,41.657885866395105,0.5871299007468894,0.680553643968049,51.094287633895874,34.7009539604187,23.900598287582397,13.099056482315063
1256,170.48965398826945,80.19024729728699,129.0600150823593,90.29940669098247,41.42963890591014,0.5866475321214034,0.6803323317944063,53.48735451698303,36.482882499694824,25.211673974990845,13.878104090690613
1257,179.44315979210498,81.52924850583076,135.81540882587433,97.91391128627421,43.62775096623065,0.5861244877235067,0.6800992775691593,56.069278717041016,38.403770327568054,26.621362566947937,14.720997214317322
1258,121.29138726219925,81.62376284599304,130.8942288160324,39.66762441620621,-9.602841553833159,0.5859125880204287,0.680150574799682,54.02204394340515,36.94908618927002,25.692933797836304,14.230164885520935
1259,85.00310869263333,80.99133521318436,120.3254908323288,4.011773479448976,-35.32238213969546,0.5858911576065428,0.6803392627384625,49.861034750938416,33.94249081611633,23.566623032093048,12.955342233181
1260,42.506774868607444,79.21910434961319,104.00435030460358,-36.712329481005746,-61.49757543599613,0.5860872704777019,0.6806677754277574,43.51404309272766,29.344093799591064,20.22480070590973,10.921412706375122
1261,19.933654315672463,76.72203630208969,86.54839470982552,-56.78838198641723,-66.61474039415305,0.5863906272190824,0.6810236233999484,36.730507016181946,24.478241801261902,16.55350774526596,8.786138147115707
1262,41.62347244132595,75.3542460501194,76.12842693924904,-33.73077360879345,-34.50495449792309,0.5865708129755397,0.6812079447380783,32.81537890434265,21.56883478164673,14.272430539131165,7.471782714128494
1263,85.00310869263248,75.82296133041382,75.38708224892616,9.180147362218662,9.616026443706318,0.5865217737268099,0.6811565770754517,32.65855312347412,21.35738730430603,14.030420780181885,7.340721040964127
1264,148.4557207138079,77.6813879609108,86.20212525129318,70.7743327528971,62.25359546251471,0.5861437057099675,0.6808240258176391,36.92293465137482,24.379394948482513,16.24239832162857,8.657397329807281
1265,131.07805215561052,78.82214561104774,91.95206016302109,52.25590654456278,39.125991992589434,0.58586456091005,0.6806150194501573,39.233964681625366,25.985127687454224,17.43018329143524,9.302784502506256
1266,155.74356256926797,80.12352585792542,101.11281722784042,75.62003671134255,54.63074534142754,0.5854606077224894,0.6803231885455557,42.79833137989044,28.578856587409973,19.322241842746735,10.413387417793274
1267,186.95102325753666,81.63959309458733,114.2503872513771,105.31143016294934,72.70063600615956,0.5848980466639266,0.6799348304472322,47.86026477813721,32.29552209377289,22.069503366947174,12.025097012519836
1268,100.92987598810984,81.35135099291801,109.55057516694069,19.578524995191827,-8.620699178830847,0.5847934605261318,0.6799808811907089,45.89591324329376,30.925267934799194,21.22204154729843,11.507352441549301
1269,28.506134384269842,79.00505438446999,92.65912473201752,-50.498920000200144,-64.15299034774768,0.5850632197141671,0.6803235787887203,39.127033948898315,26.180997490882874,17.829035222530365,9.522058069705963
1270,-30.713337389213322,74.08505380153656,75.98048076033592,-104.79839119074988,-106.69381814954924,0.5856230401799296,0.6808935243984935,32.5254887342453,21.605275571346283,14.32194709777832,7.527769356966019
1271,-107.96945773330346,66.6490912437439,62.303995713591576,-174.61854897704734,-170.27345344689502,0.5865558315740378,0.6818031048122055,26.839566230773926,17.886513471603394,11.518336832523346,6.05957917869091
1272,-120.0,58.43384154140949,51.08927525579929,-178.4338415414095,-171.0892752557993,0.587509003804494,0.682717043248401,22.180061042308807,14.69043642282486,9.298492968082428,4.9202848225831985
1273,-87.42692211384824,50.86831413209438,41.89320616424084,-138.29523624594262,-129.32012827808907,0.5882477604083719,0.6834078558994592,18.289418518543243,12.042851746082306,7.581169158220291,3.9797667413949966
1274,-19.662495126513065,46.08727842569351,34.35242883861065,-65.74977355220658,-54.014923965123714,0.5885989878311935,0.6836963971599567,15.037120878696442,9.862750768661499,6.235299631953239,3.217257559299469
1275,125.54966863914021,50.5655437707901,48.35747703909874,74.98412486835011,77.19219160004147,0.5881984316086061,0.6832840457091017,20.819629728794098,13.73005211353302,9.027384966611862,4.7804102301597595
1276,172.70859860235936,57.80847333371639,68.34209933876991,114.90012526864297,104.36649926358945,0.5875846488881539,0.6827265323583347,29.360106587409973,19.345030188560486,12.825414538383484,6.81154802441597
1277,179.4431597921058,64.12018947303295,85.95776334404945,115.32297031907285,93.48539644805635,0.5869686073800392,0.6822271445567959,36.72470152378082,24.301041662693024,16.241207718849182,8.690812438726425
1278,204.29710838372594,69.88371014595032,104.89070490002632,134.41339823777562,99.40640348369962,0.5862505870903075,0.6816961274441693,44.26525831222534,29.636722803115845,20.10553926229477,10.883184522390366
1279,196.81008745904646,74.15869981050491,119.08334344625473,122.65138764854154,77.72674401279173,0.5855953980537234,0.681280920478289,49.74084496498108,33.66512358188629,23.070761561393738,12.606613337993622
1280,203.97866583447654,77.53937691450119,132.02361017465591,126.43928891997535,71.95505565982063,0.5849199745018004,0.6808965451809609,54.71063852310181,37.33915388584137,25.77424943447113,14.199568331241608
1281,189.1976880426855,79.79748770594597,139.985129237175,109.40020033673954,49.212558805510525,0.5843355717222238,0.6806336575805041,57.67756104469299,39.585912227630615,27.48247981071472,15.239176154136658
1282,126.76211241749681,80.45921176671982,135.28273403644562,46.30290065077699,-8.520621618948809,0.5840882271674654,0.680679173721631,55.65624237060547,38.20516765117645,26.61912739276886,14.802196621894836
1283,122.32667696450022,80.94578683376312,130.6270807981491,41.3808901307371,-8.300403833648886,0.5838671754039465,0.6807235134856996,53.92327308654785,36.877259612083435,25.636643171310425,14.189904928207397
1284,81.61125990070877,80.49647361040115,119.47939693927765,1.1147862903076202,-37.868137038568875,0.5838612203489769,0.6809258005425296,49.51094388961792,33.70698392391205,23.403827846050262,12.857641279697418
1285,37.26282511942203,78.57643365859985,102.34975293278694,-41.31360853917782,-65.08692781336491,0.5840819127022845,0.6812734871227292,42.83801317214966,28.88992726802826,19.895409047603607,10.726403445005417
1286,55.848387948221784,77.5969497859478,91.63883253931999,-21.748561837726015,-35.79044459109821,0.5841980909172296,0.6814646753951176,38.955456018447876,25.895071029663086,17.49265193939209,9.29565355181694
1287,31.067637509822116,75.69537088274956,78.38983312249184,-44.62773337292744,-47.32219561266972,0.5844364869288371,0.6817174649015955,33.62938165664673,22.20482975244522,14.786888659000397,7.76873305439949
1288,30.198241866901434,73.90341758728027,67.36188605427742,-43.70517572037884,-37.163644187375986,0.5846699547478562,0.6819159886419126,29.20718789100647,19.13881152868271,12.512063980102539,6.5038226544857025
1289,54.76582455959444,73.34085926413536,62.73541413247585,-18.57503470454092,-7.969589572881411,0.5847691803605941,0.6819585612357848,27.362677454948425,17.853717505931854,11.543215811252594,5.975803360342979
1290,97.75909427180721,74.58541765809059,66.67926907539368,23.173676613716623,31.079825196413537,0.5846453893530422,0.681792536528539,28.9836585521698,18.936210870742798,12.323707342147827,6.435692310333252
1291,150.19798208182934,76.81835740804672,79.35701459646225,73.37962467378262,70.84096748536709,0.5842534041785028,0.6814141125569291,34.1190367937088,22.456642985343933,14.876295626163483,7.905039191246033
1292,135.00789853719962,78.26338037848473,87.02944666147232,56.7445181587149,47.9784518757273,0.5839502817524412,0.6811578174080203,37.28173077106476,24.61124360561371,16.40794426202774,8.728528022766113
1293,111.20956572549112,78.99141982197762,89.04452323913574,32.2181459035135,22.165042486355375,0.5837781762721874,0.6810394144032855,38.109782338142395,25.15852451324463,16.832657158374786,8.943559229373932
1294,61.2078498115461,78.15298140048981,81.69998526573181,-16.94513158894371,-20.492135454185714,0.5838686951375129,0.6811488809388314,35.117244720458984,23.1139674782753,15.380346775054932,8.088426291942596
1295,34.46917727109212,76.33629888296127,70.86135223507881,-41.86712161186915,-36.39217496398669,0.5840923442914225,0.6813432835828698,30.643430352211,20.110855996608734,13.217301666736603,6.889764219522476
1296,8.889047786291947,73.53103160858154,58.1063088029623,-64.6419838222896,-49.217261016670356,0.584437654034063,0.6816061963019759,25.318166613578796,16.584785282611847,10.68045124411583,5.52290566265583
1297,-18.090217225609457,69.41192597150803,47.64717370271683,-87.50214319711748,-65.73739092832628,0.58490508001268,0.6819573575783024,20.8559051156044,13.674390316009521,8.656353503465652,4.460524767637253
1298,31.067637509821132,67.98853278160095,42.302485182881355,-36.92089527177982,-11.234847673060223,0.585102307017337,0.6820173727902312,18.51099580526352,12.147964537143707,7.678321003913879,3.9652038365602493
1299,100.31672958646952,69.85042616724968,50.38294903934002,30.46630341921984,49.9337805471295,0.5849395596700121,0.6817506325095307,21.85700684785843,14.34636116027832,9.302400052547455,4.877180978655815
1300,158.39601006367752,73.2831321656704,67.47087836265564,85.11287789800713,90.92513170102188,0.5844848968607279,0.6812649213359141,29.062822461128235,19.119489192962646,12.60809451341629,6.680472195148468
1301,138.5877415030656,75.56065022945404,77.93148308992386,63.027091273611546,60.65625841314173,0.5841482136808475,0.6809409028614849,33.56806933879852,22.063373029232025,14.578777551651001,7.72126317024231
1302,87.00114704205244,76.10025852918625,77.23292633891106,10.900888512866189,9.768220703141381,0.5840899824387915,0.6808887221953357,33.395788073539734,21.871832013130188,14.414262771606445,7.551043480634689
1303,62.38277790037938,75.62492713332176,72.23030477762222,-13.242149232942381,-9.847526877242842,0.5841607204154632,0.6809413265055774,31.314849853515625,20.4816073179245,13.435573875904083,6.998273730278015
1304,-8.00516073058657,71.98027595877647,59.22885127365589,-79.98543668936304,-67.23401200424246,0.5845879930473508,0.6813004825526086,25.78243613243103,16.916750371456146,10.895583033561707,5.634081736207008
1305,-30.48509719568322,67.14505180716515,48.5676571726799,-97.63014900284837,-79.05275436836313,0.5851095216210839,0.6817227729071405,21.242529153823853,13.948462903499603,8.828272670507431,4.548392444849014
1306,-76.62005543519832,60.42211130261421,39.825477823615074,-137.04216673781252,-116.4455332588134,0.5858415844775893,0.6823448110121555,17.398351430892944,11.450202763080597,7.2024814784526825,3.7744421511888504
1307,-100.67417615096497,52.55325697362423,32.6568927615881,-153.2274331245892,-133.33106891255306,0.5866601070904343,0.6830570496281414,14.284510910511017,9.336090087890625,5.874127149581909,3.1621646136045456
1308,-52.86306681001844,46.09650671482086,26.77865121513605,-98.9595735248393,-79.64171802515449,0.5871887372908875,0.6834824861560536,11.723030358552933,7.647810876369476,4.849338158965111,2.5584718212485313
1309,-8.620638550025092,42.00117327272892,21.958494558930397,-50.62181182275401,-30.57913310895549,0.5874591529523339,0.68364583622608,9.577799588441849,6.262568384408951,4.02367003262043,2.0944565534591675
1310,-0.6431024526856469,38.51183317601681,18.00596509128809,-39.154935628702454,-18.649067543973736,0.5876683139332565,0.6837454573133875,7.8596331179142,5.151759833097458,3.2885558903217316,1.7060162499547005
1311,-0.8693010859408151,35.194047540426254,14.764891564846039,-36.063348626367066,-15.634192650786854,0.587860960026346,0.68382897329977,6.450619548559189,4.217046871781349,2.6920823380351067,1.4051428064703941
1312,-9.06188590268969,31.573256850242615,12.107211165130138,-40.6351427529323,-21.169097067819827,0.5880780280966074,0.683942056083252,5.2489470690488815,3.4407146275043488,2.222898043692112,1.1946514248847961
1313,-9.291095956369235,28.267602063715458,9.927912801504135,-37.55869802008469,-19.219008757873368,0.5882786621672275,0.6840447217283261,4.269259423017502,2.813309244811535,1.835966482758522,1.0093776509165764
1314,-1.657350164923904,25.820656679570675,8.140888810157776,-27.47800684449458,-9.79823897508168,0.5884254463918241,0.6840970627484921,3.4803692251443863,2.3067686706781387,1.5123311430215836,0.8414197713136673
1315,-12.086998808593837,22.783075645565987,6.67552868835628,-34.87007445415982,-18.762527496950117,0.5886117181570707,0.684197289925292,2.8245074674487114,1.8821612000465393,1.2519697658717632,0.7168902549892664
1316,-12.245322799928223,19.373452849686146,5.473933694884181,-31.61877564961437,-17.719256494812406,0.5887806218731477,0.6842919440732345,2.300335094332695,1.540834829211235,1.0324189439415932,0.6003448273986578
1317,-2.396204343454852,16.470737662166357,4.488625610247254,-18.86694200562121,-6.8848299537021065,0.588881406819759,0.6843287220110214,1.8822945654392242,1.2656716629862785,0.8474615402519703,0.4931978415697813
1318,-9.924881219010896,13.028841093182564,3.6806730087846518,-22.95372231219346,-13.605554227795547,0.5890040228577514,0.6844014012536912,1.5312876552343369,1.0342945344746113,0.6997050251811743,0.41538579389452934
1319,-46.1737709298655,8.6982948705554,3.0181518057361245,-54.8720658004209,-49.19192273560162,0.5892971428673691,0.6846641786187319,1.2327808886766434,0.840211845934391,0.5831846967339516,0.36197437439113855
1320,-99.34996128277446,5.595515202730894,2.4748844793066382,-104.94547648550535,-101.8248457620811,0.5898577490451763,0.6852081147606233,0.9860556572675705,0.6813376676291227,0.49018594436347485,0.31730521004647017
1321,-91.57536765569951,4.6983311884105206,2.0294052781537175,-96.27369884411003,-93.60477293385323,0.5903720316244717,0.6857081402570648,0.8071332238614559,0.5595484748482704,0.4027156624943018,0.2600079169496894
1322,-33.945338090089955,5.0935551058501005,1.6641123220324516,-39.038893195940055,-35.609450412122406,0.5905805727206038,0.6858983616802066,0.6739196833223104,0.46369475312530994,0.323625304736197,0.20287258084863424
1323,-4.720938048227128,5.96614945679903,1.364572113379836,-10.68708750502616,-6.0855101616069645,0.5906376618632588,0.6859308697473092,0.5602778401225805,0.38288007490336895,0.2619370352476835,0.15947716310620308
1324,5.705856864072676,6.790915410965681,1.1189491371624172,-1.0850585468930047,4.586907726910259,0.5906434581161802,0.6859063670350928,0.4608974792063236,0.31491173431277275,0.2141210250556469,0.1290188985876739
1325,-4.772899309269675,6.736999796703458,0.9175382903777063,-11.509899105973133,-5.690437599647382,0.5907049426199514,0.6859367646718431,0.3755649318918586,0.2572793746367097,0.1765211229212582,0.10817286092787981
1326,-4.862410449899637,6.708743795752525,0.752381409984082,-11.571154245652163,-5.614791859883719,0.5907667543413492,0.6859667582181032,0.3076246241107583,0.21090900991111994,0.1448362017981708,0.08901157416403294
1327,34.94217518446134,8.619117457419634,4.430702514946461,26.323057727041707,30.51147266951488,0.5906261397167389,0.685803769582048,1.8419068306684494,1.2556114234030247,0.8416077122092247,0.49157654866576195
1328,81.07201637151128,12.900116201490164,15.75499102473259,68.17190017002112,65.31702534677869,0.5902619735833521,0.685454853848358,6.606832891702652,4.506620019674301,2.983691915869713,1.6578461974859238
1329,85.22408794131988,17.026196233928204,25.798329710960388,68.19789170739168,59.42575823035949,0.5898976686062827,0.6851374085586659,10.984237492084503,7.372145354747772,4.8697736114263535,2.5721732527017593
1330,50.6559153562001,18.427025340497494,27.820737473666668,32.2288900157026,22.83517788253343,0.5897255057322671,0.6850154257708319,12.021254003047943,7.912056148052216,5.199072510004044,2.6883548125624657
1331,-4.552612576712995,15.327828656882048,22.81300462782383,-19.880441233595043,-27.365617204536825,0.5898317046704807,0.6851616096234202,9.932928532361984,6.510529667139053,4.191021993756294,2.178524434566498
1332,-62.49206173155514,9.686084557324648,18.706663511693478,-72.17814628887979,-81.19872524324862,0.5902172716912547,0.6855953634975829,8.12402218580246,5.254141241312027,3.446665406227112,1.8818346783518791
1333,-59.156994575866555,6.596899870783091,15.339464694261551,-65.75389444664964,-74.4964592701281,0.5905685211274013,0.6859933146688977,6.579964607954025,4.307990148663521,2.8618035838007927,1.5897063538432121
1334,-16.708609193901285,6.259891763329506,12.578360922634602,-22.96850095723079,-29.286970116535887,0.5906912161111472,0.6861497621588364,5.4417286068201065,3.5697542130947113,2.315358445048332,1.2515196576714516
1335,-3.3865805526550825,6.554168090224266,10.314255859702826,-9.940748642879349,-13.700836412357909,0.5907443184009061,0.6862229503875349,4.448375850915909,2.9297322034835815,1.901089958846569,1.0350578464567661
1336,2.9281400715263026,6.967558618634939,8.457689732313156,-4.039418547108637,-5.529549660786854,0.5907658964914355,0.6862524885801673,3.625735267996788,2.401116117835045,1.5664417296648026,0.8643966168165207
1337,38.98013506416597,9.01167830452323,11.467659194022417,29.96845675964274,27.512475870143554,0.5906058085813947,0.6861055202261601,4.901839792728424,3.275204449892044,2.1304814144968987,1.1601335369050503
1338,67.36668332131444,12.257241737097502,19.049643352627754,55.10944158421694,48.317039968686686,0.590311420538744,0.6858474163801735,8.127555251121521,5.455051735043526,3.56932133436203,1.8977150321006775
1339,87.26181318353845,16.614868585020304,28.855429030954838,70.64694459851815,58.40638415258361,0.5899340330141792,0.6855354164648285,12.320547550916672,8.230599761009216,5.440925806760788,2.8633559122681618
1340,102.80227613184152,21.611657924950123,39.70244117081165,81.1906182068914,63.09983496102987,0.5895003224468347,0.6851983446968744,17.02401340007782,11.288726329803467,7.46164470911026,3.9280567318201065
1341,92.42319883039114,25.964393839240074,46.7384647578001,66.45880499115107,45.68473407259104,0.5891453074629076,0.6849543023140079,20.254415273666382,13.333018124103546,8.63104835152626,4.519983008503914
1342,52.707733164069744,27.395090274512768,45.36625072360039,25.312642889556976,7.341482440469356,0.5890100903534549,0.6849150849932789,19.847773015499115,13.008339703083038,8.250109851360321,4.260028153657913
1343,37.146487727483134,27.71660126745701,41.441138461232185,9.429886460026125,-4.294650733749052,0.5889597170283479,0.6849380265036088,18.126627802848816,11.900167912244797,7.530457526445389,3.883885219693184
1344,53.675261576733135,29.101329296827316,41.19706675410271,24.57393227990582,12.478194822630428,0.5888284460225792,0.6848713694799836,17.985786497592926,11.806958168745041,7.5212255120277405,3.8830965757369995
1345,82.63107721220014,32.2608781978488,46.210892871022224,50.37019901435134,36.420184341177915,0.5885593744466479,0.6846768172132038,20.07385790348053,13.198843598365784,8.501103520393372,4.437087848782539
1346,131.97590963569172,38.583098724484444,59.209905192255974,93.39281091120728,72.76600444343575,0.5880604812259683,0.6842881099245103,25.600925087928772,16.821911931037903,10.987796634435654,5.799271538853645
1347,143.78304680992906,44.945837929844856,72.00557291507721,98.8372088800842,71.77747389485185,0.5875325046828055,0.6839046832477216,31.06851875782013,20.40938436985016,13.422925770282745,7.104744017124176
1348,118.50321646713412,49.03600215911865,77.958694845438,69.46721430801547,40.54452162169612,0.5871614191362883,0.6836880992646996,33.633676171302795,22.086165845394135,14.562244713306427,7.676608115434647
1349,80.48791006485304,50.61752609908581,76.00373476743698,29.870383965767232,4.4841752974160585,0.5870018551193771,0.6836641453368288,32.892048358917236,21.532048285007477,14.17604684829712,7.403591275215149
1350,30.29544941982759,49.10324066877365,65.3667151927948,-18.80779124894606,-35.07126577296721,0.587102324089724,0.6838514918420263,28.367215394973755,18.591873347759247,12.115370482206345,6.2922559678554535
1351,29.78063255487963,47.554438933730125,56.546298414468765,-17.773806378850495,-26.765665859589134,0.5871972696366196,0.683994470826319,24.683184921741486,16.141484677791595,10.365894436836243,5.3557343780994415
1352,30.29544941982759,46.04949876666069,49.40210580825806,-15.7540493468331,-19.106656388430466,0.5872814258831304,0.6840965362984794,21.616816520690918,14.13496881723404,9.003940224647522,4.646380245685577
1353,29.78063255487963,44.530756399035454,43.44826005399227,-14.750123844155823,-13.66762749911264,0.5873602192797338,0.6841695471291371,19.00877058506012,12.477082759141922,7.888999581336975,4.073407128453255
1354,44.244613779507404,43.99369917809963,41.167521849274635,0.25091460140777144,3.0770919302327684,0.5873588789239571,0.6841531096722449,18.001575767993927,11.814971268177032,7.491330802440643,3.8596440106630325
1355,30.29544941982759,42.54705309867859,36.786940321326256,-12.251603678850998,-6.491490901498665,0.5874243255248057,0.6841877864398811,16.069170832633972,10.563943535089493,6.705417484045029,3.448408469557762
1356,-1.1150373726157141,39.06458057463169,30.16529008746147,-40.17961794724741,-31.280327460077185,0.5876389602360624,0.6843548822062276,13.161152601242065,8.641231060028076,5.51808662712574,2.84481979906559
1357,-10.40322536837998,35.12864075601101,24.73553866147995,-45.53186612439099,-35.13876402985993,0.5878821860166414,0.6845425892790368,10.76551079750061,7.064522802829742,4.54208143055439,2.363423630595207
1358,-21.587372800679024,30.761293321847916,20.28314098715782,-52.348666122526936,-41.87051378783684,0.588161826327125,0.6847662565535444,8.874920755624771,5.781741067767143,3.6928750574588776,1.9336041063070297
1359,-36.323889093724986,25.965175963938236,16.6321761906147,-62.28906505766322,-52.95606528433969,0.5884945670592706,0.6850491415176702,7.240983098745346,4.700952023267746,3.0495570972561836,1.6406839713454247
1360,-41.71809653173151,20.56132573634386,13.638384267687798,-62.27942226807537,-55.35648079941931,0.5888272562807881,0.6853448492142482,5.847183987498283,3.8459602743387222,2.5410378351807594,1.4042021706700325
1361,-42.19306865324094,14.812730625271797,11.183475237339735,-57.00579927851274,-53.37654389058068,0.5891317744393272,0.6856299803247748,4.7500960528850555,3.145492449402809,2.100643515586853,1.1872432194650173
1362,-40.86006697995126,10.072596743702888,9.170449804514647,-50.93266372365415,-50.03051678446591,0.5894038506344321,0.6858972373588799,3.8708608597517014,2.5737442076206207,1.7306627705693245,0.995181966573
1363,-80.54217969430957,6.387109449133277,7.519768830388784,-86.92928914344284,-88.06194852469835,0.5898682164952411,0.6863676537505716,3.1346887350082397,2.0908651873469353,1.4375205151736736,0.8566943928599358
1364,-59.972216187825204,5.2624039351940155,6.1662104446440935,-65.23462012301923,-66.1384266324693,0.5902166920300863,0.6867209573116425,2.5694284588098526,1.7154859378933907,1.1756948195397854,0.7056012284010649
1365,-5.017896515810237,6.072198366746306,5.056292563676834,-11.090094882556542,-10.07418907948707,0.5902759339899291,0.6867747724242466,2.1260662004351616,1.4261838048696518,0.9522480890154839,0.5517944693565369
1366,-3.5010747752662565,6.495094345882535,4.1461598593741655,-9.996169121148792,-7.647234634640422,0.5903293323292514,0.6868156230366111,1.7353139817714691,1.1686253361403942,0.7837045937776566,0.45851594768464565
1367,-31.460449371493787,5.873483885079622,3.3998511265963316,-37.33393325657341,-34.86030049809012,0.5905287657333999,0.687001842590554,1.3997734524309635,0.9484217502176762,0.6523868534713984,0.39926907047629356
1368,-41.17705709015605,5.442189518362284,2.787877875380218,-46.61924660851833,-43.964934965536266,0.5907778001704111,0.6872366980123784,1.1388173326849937,0.7771240081638098,0.5380540154874325,0.33388251904398203
1369,-28.234614585011848,5.531851993873715,2.2860598750412464,-33.76646657888556,-30.520674460053094,0.5909581765944436,0.6873997358032975,0.9346242994070053,0.6376068573445082,0.44074486941099167,0.27308384887874126
1370,-26.70663868564145,5.596975656226277,1.8745690817013383,-32.30361434186773,-28.58120776734279,0.5911307386368682,0.6875524131952171,0.7639810908585787,0.5232538562268019,0.3620483912527561,0.22528574336320162
1371,-28.691564346238163,5.584318516775966,1.5371466404758394,-34.27588286301413,-30.228710986714002,0.5913138363017347,0.6877138913521974,0.6236815825104713,0.42901355773210526,0.29803060460835695,0.18642089562490582
1372,-29.024352963110015,5.574536183848977,1.2604602728970349,-34.598889146958996,-30.28481323600705,0.5914986594275198,0.6878756692006803,0.5098750814795494,0.35171471536159515,0.245163356885314,0.15370711917057633
1373,-26.19974942941561,5.627751722931862,1.0335773811675608,-31.827501152347473,-27.233326810583172,0.5916686781302567,0.6880211463738138,0.4179461859166622,0.2884566318243742,0.20106101874262094,0.12611354468390346
1374,-22.97277651735468,5.719180218875408,0.8475334732793272,-28.69195673623009,-23.82030999063401,0.5918219471299161,0.6881483916194903,0.34297457896173,0.23666794877499342,0.1646819175221026,0.10320902802050114
1375,-11.821695414211712,6.072071101516485,0.6949774455279112,-17.893766515728196,-12.516672859739623,0.5919175334895087,0.6882152541881854,0.2832924947142601,0.19445291254669428,0.13403845950961113,0.08319357875734568
1376,-8.99737180372229,6.308419071137905,0.5698814988136292,-15.305790874860195,-9.567253302535919,0.5919992951929001,0.688266361310528,0.23245150223374367,0.15953424153849483,0.109849963337183,0.06804579170420766
1377,-11.345910559555161,6.342832697555423,0.4673028364777565,-17.688743257110584,-11.813213396032918,0.5920937863427778,0.6883294660829427,0.19025455694645643,0.1307196100242436,0.09020417928695679,0.05612449022009969
1378,-7.888801245467991,6.464953627437353,0.3831883193925023,-14.353754872905345,-8.271989564860494,0.5921704623837655,0.6883736540613874,0.1562009216286242,0.10728465858846903,0.07387645309790969,0.04582628607749939
1379,-5.157911774482037,6.6343344282358885,0.3142144327284768,-11.792246202717926,-5.472126207210514,0.5922334551519424,0.688402885504802,0.12820439878851175,0.0880412117112428,0.06052250973880291,0.037446312489919364
1380,-3.2301024215900456,6.79795416072011,0.2576558355940506,-10.028056582310155,-3.487758257184096,0.5922870238302667,0.6884215166920733,0.10519045172259212,0.07223495631478727,0.04959685611538589,0.030633571441285312
1381,-2.6950450256364604,6.902263453230262,0.21127777581568807,-9.597308478866722,-2.9063228014521485,0.5923382915037648,0.6884370419207135,0.08625425980426371,0.05923889111727476,0.0406668841606006,0.025117740733549
1382,-1.5471873464369985,7.0051781833171844,0.1732477787300013,-8.552365529754184,-1.7204351251669998,0.5923839772170648,0.6884462322792881,0.07075180183164775,0.04859191831201315,0.0333348085405305,0.020569250045809895
1383,-1.3187773659466593,7.068248745054007,0.14206317864591256,-8.387026111000665,-1.4608405445925718,0.592428779706974,0.6884540359146759,0.058012112276628613,0.03984639188274741,0.027334963670000434,0.0168697108165361
1384,-0.7619450156546954,7.1261500008404255,0.11649180523818359,-7.888095016495121,-0.878436820892879,0.5924709169666775,0.688458728419061,0.04757566493935883,0.03267883730586618,0.022411330428440124,0.013825972564518452
1385,-0.9262797837786599,7.1497362572699785,0.09552328192512505,-8.07601604104864,-1.0218030657037849,0.5925140580780079,0.688464186768771,0.03900422598235309,0.026794185396283865,0.01838000025600195,0.011344870290486142
1386,0.0,7.2044875007122755,0.07832909032003954,-7.2044875007122755,-0.07832909032003954,0.5925525435881613,0.6884646051933987,0.03199474886059761,0.02197753346990794,0.015066476771607995,0.009290331217925996
1387,7.24164883849806,7.578174024820328,0.06422985534300096,-0.3365251863222678,7.177418983155059,0.5925543412654387,0.6884262642800272,0.02632341638673097,0.018065233598463237,0.012317033542785794,0.0075241718150209635
1388,36.001505830924366,9.319083858281374,3.986263368278742,26.68242197264299,32.015242462645624,0.5924118069600293,0.6882552426856754,1.653934083878994,1.1296086944639683,0.7573924493044615,0.4453281406313181
1389,48.077150870981924,11.287015676498413,9.380872081965208,36.79013519448351,38.696278789016716,0.5922152784600587,0.6880485317947084,3.9529066532850266,2.674424462020397,1.7649250105023384,0.9886159561574459
1390,45.13431178049158,12.637472152709961,13.28069381415844,32.49683962778162,31.85361796633314,0.5920416842312778,0.6878783735790762,5.679785832762718,3.798031434416771,2.4701032787561417,1.3327732682228088
1391,55.54140329324636,14.609621651470661,18.35672501474619,40.9317816417757,37.18467827850017,0.5918230315515675,0.6876797374771612,7.881633937358856,5.259020626544952,3.423362225294113,1.7927082255482674
1392,43.74105565582074,15.54796826094389,20.400729030370712,28.193087394876848,23.340326625450025,0.5916724274522358,0.6875550562451876,8.818425983190536,5.838959291577339,3.792053461074829,1.9512902945280075
1393,6.53772101656242,13.52478414773941,16.72859825193882,-6.98706313117699,-10.1908772353764,0.5917097515074237,0.6876094946919579,7.296938449144363,4.783518612384796,3.0625030398368835,1.5856381505727768
1394,-3.4944439577351005,11.09949303790927,13.717450201511383,-14.59393699564437,-17.211894159246484,0.5917877105725713,0.6877014385710136,5.979005992412567,3.9102964103221893,2.5063306093215942,1.3218171894550323
1395,-3.4944439577351325,9.354032669216394,11.248309258371592,-12.848476626951527,-14.742753216106724,0.591856345597288,0.687780192594604,4.868210852146149,3.1998232007026672,2.0659886300563812,1.1142865754663944
1396,-3.3053839327082875,8.271803427487612,9.223613329231739,-11.5771873601959,-12.528997261940027,0.5919181895468616,0.687847120998781,3.9618130773305893,2.6173315942287445,1.705419272184372,0.9390493854880333
1397,-0.2717404516202975,7.802475523203611,7.563362922519445,-8.07421597482391,-7.835103374139743,0.5919613210424536,0.6878889751834719,3.2276134938001633,2.1436309441924095,1.406028587371111,0.7860898971557617
1398,-0.27980430338990514,7.546970155090094,6.2019577249884605,-7.826774458479999,-6.481762028378366,0.5920031307350737,0.687923599980632,2.62915026396513,1.7547840252518654,1.1594436131417751,0.6585798226296902
1399,5.350143724390533,7.682224921882153,5.085605336353183,-2.332081197491619,0.26453838803735064,0.5920155884337782,0.6879221868482173,2.1471651270985603,1.4392792247235775,0.9536098688840866,0.5455511156469584
1400,34.92716844119055,9.342402312904596,7.924928143620491,25.584766128285956,27.00224029757006,0.5918789176745459,0.687777944111585,3.3607184886932373,2.256172336637974,1.4801952987909317,0.8278420194983482
1401,74.60484681752247,13.174261804670095,17.399309016764164,61.430585012852376,57.20553780075831,0.5915507628400756,0.6874723589737605,7.364168763160706,4.976176470518112,3.2817482948303223,1.777215488255024
1402,83.70936069952502,17.35322382301092,26.81591548025608,66.3561368765141,56.89344521926894,0.5911962962969318,0.6871684409971618,11.440414935350418,7.656772434711456,5.059377104043961,2.6593510061502457
1403,51.89365604676506,19.038630835711956,28.819457814097404,32.8550252110531,23.074198232667655,0.591020788683625,0.6870451813912181,12.447811663150787,8.205264061689377,5.381585285067558,2.784796804189682
1404,-4.405064613817652,16.01712377741933,23.63195586949587,-20.42218839123698,-28.03702048331352,0.5911298815703303,0.6871949517997827,10.27173101902008,6.7484162747859955,4.349101334810257,2.2627072408795357
1405,-8.51783519700297,12.846662849187851,19.37820352613926,-21.36449804619082,-27.89603872314223,0.5912440081624574,0.6873439691006542,8.456186205148697,5.528418719768524,3.545069321990013,1.8485292792320251
1406,-3.1640930366189792,10.619312804192305,15.89012686163187,-13.783405840811284,-19.05421989825085,0.5913176374671626,0.6874457544633585,6.944592297077179,4.532807320356369,2.900385484099388,1.5123417600989342
1407,-3.1287132816133316,9.07378252595663,13.02990410476923,-12.202495807569962,-16.158617386382563,0.591382821739639,0.6875320718639268,5.669856444001198,3.7147674709558487,2.3824186995625496,1.2628614902496338
1408,-11.982371229415106,7.708962075412273,10.684521403163671,-19.69133330482738,-22.66689263257878,0.5914880104859255,0.6876531556920923,4.607165232300758,3.0301522463560104,1.969994232058525,1.0772096924483776
1409,-34.76945154758217,6.372503098100424,8.761307690292597,-41.141954645682596,-43.53075923787477,0.5917077858846738,0.6878856917991322,3.705974295735359,2.4625562131404877,1.6473939642310143,0.9453832171857357
1410,-35.89696437031669,5.796353472396731,7.184272166341543,-41.69331784271342,-43.08123653665823,0.5919305065996455,0.6881158266096913,3.020860441029072,2.0133260637521744,1.3565648347139359,0.7935208268463612
1411,-24.109639341462774,5.8080872520804405,5.891103250905871,-29.917726593543215,-30.000742592368645,0.5920903235152093,0.6882760869867872,2.472459152340889,1.6542229801416397,1.1122268624603748,0.6521942559629679
1412,-15.532263842383193,6.043424783274531,4.830704582855105,-21.575688625657726,-20.3629684252383,0.5922055782621413,0.6883848635275204,2.0214369520545006,1.3581745326519012,0.9136419743299484,0.5374511238187551
1413,-6.276935656943642,6.43250192515552,3.9611777756363153,-12.709437582099163,-10.238113432579958,0.5922734705569175,0.6884395543044038,1.6549145802855492,1.1156163178384304,0.7496770471334457,0.44096983037889004
1414,-0.8484794284524616,6.841879105195403,3.248165803961456,-7.690358533647864,-4.096645232413917,0.5923145515319904,0.6884614380930385,1.354051660746336,0.9154746308922768,0.6155912764370441,0.36304823588579893
1415,-3.8491485238764604,6.915322598069906,2.6634959504008293,-10.764471121946366,-6.512644474277289,0.5923720540486674,0.6884962278605293,1.1048873886466026,0.7493897806853056,0.506865419447422,0.30235336162149906
1416,-3.1361007834626955,6.983939511701465,2.184066642075777,-10.12004029516416,-5.3201674255384725,0.5924261140929792,0.6885246475583153,0.9034682996571064,0.6142036058008671,0.416567362844944,0.24982737377285957
1417,0.0,7.1573481895029545,1.7909346846863627,-7.1573481895029545,-1.7909346846863627,0.5924643477905727,0.6885342145171011,0.7399438880383968,0.5038690753281116,0.3418473294004798,0.20527439191937447
1418,0.0,7.24750030785799,1.4685664209537208,-7.24750030785799,-1.4685664209537208,0.592503063069995,0.6885420594231959,0.6054606288671494,0.41297259740531445,0.28080244082957506,0.16933075385168195
1419,0.0,7.2955104522407055,1.2042244896292686,-7.2955104522407055,-1.2042244896292686,0.5925420348138638,0.6885484922463243,0.49559627659618855,0.338502018712461,0.2305896021425724,0.1395365921780467
1420,0.0,7.321874052286148,0.9874640731140971,-7.321874052286148,-0.9874640731140971,0.5925811473889294,0.6885537671612448,0.4058294463902712,0.2774760825559497,0.18926759948953986,0.11489094467833638
1421,0.0,7.33703076839447,0.8097205311059952,-7.33703076839447,-0.8097205311059952,0.5926203409293589,0.6885580925914324,0.33242322970181704,0.22746366448700428,0.1553009613417089,0.09453267557546496
1422,0.0,7.346369605511427,0.6639708415605128,-7.346369605511427,-0.6639708415605128,0.5926595843567387,0.6885616394442186,0.27234586887061596,0.18647522665560246,0.12741535902023315,0.07773438701406121
1423,0.0,7.352674566209316,0.5444560956675559,-7.352674566209316,-0.5444560956675559,0.5926988614644642,0.688564547863533,0.22316104732453823,0.15287930145859718,0.10452691931277514,0.06388882757164538
1424,0.0,7.357405591756105,0.44645399902947247,-7.357405591756105,-0.44645399902947247,0.592738163844762,0.688566932767374,0.18288266146555543,0.12534050038084388,0.08574327803216875,0.05248755915090442
1425,0.0,7.361311186105013,0.3660922753624618,-7.361311186105013,-0.3660922753624618,0.5927774870882775,0.688568888388503,0.14989034971222281,0.10276536922901869,0.07033048896118999,0.04310606746003032
1426,0.0,7.36478865146637,0.30019566183909774,-7.36478865146637,-0.30019566183909774,0.5928168289079968,0.6885704919978077,0.12286079581826925,0.08425827254541218,0.057685154024511576,0.03539143945090473
1427,0.0,7.36804511398077,0.24616045120637864,-7.36804511398077,-0.24616045120637864,0.5928561881233493,0.688571806957483,0.10071288561448455,0.06908551440574229,0.04731131193693727,0.02905073924921453
1428,0.0,7.371186371892691,0.2018515660893172,-7.371186371892691,-0.2018515660893172,0.5928955641189256,0.6885728852243959,0.08256254368461668,0.05664587370119989,0.038801663322374225,0.023841485381126404
1429,0.0,7.374265976250172,0.16551828157389536,-7.374265976250172,-0.16551828157389536,0.59293495656538,0.6885737694032504,0.06768660387024283,0.046446771011687815,0.031821642187424004,0.01956326450454071
1430,0.0,7.3773193173110485,0.1357249915599823,-7.3773193173110485,-0.1357249915599823,0.5929743653224169,0.6885744944299147,0.05549329798668623,0.03808441397268325,0.026096607325598598,0.01605067227501422
1431,0.0,7.38035487011075,0.11129449267173186,-7.38035487011075,-0.11129449267173186,0.5930137902950137,0.6885750889517772,0.04549806471914053,0.031227903673425317,0.02140114229405299,0.013167381985113025
1432,0.0,7.383384648710489,0.09126148361247033,-7.383384648710489,-0.09126148361247033,0.5930532314523251,0.6885755764597025,0.03730415483005345,0.025606018607504666,0.017550209304317832,0.010801100870594382
1433,0.0,7.386411912739277,0.07483441877411678,-7.386411912739277,-0.07483441877411678,0.5930926887809188,0.688575976216213,0.030586632783524692,0.02099633711623028,0.014392026059795171,0.008859422814566642
1434,0.0,7.389441784471273,0.06136422234703787,-7.389441784471273,-0.06136422234703787,0.5931321622947248,0.6885763040165461,0.025079224724322557,0.017216592095792294,0.011802034714492038,0.007266370812430978
1435,0.0,7.392475660890341,0.05031866276112851,-7.392475660890341,-0.05031866276112851,0.5931716520151356,0.6885765728128216,0.020563795987982303,0.014117338287178427,0.009678037895355374,0.005959490590612404
1436,0.0,7.395508512854576,0.041261302976636216,-7.395508512854576,-0.041261302976636216,0.5932111579366786,0.6885767932257648,0.016861567564774305,0.01157603328465484,0.00793623985373415,0.00488746227347292
1437,0.0,7.398548722267151,0.03383426919754129,-7.398548722267151,-0.03383426919754129,0.5932506800986564,0.6885769739643823,0.013826023496221751,0.009492217213846743,0.006507881334982812,0.0040081471524899825
1438,0.0,7.401587534695864,0.027744099861592986,-7.401587534695864,-0.027744099861592986,0.5932902184936067,0.688577122170044,0.01133704645326361,0.007783537148497999,0.005336570757208392,0.0032869455026229843
1439,0.0,7.404632214456797,0.022750162133888807,-7.404632214456797,-0.022750162133888807,0.593329773152872,0.6885772436986879,0.009296208736486733,0.006382441642927006,0.004376058132038452,0.0026954536224366166
1440,0.0,7.407675497233868,0.01865513277152786,-7.407675497233868,-0.01865513277152786,0.5933693440689898,0.6885773433521749,0.007622795237693936,0.005233562114881352,0.0035884124372387305,0.0022103629817138426
1441,0.0,7.410722319036722,0.015297209210984875,-7.410722319036722,-0.015297209210984875,0.593408931260865,0.6885774250680361,0.006250644219107926,0.0042914925870718434,0.0029425269531202503,0.001812545451684855
1442,0.0,7.413772027939558,0.01254371163668111,-7.413772027939558,-0.01254371163668111,0.5934485347439202,0.6885774920750427,0.0051255068683531135,0.0035190059861633927,0.0024128898076014593,0.0014863089745631441
1443,0.0,7.416825741529465,0.010285843291057972,-7.416825741529465,-0.010285843291057972,0.5934881545395481,0.6885775470207868,0.004202911804895848,0.0028855718483100645,0.0019785800759564154,0.0012187795618956443
1444,0.0,7.419882994145155,0.008434391656919615,-7.419882994145155,-0.008434391656919615,0.5935277906666535,0.6885775920762978,0.003446393020567484,0.002366159787925426,0.0016224432329181582,0.000999395615508547
1445,0.0,7.4229419231414795,0.006916201073181583,-7.4229419231414795,-0.006916201073181583,0.5935674431341916,0.6885776290218163,0.002826053423632402,0.0019402439647819847,0.0013304073036124464,0.0008194963811547495
1446,0.0,7.42600355297327,0.0056712847708695335,-7.42600355297327,-0.0056712847708695335,0.59360711195659,0.6885776593171409,0.002317375947313849,0.0015909956346149556,0.0010909359843935817,0.0006719772045471473
1447,0.0,7.42906890809536,0.004650453593058046,-7.42906890809536,-0.004650453593058046,0.5936467971537486,0.6885776841593075,0.0019002618500962853,0.0013046130334259942,0.0008945683475758415,0.0005510103619599249
1448,0.0,7.432138547301292,0.0038133719044708414,-7.432138547301292,-0.0038133719044708414,0.5936864987485525,0.688577704529884,0.0015582269043079577,0.0010697805919335224,0.0007335461759794271,0.0004518182322499342
1449,0.0,7.435208465903997,0.003126964998045878,-7.435208465903997,-0.003126964998045878,0.5937262167424943,0.6885777212337568,0.0012777577467204537,0.000877218280948,0.0006015076905896422,0.0003704812797877821
1450,0.0,7.438280340284109,0.0025641113097663037,-7.438280340284109,-0.0025641113097663037,0.5937659511460214,0.6885777349309327,0.001047771638695849,0.0007193180408648914,0.0004932358478981769,0.0003037857823073864
1451,0.0,7.441355753690004,0.0021025712385380757,-7.441355753690004,-0.0021025712385380757,0.593805701978039,0.6885777461626166,0.0008591816367697902,0.0005898399194848025,0.0004044529759994475,0.00024909670628403546
1452,0.0,7.444439548999071,0.0017241084378838423,-7.444439548999071,-0.0017241084378838423,0.593845469283322,0.6885777553725976,0.0007045367965474725,0.0004836678272113204,0.00033165101740451064,0.00020425279672053875
1453,0.0,7.447520457208157,0.0014137689163362666,-7.447520457208157,-0.0014137689163362666,0.5938852530464481,0.688577762924782,0.0005777267688245047,0.00039660717447986826,0.00027195337679586373,0.00016748159623602987
1454,0.0,7.4506050907075405,0.001159290513896849,-7.4506050907075405,-0.001159290513896849,0.5939250532873173,0.6885777691175732,0.0004737415110867005,0.000325217547469947,0.0002230013251391938,0.0001373301302010077
1455,0.0,7.453692331910133,0.0009506182209406688,-7.453692331910133,-0.0009506182209406688,0.5939648700198595,0.688577774195662,0.0003884726538672112,0.0002666781256266404,0.00018286068552697543,0.00011260675591984182
1456,7.24164883849806,7.805688492953777,0.0007795069166149915,-0.5640396544557174,7.240869331581445,0.5939678830522017,0.6885390943381215,0.0003196293391738436,0.0002192078227380989,0.00014948632269806694,9.118343200498202e-05
1457,36.001505830924366,9.610797371715307,3.930984530597925,26.39070845920906,32.07052130032644,0.5938269070454751,0.6883677774508334,1.6315657645463943,1.11415209248662,0.7464059162884951,0.4388607572764158
1458,48.077150870981924,11.647045612335205,9.332302678376436,36.43010525864672,38.74484819260549,0.5936323017823414,0.6881608071079243,3.9344768971204758,2.6612941175699234,1.7543230205774307,0.9822086431086063
1459,45.13431178049158,13.085253350436687,13.237632159143686,32.04905843005489,31.896679621347893,0.5934610995471381,0.6879904188620838,5.659420043230057,3.7829674780368805,2.4672886356711388,1.3279560022056103
1460,55.54140329324636,15.181664936244488,18.318187072873116,40.35973835700187,37.223216220373246,0.5932455026542054,0.6877915768950946,7.865492254495621,5.246483162045479,3.4219488501548767,1.7842628061771393
1461,43.74105565582074,16.264418605715036,20.36590650677681,27.4766370501057,23.375149149043928,0.5930987257468865,0.6876667096453668,8.80274549126625,5.824644863605499,3.7904396653175354,1.9480764865875244
1462,6.53772101656242,14.272900763899088,16.700043343007565,-7.735179747336668,-10.162322326445144,0.5931400461515197,0.6877209955552303,7.281188666820526,4.769716784358025,3.0619902536273003,1.5871476382017136
1463,-3.4944439577351005,11.807823739945889,13.694034982472658,-15.302267697680989,-17.18847894020776,0.5932217890345202,0.6878128143529878,5.965857207775116,3.898104280233383,2.5071511045098305,1.3229223899543285
1464,-3.4944439577351325,9.943280182778835,11.229109298437834,-13.437724140513968,-14.723553256172966,0.593293571748946,0.6878914658126896,4.859573766589165,3.195241466164589,2.0619982853531837,1.1122957803308964
1465,-3.3053839327082875,8.72804718092084,9.207869414240122,-12.033431113629128,-12.51325334694841,0.5933578528980573,0.6879583101147566,3.9551962167024612,2.6136163622140884,1.701963134109974,0.9370937012135983
1466,-0.2717404516202975,8.15806733444333,7.550452928990126,-8.429807786063629,-7.822193380610424,0.5934028839225555,0.6880000953358069,3.2224901020526886,2.1406106650829315,1.4030753634870052,0.7842767983675003
1467,-0.27980430338990514,7.836615853011608,6.19137124158442,-8.116420156401514,-6.471175544974326,0.5934462408678354,0.6880346635812394,2.6251958683133125,1.7523359507322311,1.1569260619580746,0.656913360580802
1468,5.350143724390533,7.935720216482878,5.076924571767449,-2.5855764920923443,0.27321915262308405,0.5934600527080709,0.688033204077219,2.1440524607896805,1.4372718520462513,0.9514984674751759,0.5441017914563417
1469,34.92716844119055,9.65465409681201,7.914611790329218,25.272514344378543,27.012556650861335,0.5933250499605047,0.6878889062318618,3.357040509581566,2.2539522498846054,1.4774986542761326,0.8261203765869141
1470,74.60484681752247,13.583657145500183,17.38765388727188,61.02118967202229,57.21719293025059,0.5929990820669576,0.6875832588337302,7.358717173337936,4.9699027091264725,3.2856423407793045,1.7733916640281677
1471,83.70936069952502,17.900757491588593,26.80316288024187,65.80860320793643,56.90619781928315,0.5926475403831546,0.6872792727342681,11.432725936174393,7.6494574546813965,5.064322426915169,2.656657062470913
1472,51.89365604676506,19.74955592304468,28.805808164179325,32.14410012372038,23.087847882585734,0.5924758304465962,0.6871559402135279,12.43724375963211,8.205721527338028,5.37976361811161,2.783079259097576
1473,-4.405064613817652,16.812835820019245,23.620763048529625,-21.217900433836896,-28.025827662347275,0.5925891739318198,0.6873056508313823,10.257049649953842,6.747300922870636,4.350448399782181,2.265964075922966
1474,-8.51783519700297,13.654648326337337,19.36902590095997,-22.172483523340308,-27.88686109796294,0.5927076166856837,0.6874546191064782,8.448801189661026,5.518729984760284,3.5493217408657074,1.8521729856729507
1475,-3.1640930366189792,11.351543664932251,15.88260093703866,-14.51563670155123,-19.04669397365764,0.5927851574800296,0.687556364266594,6.9370172917842865,4.5236025005578995,2.9050609096884727,1.5169202350080013
1476,-3.1287132816133316,9.664134681224823,13.023732788860798,-12.792847962838154,-16.15244607047413,0.592853495343079,0.6876426487007311,5.664268136024475,3.707781434059143,2.3864857852458954,1.2651974335312843
1477,-11.982371229415106,8.134762477129698,10.679460875689983,-20.117133706544806,-22.66183210510509,0.592960958664161,0.6877637054961644,4.605057463049889,3.0296556651592255,1.9684657454490662,1.0762820020318031
1478,-34.76945154758217,6.666038604453206,8.757157996296883,-41.43549015203538,-43.526609543879054,0.5931823020944603,0.6879962194360355,3.7071969360113144,2.461414784193039,1.645120233297348,0.9434260427951813
1479,-35.89696437031669,6.012054858729243,7.180869486182928,-41.90901922904593,-43.077833856499616,0.5934061750604275,0.6882263360698844,3.022356703877449,2.0119523629546165,1.3549772091209888,0.7915832102298737
1480,-24.109639341462774,5.993359722197056,5.888313055038452,-30.10299906365983,-29.997952396501226,0.5935669816793573,0.6883865815420879,2.4724068120121956,1.6535835340619087,1.111617498099804,0.6507052108645439
1481,-15.532263842383193,6.202625436708331,4.828416556119919,-21.734889279091526,-20.360680398503114,0.5936830868571302,0.6884953458604559,2.021484635770321,1.357601210474968,0.9131612256169319,0.5361694842576981
1482,-6.276935656943642,6.594649748876691,3.95930171944201,-12.871585405820333,-10.236237376385652,0.5937518453261784,0.6885500266156717,1.654982939362526,1.1151398532092571,0.7492644246667624,0.4399145022034645
1483,-0.8484794284524616,7.012563617900014,3.2466273987665772,-7.861043046352475,-4.0951068272190385,0.5937938380774944,0.6885719021863299,1.3541558757424355,0.9150584228336811,0.6152657326310873,0.3621473675593734
1484,-3.8491485238764604,7.092229789122939,2.662234427407384,-10.9413783129994,-6.511382951283844,0.5938522856112177,0.6886066852149159,1.1050828732550144,0.7489881943911314,0.5066584330052137,0.30150492675602436
1485,-3.1361007834626955,7.165246503427625,2.183032245375216,-10.30134728689032,-5.3191330288379115,0.5939073141757845,0.6886350993870785,0.9036623872816563,0.6138768047094345,0.4163871519267559,0.24910590145736933
1486,0.0,7.343843579292297,1.7900864593684673,-7.343843579292297,-1.7900864593684673,0.5939465441094345,0.688644661814746,0.7401142735034227,0.5035994108766317,0.34169594291597605,0.2046768320724368
1487,0.0,7.438546139746904,1.4678708743304014,-7.438546139746904,-1.4678708743304014,0.5939862799328306,0.688652503005314,0.6056171841919422,0.4127532709389925,0.2806730102747679,0.16882740892469883
1488,0.0,7.489963807165623,1.2036541244015098,-7.489963807165623,-1.2036541244015098,0.5940262904232535,0.6886589327816196,0.49573606811463833,0.33832304179668427,0.23048014845699072,0.13911486603319645
1489,0.0,7.518700882792473,0.986996351275593,-7.518700882792473,-0.986996351275593,0.5940664544236958,0.688664205198026,0.4059792961925268,0.2773274900391698,0.1891463529318571,0.11454321211203933
1490,0.0,7.53546254709363,0.8093370182905346,-7.53546254709363,-0.8093370182905346,0.5941067079629431,0.6886685285795339,0.3325510770082474,0.22734231315553188,0.15520023880526423,0.09424338932149112
1491,0.0,7.545880135148764,0.6636563630308956,-7.545880135148764,-0.6636563630308956,0.5941470171516992,0.6886720737524133,0.2724540187045932,0.1863760524429381,0.1273319940082729,0.07749429787509143
1492,0.0,7.5529252178967,0.5441982124466449,-7.5529252178967,-0.5441982124466449,0.5941873639744444,0.6886749807941465,0.22325192112475634,0.15279819490388036,0.10445801308378577,0.06369008333422244
1493,0.0,7.558170240372419,0.446242542238906,-7.558170240372419,-0.446242542238906,0.594227738815472,0.6886773645684106,0.18295859917998314,0.12527420185506344,0.08568644407205284,0.05232329713180661
1494,0.0,7.562461122870445,0.36591887183021754,-7.562461122870445,-0.36591887183021754,0.5942681365778805,0.6886793192632387,0.14995356323197484,0.10271106148138642,0.07028366671875119,0.042970580398105085
1495,0.0,7.566245831549168,0.30005348089616746,-7.566245831549168,-0.30005348089616746,0.5943085545577499,0.6886809221130298,0.1229132991284132,0.0842137960717082,0.05764661473222077,0.035279770963825285
1496,0.0,7.569764740765095,0.24604385544080287,-7.569764740765095,-0.24604385544080287,0.5943489913352112,0.6886822364498644,0.10075633181259036,0.06904907641001046,0.047279635327868164,0.02895881189033389
1497,0.0,7.573133148252964,0.2017559585510753,-7.573133148252964,-0.2017559585510753,0.5943894461063023,0.6886833142060532,0.08259844616986811,0.056616030633449554,0.038775624125264585,0.02376585762249306
1498,6.122518173538059,7.870950642973185,0.16543988604098558,-1.7484324694351256,5.957078287497073,0.5943987860233398,0.6886514922066542,0.06790680345147848,0.04651723720598966,0.03171857679262757,0.01929726859088987
1499,31.859820093340485,9.488501027226448,3.31726495642215,22.371319066114037,28.542555136918335,0.5942792811137987,0.6884990212924613,1.376206148415804,0.9394070133566856,0.6303300615400076,0.371321733109653
1500,81.50390052506815,14.046751521527767,14.842087216675282,67.45714900354038,66.66181330839287,0.5939189330956174,0.6881429218623951,6.212034448981285,4.2387209832668304,2.824467420578003,1.566864363849163
1501,95.56006911063055,19.2232858389616,26.832808367908,76.33678327166895,68.72726074272255,0.5935111511336961,0.6877757890592823,11.398784071207047,7.658152282238007,5.088933929800987,2.6869380846619606
1502,106.2615771873783,24.82028491795063,38.60204368829727,81.44129226942766,67.65953349908102,0.5930761014955047,0.6874143599273428,16.493456065654755,10.977493226528168,7.287945598363876,3.843148797750473
1503,109.94156221701975,30.83806987851858,48.925623670220375,79.10349233850117,61.015938546799376,0.5926535401048076,0.6870884200846783,21.09118103981018,13.96157294511795,9.09174382686615,4.781125858426094
1504,105.87175279506533,35.66727191209793,56.66778050363064,70.2044808829674,49.203972291434695,0.592278516168467,0.6868255783523523,24.550145864486694,16.17003232240677,10.461894422769547,5.4857078939676285
1505,74.45157403057279,37.74670735001564,57.368286699056625,36.704866680557146,17.08328733151616,0.5920824431626949,0.6867343214755813,24.997583031654358,16.389082372188568,10.52236258983612,5.459258705377579
1506,-4.879281531939349,34.326665475964546,47.0419954508543,-39.205947007903895,-51.92127698279365,0.5922918766403011,0.687011678724421,20.53522616624832,13.535496592521667,8.552374690771103,4.4188980013132095
1507,-38.379156432177055,28.998637571930885,38.57443556189537,-67.37779400410794,-76.95359199407243,0.5926518007535709,0.6874227556047312,16.84316396713257,11.106285452842712,6.993137300014496,3.631848841905594
1508,-78.62740862611805,21.73031661659479,31.63103759288788,-100.35772524271285,-110.25844621900593,0.5931878997132009,0.6880117430311148,13.81281167268753,9.04313176870346,5.720532685518265,3.0545614659786224
1509,-71.63271449382475,14.799827989190817,25.937451049685478,-86.43254248301557,-97.57016554351023,0.5936496120127897,0.6885329511803857,11.318481713533401,7.389368861913681,4.697955772280693,2.5316447019577026
1510,-31.268355351226166,10.687599889934063,21.268709748983383,-41.955955241160225,-52.537065100209546,0.5938737357053172,0.6888135978956647,9.301862865686417,6.05587400496006,3.8716740906238556,2.039298787713051
1511,14.945704946186666,10.378007777035236,17.572736367583275,4.56769716915143,-2.627031421396609,0.5938493356136016,0.6888276311831721,7.63583704829216,5.0139062106609344,3.2439440488815308,1.6790490597486496
1512,88.93646390172712,15.481760539114475,27.85997111350298,73.45470336261265,61.076492788224144,0.5934569493776902,0.6885013678669958,11.878065019845963,7.944522798061371,5.270036682486534,2.767346613109112
1513,109.5050355023879,21.481058560311794,40.00724330544472,88.0239769420761,69.49779219694318,0.5929867358256492,0.6881301189770549,17.099669575691223,11.380919069051743,7.546700537204742,3.9799541234970093
1514,119.11040314011524,28.13405767083168,51.707663759589195,90.97634546928356,67.40273938052604,0.5925007510742107,0.6877700616085691,22.28020578622818,14.749482274055481,9.60993841290474,5.068037286400795
1515,122.66287035335517,34.611356630921364,61.95182539522648,88.05151372243381,60.711044958128696,0.5920303904239841,0.6874457504709723,26.77592933177948,17.657218873500824,11.475655436515808,6.0430217534303665
1516,117.93779415473273,39.79504518210888,69.51086223125458,78.14274897262385,48.42693192347815,0.5916129612093868,0.6871870595953128,30.0409734249115,19.76163685321808,12.916912138462067,6.791339814662933
1517,100.84010083427191,43.25419217348099,72.63913601636887,57.58590866079092,28.200964817903042,0.5913053441759424,0.68703641341573,31.408846378326416,20.627735555171967,13.521528244018555,7.081025838851929
1518,74.01430305686871,44.7901364415884,70.38001865148544,29.22416661528031,3.6342844053832692,0.5911492321747924,0.6870169995033081,30.521270632743835,19.997787475585938,13.0658820271492,6.79507851600647
1519,53.24186965763015,44.94200088083744,64.78906236588955,8.299868776792707,-11.547192708259402,0.5911048952689335,0.6870786832250403,28.137889504432678,18.45709979534149,11.979091167449951,6.214981898665428
1520,55.367405515366016,45.225732773542404,60.58529652655125,10.141672741823612,-5.21789101118523,0.5910507196666802,0.687106556574459,26.378098130226135,17.295461893081665,11.14252358675003,5.769212916493416
1521,66.4348357126157,46.18746228516102,59.12954434752464,20.247373427454676,7.305291365091051,0.5909425606205934,0.687067532582124,25.781378149986267,16.887924075126648,10.846970230340958,5.61327189207077
1522,55.966123516978435,46.4453537017107,56.05258643627167,9.520769815267734,-0.08646291929323269,0.5908917018074776,0.687067994456693,24.45635348558426,16.029390692710876,10.261225700378418,5.305616557598114
1523,45.5342269614583,46.021876856684685,51.65172293782234,-0.487649895226383,-6.11749597636404,0.5908943067748667,0.6871006733881907,22.555994987487793,14.800107479095459,9.426569193601608,4.869051277637482
1524,47.3321183773163,45.73915936052799,48.365696892142296,1.5929590167883063,-1.0335785148259973,0.5908857973784094,0.6871061946409408,21.12223505973816,13.887310028076172,8.805791288614273,4.550360515713692
1525,18.66105657976973,43.599458038806915,40.51020257174969,-24.938401459037184,-21.849145991979956,0.5910190153349214,0.6872229101644023,17.679347097873688,11.670754104852676,7.358742505311966,3.801358863711357
1526,4.325525680996446,40.56661054491997,33.21836516261101,-36.24108486392352,-28.892839481614562,0.5912126108737245,0.6873772522556503,14.494027197360992,9.539695084095001,6.059530004858971,3.1251128762960434
1527,-11.970648690682484,36.52477189898491,27.239060029387474,-48.49542058966739,-39.209708720069955,0.5914716676076436,0.6875867058278728,11.83636337518692,7.790179550647736,5.009328201413155,2.6031889021396637
1528,-69.42264658361461,29.709099419414997,22.336028888821602,-99.1317460030296,-91.75867547243621,0.5920012175328735,0.688076869692576,9.736891835927963,6.309132277965546,4.0729764848947525,2.2170282900333405
1529,-120.0,20.27659546583891,18.31554416567087,-140.2765954658389,-138.31554416567087,0.5927505583206184,0.6888157347789311,7.8727200627326965,5.106888711452484,3.3906202763319016,1.9453151151537895
1530,-120.0,11.910018976777792,15.018745698034763,-131.9100189767778,-135.01874569803476,0.5934552058578875,0.6895369887623608,6.395778805017471,4.172495752573013,2.8171315789222717,1.633339561522007
1531,-76.13367753089636,7.592019531875849,12.315371725708246,-83.72569706277221,-88.44904925660461,0.5939024585131373,0.6900094729998426,5.2209485322237015,3.4492865204811096,2.3192813619971275,1.3258553110063076
1532,-24.77040917303887,6.736788433045149,10.098604764789343,-31.50719760608402,-34.869013937828214,0.594070766192657,0.6901957390999378,4.321786016225815,2.851467579603195,1.8768882378935814,1.0484629310667515
1533,-3.8285628824066955,7.019766420125961,8.280855882912874,-10.848329302532656,-12.10941876531957,0.5941287166697005,0.6902604261659918,3.543221950531006,2.34807301312685,1.535427663475275,0.8541332557797432
1534,-0.308849300834469,7.317717839032412,6.790301902219653,-7.62656713986688,-7.099151203054122,0.594169456878781,0.6902983489822474,2.8887471184134483,1.923561841249466,1.2652978301048279,0.712695112451911
1535,0.0,7.488308381289244,5.568047659471631,-7.488308381289244,-5.568047659471631,0.594209458526117,0.6903280928265821,2.35470999032259,1.5748484060168266,1.0430277325212955,0.595461530610919
1536,0.0,7.580223493278027,4.5657990500330925,-7.580223493278027,-4.5657990500330925,0.5942499511729827,0.6903524827787725,1.920577511191368,1.2895917519927025,0.8592787198722363,0.49635106697678566
1537,0.0,7.630912773311138,3.743955260142684,-7.630912773311138,-3.743955260142684,0.5942907145959171,0.6903724825397776,1.5675920993089676,1.0562490671873093,0.7074178196489811,0.41269627399742603
1538,0.0,7.659691572189331,3.070043190382421,-7.659691572189331,-3.070043190382421,0.5943316317517514,0.690388882343145,1.2803331948816776,0.8652947843074799,0.5820359569042921,0.3423792542889714
1539,0.0,7.676736731082201,2.51743549015373,-7.676736731082201,-2.51743549015373,0.5943726399607849,0.6904023301823018,1.0463437996804714,0.7089769002050161,0.47861700877547264,0.2834977814927697
1540,0.0,7.687472365796566,2.0642970921471715,-7.687472365796566,-2.0642970921471715,0.5944137055182945,0.6904133574103581,0.8555722422897816,0.5809771362692118,0.3933898638933897,0.23435784969478846
1541,0.0,7.69480736926198,1.6927236225456,-7.69480736926198,-1.6927236225456,0.594454810258515,0.6904223997374016,0.6999051664024591,0.47614043578505516,0.3232105867937207,0.1934674335643649
1542,0.0,7.700307015329599,1.3880333746783435,-7.700307015329599,-1.3880333746783435,0.5944959443771867,0.6904298144455997,0.5727874580770731,0.39025829173624516,0.26546202134341,0.15952560352161527
1543,0.8149443020362245,7.742946781218052,1.1381873628124595,-6.928002479181828,-0.323243060776235,0.5945329529374387,0.6904315411713517,0.4691213835030794,0.31997349578887224,0.21785390563309193,0.13123857788741589
1544,2.9250019879380593,7.867450080811977,0.9333136258646846,-4.942448092873918,1.9916883620733747,0.5945593549037468,0.6904209018104432,0.3845733357593417,0.26247298810631037,0.1786168897524476,0.10765041224658489
1545,7.4172107577618265,8.172727935016155,0.7653171720448881,-0.7555171772543288,6.651893585716938,0.5945633907861039,0.6903853681908614,0.31565071549266577,0.2154844580218196,0.14628757489845157,0.08789442363195121
1546,31.049682707641292,9.714369475841522,3.613405115902424,21.33531323179977,27.436277591738868,0.5944494200957631,0.6902388068789397,1.5033460222184658,1.0238148272037506,0.6854469887912273,0.4007972776889801
1547,82.5297703012815,14.474221412092447,15.219472721219063,68.05554888918905,67.31029758006244,0.594085875496996,0.6898792433234906,6.376715749502182,4.344172403216362,2.898871898651123,1.5997126698493958
1548,111.29748096613277,20.841043442487717,29.924993589520454,90.45643752364505,81.37248737661231,0.5936026680315919,0.6894445612328036,12.69342303276062,8.522138744592667,5.693092569708824,3.0163392424583435
1549,133.9353557866287,28.73994279652834,46.0708562284708,105.19541299010035,87.86449955815789,0.5930407267228841,0.6889751995898648,19.67092901468277,13.094036281108856,8.699815720319748,4.606075212359428
1550,175.4218874157553,39.1158752143383,66.79155379533768,136.306012201417,108.63033362041762,0.5923125963158252,0.688394909346166,28.645002841949463,18.965715169906616,12.530176341533661,6.650659441947937
1551,213.44431672755846,50.40794126689434,90.64327627420425,163.03637546066412,122.8010404533542,0.5914416755067404,0.6877389208822058,38.55598568916321,25.63060224056244,17.22428947687149,9.232398867607117
1552,246.2951211526157,61.12658344209194,116.13372713327408,185.16853771052376,130.16139401934163,0.5904525273352098,0.6870436142902221,48.65809082984924,32.79211223125458,22.47069627046585,12.212827801704407
1553,236.2048433095379,68.97192969918251,135.23967415094376,167.23291361035538,100.96516915859414,0.5895591891214793,0.6865042704378792,55.99539875984192,38.23205530643463,26.458042860031128,14.554177224636078
1554,166.8222559827089,72.96722829341888,138.43321651220322,93.85502768929001,28.38903947050568,0.5890578267940793,0.6863526195860068,56.98577165603638,39.12136256694794,27.23124325275421,15.094839036464691
1555,93.43742842658392,73.54895919561386,127.84701734781265,19.88846923097006,-34.40958892122873,0.5889515849712642,0.6865364314926373,52.50545144081116,36.137655377388,25.225359201431274,13.97855132818222
1556,43.26167284332826,71.919184923172,110.12940555810928,-28.657512079843734,-66.86773271478103,0.5891046699716908,0.6868936309195325,45.55503726005554,31.153559684753418,21.648043394088745,11.772765219211578
1557,8.835081911702055,68.6997264623642,90.30611366033554,-59.86464455066214,-81.4710317486335,0.5894244597395896,0.6873288394224633,37.988290190696716,25.58983564376831,17.43301749229431,9.294970333576202
1558,-29.484041921915914,63.47005106508732,74.05101209878922,-92.95409298700324,-103.53505402070513,0.5899210093816142,0.687881911292232,31.68284296989441,21.121111512184143,13.931897282600403,7.31516033411026
1559,-66.49829348510339,56.60045929253101,60.721830278635025,-123.0987527776344,-127.22012376373841,0.590578588189187,0.6885615059704571,26.205691695213318,17.420677840709686,11.224664002656937,5.870796740055084
1560,-102.73038710065168,48.09800647199154,49.79190155863762,-150.82839357264322,-152.5222886592893,0.5913842954198101,0.6893762617859447,21.532928943634033,14.356224238872528,9.089159965515137,4.813588410615921
1561,-119.94957652719854,38.951876014471054,40.829359367489815,-158.90145254166958,-160.77893589468835,0.5922331279654387,0.690235123622989,17.708690464496613,11.762239784002304,7.375451922416687,3.982977196574211
1562,-101.0989500839706,30.831185914576054,33.480074629187584,-131.93013599854666,-134.5790247131582,0.5929378829654309,0.6909540286695336,14.56964761018753,9.596449881792068,6.045939028263092,3.268038108944893
1563,-86.02742613880142,23.315606266260147,27.45366133749485,-109.34303240506156,-113.48108747629627,0.5935219803607571,0.6915602310598984,11.954779922962189,7.847150415182114,4.958919063210487,2.6928119361400604
1564,-57.91096659229232,17.03622303903103,22.512001544237137,-74.94718963132334,-80.42296813652945,0.5939223392797278,0.6919898409324226,9.8182313144207,6.376495212316513,4.1050974279642105,2.212177589535713
1565,-32.87091049449655,12.434013653546572,18.45984160900116,-45.30492414804312,-51.33075210349771,0.5941643527634246,0.6922640436680182,8.078262209892273,5.209777876734734,3.3772017806768417,1.7945997416973114
1566,-14.06099590376204,9.940298460423946,15.137070138007402,-24.001294364185988,-29.198066041769444,0.5942925648059684,0.6924200162430276,6.6107019782066345,4.287166893482208,2.7728624641895294,1.4663388021290302
1567,-6.388176220004463,8.719394728541374,12.41239719092846,-15.107570948545838,-18.800573410932923,0.594373267642232,0.6925204466565476,5.385928601026535,3.5270854830741882,2.279602363705635,1.2197807431221008
1568,-3.9719432718230947,8.117973245680332,10.178166162222624,-12.089916517503427,-14.150109434045719,0.5944378505296118,0.6925960348479687,4.389018937945366,2.8933973982930183,1.8739482387900352,1.0218015871942043
1569,0.0,7.975102216005325,8.346096239984035,-7.975102216005325,-8.346096239984035,0.5944804525713641,0.6926406186954045,3.576502576470375,2.3694679141044617,1.5451464802026749,0.8549792692065239
1570,0.0,7.897106930613518,6.843798840418458,-7.897106930613518,-6.843798840418458,0.5945226379716344,0.6926771774498939,2.913348190486431,1.939057745039463,1.2746958062052727,0.7166970986872911
1571,0.0,7.855769991874695,5.611915001645684,-7.855769991874695,-5.611915001645684,0.5945646025549244,0.6927071556283215,2.374611794948578,1.5873758122324944,1.050872541964054,0.5990548525005579
1572,0.0,7.834925688803196,4.601770266890526,-7.834925688803196,-4.601770266890526,0.5946064557904415,0.6927317377344481,1.9368531182408333,1.29984300583601,0.8657330647110939,0.49934107810258865
1573,0.0,7.8254519030451775,3.7734515499323606,-7.8254519030451775,-3.7734515499323606,0.5946482584181286,0.6927518950611037,1.5809018164873123,1.064640749245882,0.7127277087420225,0.4151812754571438
1574,0.0,7.822274602949619,3.0942303128540516,-7.822274602949619,-3.0942303128540516,0.5946900440730589,0.6927684240691852,1.2912195175886154,0.8721665479242802,0.5864030215889215,0.34444122575223446
1575,0.0,7.822578866034746,2.5372688891366124,-7.822578866034746,-2.5372688891366124,0.5947318313533262,0.692781977855986,1.0552494786679745,0.7146054413169622,0.4822075832635164,0.2852063858881593
1576,0.0,7.8247991390526295,2.0805605221539736,-7.8247991390526295,-2.0805605221539736,0.5947736304940262,0.6927930919613394,0.8629210293292999,0.5855750758200884,0.3963316325098276,0.23573278449475765
1577,0.0,7.828089687973261,1.7060596379451454,-7.828089687973261,-1.7060596379451454,0.5948154472124448,0.6928022055277815,0.705982418730855,0.47989501617848873,0.3256177995353937,0.19456440350040793
1578,14.44829806809153,8.589655626565218,1.398968871217221,5.858642441526312,13.049329196874309,0.5947841510455564,0.69273249757267,0.5810996517539024,0.3951598424464464,0.2658778103068471,0.15683156671002507
1579,106.1018354213823,15.534863620996475,17.574787884950638,90.56697180038583,88.52704753643167,0.5943003531192723,0.6922595966777104,7.320030033588409,5.010088533163071,3.3763453364372253,1.8683239817619324
1580,168.72569985652123,26.011485420167446,42.124875634908676,142.71421443635379,126.60082422161256,0.5935379908626679,0.6915833102235351,17.802026867866516,11.921800673007965,8.086296170949936,4.314751923084259
1581,169.2954564122199,36.59978732466698,62.37798072397709,132.69566908755291,106.9174756882428,0.5928291464765164,0.6910121698619527,26.73494815826416,17.723369598388672,11.707636713981628,6.2120262533426285
1582,184.79083271472604,46.35736234486103,81.79114013910294,138.433470369865,102.9996925756231,0.5920896514424894,0.6904619578289632,35.0032776594162,23.1625035405159,15.41593074798584,8.209428191184998
1583,189.0414477162622,54.99345771968365,98.49089160561562,134.04798999657856,90.5505561106466,0.5913735831198581,0.6899782475933295,41.785603761672974,27.836161851882935,18.782509863376617,10.08661612868309
1584,188.45689300369085,62.3053852468729,112.09339872002602,126.15150775681795,76.36349428366483,0.5906996968604734,0.6895703229443783,47.083693742752075,31.68008327484131,21.61039561033249,11.719226092100143
1585,206.54221047832795,68.84069666266441,126.51456296443939,137.70151381566353,80.02764751388855,0.5899641118507744,0.6891428248273169,52.58713364601135,35.76154708862305,24.658814072608948,13.507068157196045
1586,211.81397331092225,74.04912039637566,139.30113911628723,137.7648529145466,72.51283419463502,0.5892281884911881,0.6887554699437985,57.47067928314209,39.38828706741333,27.343156933784485,15.099015831947327
1587,178.52938936011597,77.23173424601555,143.80606710910797,101.29765511410042,34.723322251008,0.5886870685386555,0.6885699821112611,59.03900861740112,40.65214991569519,28.34973633289337,15.765172243118286
1588,152.12888454442157,79.15921732783318,142.75336414575577,72.96966721658839,9.375520398665799,0.5882972733077977,0.6885198992031486,58.46889615058899,40.37134647369385,28.18252742290497,15.730594098567963
1589,157.9735812751536,80.76896965503693,142.9436296224594,77.20461162011668,15.029951652694194,0.5878848555106817,0.6884396109998756,58.57970118522644,40.42191803455353,28.211823105812073,15.73018729686737
1590,112.5590558054008,80.90174347162247,134.92734730243683,31.657312333778336,-22.368291497036026,0.5877157459362491,0.6885590997365051,55.27759790420532,38.14869821071625,26.653239130973816,14.847812056541443
1591,48.64870104572087,78.66068556904793,116.84668511152267,-30.011984523327058,-68.1979840658018,0.5878760663663951,0.6889234052069421,47.99371659755707,33.04698169231415,23.11081886291504,12.69516795873642
1592,69.1604364893299,77.53418684005737,105.70216551423073,-8.373750350727477,-36.54172902490083,0.5879207979387815,0.6891186067508785,44.20856833457947,29.878264665603638,20.555363595485687,11.059968918561935
1593,55.27248743381566,75.97695663571358,94.05820891261101,-20.704469201897915,-38.785721478795345,0.5880313987358001,0.6893257954339918,39.74317014217377,26.621150970458984,18.081973493099213,9.611914306879044
1594,35.23471933738886,73.7229198217392,80.8973953127861,-38.48820048435034,-45.66267597539724,0.5882369980973619,0.6895697199851424,34.54754948616028,22.951704263687134,15.332192182540894,8.065949380397797
1595,15.19695124096206,70.67738845944405,66.49170815944672,-55.48043721848199,-51.29475691848466,0.5885333679542982,0.6898437304387668,28.686615824699402,18.960590660572052,12.393400073051453,6.45110160112381
1596,14.642785524849431,67.7555687725544,54.571403190493584,-53.11278324770497,-39.928617665644154,0.5888170900870316,0.6900570243365534,23.735491931438446,15.622039139270782,10.027499496936798,5.186372622847557
1597,19.59893561252937,65.21808579564095,45.682717487215996,-45.61915018311157,-26.083781874686625,0.5890607821286081,0.6901963607781917,19.918563961982727,13.15542757511139,8.308041840791702,4.300684109330177
1598,-0.25398960240042745,61.70077510178089,37.459828704595566,-61.95476470418132,-37.713818306996,0.5893917370682672,0.6903978234828231,16.343924403190613,10.796117782592773,6.802660226821899,3.51712629199028
1599,13.703217063673485,59.04683284461498,30.71705847978592,-45.3436157809415,-17.013841416112435,0.5896339572380371,0.6904887093878237,13.370649516582489,8.8143490254879,5.62676303088665,2.9052969068288803
1600,-22.102469395145434,54.24286983907223,25.187988206744194,-76.34533923421766,-47.29045760188963,0.5900417849048866,0.6907413293536457,10.943581908941269,7.2013892233371735,4.62019257247448,2.422824501991272
1601,-56.353728236948534,47.727374359965324,20.654150284826756,-104.08110259691387,-77.0078785217753,0.5905977737008102,0.6911526962260911,9.00382399559021,5.812331289052963,3.787599503993988,2.0503954961895943
1602,-52.32626180080266,41.364261880517006,16.936402954161167,-93.69052368131966,-69.26266475496382,0.591098257267484,0.6915226890933719,7.335728406906128,4.758621007204056,3.1252164393663406,1.7168371006846428
1603,-75.7668896399064,34.003010392189026,13.887850381433964,-109.76990003209542,-89.65474002134036,0.5916846349385956,0.6920016139866483,5.923992767930031,3.890780359506607,2.5979220867156982,1.4751551672816277
1604,-120.0,24.715010076761246,11.388037353754044,-144.71501007676125,-131.38803735375404,0.5924576852060996,0.6927034731605466,4.801812395453453,3.1582634896039963,2.154341898858547,1.273619569838047
1605,-61.09175546465518,18.39830558747053,9.338190872222185,-79.49006105212571,-70.42994633687736,0.5928823116006089,0.6930797015063632,3.934585303068161,2.6161441579461098,1.7648600041866302,1.022601407021284
1606,53.11185160594919,20.695989578962326,14.536754041910172,32.415862026986865,38.57509756403902,0.5927091499444819,0.6928736379509998,6.206996366381645,4.149575904011726,2.7262600138783455,1.4539217576384544
1607,108.1256062945786,26.83061007410288,28.707985766232014,81.29499622047572,79.41762052834659,0.5922748818022785,0.6924493985251005,12.179748713970184,8.176423609256744,5.465398356318474,2.886415086686611
1608,133.50942034062587,34.61286276578903,44.909702241420746,98.89655757483683,88.59971809920512,0.5917465882254899,0.6919761094326902,19.14549469947815,12.767766416072845,8.498837798833847,4.497603327035904
1609,157.7461398610296,42.79192015528679,62.57134899497032,114.95421970574282,95.17479086605928,0.5911325165390275,0.6914676970883202,26.868242025375366,17.803296446800232,11.702065914869308,6.197744607925415
1610,152.69314992155813,49.63971450924873,76.1590026319027,103.0534354123094,76.53414728965544,0.5905820174182352,0.6910588608314311,32.70930349826813,21.631917357444763,14.259828627109528,7.5579531490802765
1611,159.45141723756845,56.183239445090294,88.52914348244667,103.26817779247816,70.92227375512178,0.5900303711693438,0.6906800025314571,37.80592679977417,25.057309865951538,16.751670837402344,8.914235979318619
1612,147.57242397994216,61.33834086358547,96.54534831643105,86.23408311635669,51.02707566351111,0.5895697190159445,0.6904074219990666,40.98992645740509,27.299141883850098,18.411988019943237,9.84429195523262
1613,100.04127121822779,63.4331401437521,94.57088187336922,36.60813107447569,5.4703893448585745,0.5893741627602047,0.6903781998337628,40.122368931770325,26.747289299964905,18.082867562770844,9.618356078863144
1614,107.80182554762064,65.71097001433372,94.34956014156342,42.09085553328691,13.452265406057222,0.5891493184464586,0.6903063394416364,40.0543212890625,26.68396532535553,18.023329973220825,9.58794355392456
1615,91.50944424660656,66.93346127867699,91.23751744627953,24.575982967929576,0.2719268003270372,0.5890180364861598,0.6903048868412074,38.81610333919525,25.817972421646118,17.39029288291931,9.213148802518845
1616,53.5648821810808,66.17414131760597,81.85566067695618,-12.609259136525175,-28.29077849587538,0.5890853936396668,0.690456012794711,35.01737117767334,23.20820391178131,15.488007664680481,8.142077922821045
1617,48.64870104572087,65.20762369036674,73.27327504754066,-16.558922644645875,-24.624574001819795,0.589173849423025,0.6905875543224985,31.56762421131134,20.821118354797363,13.721606135368347,7.162926346063614
1618,69.1604364893299,65.335863083601,69.92404013872147,3.8245734057288985,-0.7636036493915697,0.5891534190095329,0.6905916334018222,30.278390645980835,19.88689750432968,12.997986376285553,6.760765612125397
1619,35.23471933738886,63.71762678027153,61.07092536985874,-28.48290744288267,-25.83620603246988,0.5893055712928816,0.6907296473229357,26.50316059589386,17.443084716796875,11.278171092271805,5.846508964896202
1620,34.46738587556956,62.13615536689758,53.66927534341812,-27.66876949132802,-19.20188946784856,0.5894533745487114,0.690832221518811,23.368272185325623,15.383724868297577,9.829982370138168,5.0872959196567535
1621,75.31025553024207,62.822648510336876,54.94868420064449,12.487607019905198,20.36157132959758,0.5893866672462547,0.6907234524411956,23.885321617126465,15.76119214296341,10.065902024507523,5.236268416047096
1622,76.51665335222489,63.52422088384628,56.21808283030987,12.99243246837861,20.298570521915025,0.5893172632266587,0.6906150199063563,24.43365603685379,16.11497551202774,10.30815839767456,5.3612928837537766
1623,98.20001904429697,65.31130746006966,61.16511896252632,32.88871158422731,37.034900081770644,0.5891415756647771,0.690417183901646,26.488637924194336,17.489950358867645,11.282636225223541,5.903894454240799
1624,101.10401324490596,67.05729067325592,65.75010418891907,34.04672257165004,35.35390905598689,0.5889597021467662,0.6902283275498512,28.442785143852234,18.76315027475357,12.171395123004913,6.37277364730835
1625,76.19633989137083,67.3981137573719,65.03184959292412,8.798226133998924,11.164490298446708,0.5889127030755376,0.6901686881785988,28.21560502052307,18.550752103328705,12.018467485904694,6.247024983167648
1626,98.3726443874908,68.78025978803635,68.4363342821598,29.592384599454448,29.93631010533099,0.5887546240979764,0.6900087719921387,29.589128494262695,19.49523836374283,12.702392041683197,6.649575382471085
1627,63.31329056697899,68.36462765932083,64.92193564772606,-5.051337092341839,-1.608645080747067,0.5887816077362902,0.6900173651816727,28.169801831245422,18.51816028356552,12.003999203443527,6.229974329471588
1628,62.23059871734629,67.92612373828888,61.84499450027943,-5.69552502094259,0.385604217066863,0.5888120325494363,0.6900153053300858,26.869496703147888,17.668336629867554,11.397241801023483,5.909919366240501
1629,86.31274661132818,68.67125555872917,63.656747341156006,17.641491052599008,22.655999270172174,0.588717793815181,0.6898942796929588,27.595898509025574,18.18303018808365,11.751685291528702,6.126133352518082
1630,20.603788997247296,66.11093059182167,53.31826023757458,-45.50714159457438,-32.714471240327285,0.5889608875202802,0.6900690364837725,23.196540772914886,15.27879536151886,9.780032187700272,5.062891915440559
1631,-120.0,56.60191811621189,43.720973655581474,-176.6019181162119,-163.72097365558147,0.5899042738350035,0.6909436143344968,18.92188936471939,12.61226236820221,7.924501597881317,4.262320324778557
1632,-120.0,47.22100682556629,35.85119806230068,-167.2210068255663,-155.85119806230068,0.5907975484441145,0.6917761527856843,15.541398525238037,10.317964851856232,6.464964896440506,3.5268697887659073
1633,-120.0,37.98718489706516,29.39798254519701,-157.98718489706516,-149.397982545197,0.5916414970813851,0.6925742189317591,12.715418636798859,8.434662967920303,5.301469191908836,2.9464317485690117
1634,-120.0,28.991456143558025,24.106345511972904,-148.99145614355803,-144.1063455119729,0.5924373916120665,0.6933440177859898,10.422466695308685,6.834619492292404,4.379681870341301,2.4695774540305138
1635,-66.97038052613456,22.474049776792526,19.767203368246555,-89.44443030292709,-86.73758389438112,0.5929151930559924,0.6938073595802974,8.59956219792366,5.545059964060783,3.6322277039289474,1.9903535023331642
1636,-12.765073349329803,19.315802678465843,16.209107264876366,-32.08087602779565,-28.97418061420617,0.5930865652569955,0.6939621361861424,7.078864425420761,4.588404670357704,2.9744908213615417,1.5673473477363586
1637,-0.5198853690840691,16.986807994544506,13.291467726230621,-17.506693363628575,-13.81135309531469,0.593180083918126,0.6940359147817371,5.78000582754612,3.772479295730591,2.4469884112477303,1.2919941917061806
1638,1.4011556027295582,14.853268302977085,10.89900340884924,-13.452112700247527,-9.497847806119681,0.5932519434945163,0.6940866511482228,4.710084572434425,3.097144700586796,2.012393996119499,1.079380139708519
1639,13.421515257576973,13.846296444535255,8.937182649970055,-0.42478118695828293,4.484332607606918,0.5932542126247885,0.6940626963800197,3.84615994989872,2.5431018322706223,1.654113456606865,0.8938074111938477
1640,7.254833093134619,12.516649346798658,7.328489795327187,-5.26181625366404,-0.07365670219256781,0.5932823206175966,0.6940630898453092,3.1332161277532578,2.081950753927231,1.3595454394817352,0.7537774741649628
1641,-4.9294388744759585,10.68407567217946,6.009361892938614,-15.61351454665542,-10.938800767414573,0.593365726144021,0.6941215236100924,2.545125223696232,1.698063313961029,1.125410944223404,0.6407624110579491
1642,-3.4328702544386953,9.509250149130821,4.927676636725664,-12.942120403569517,-8.36054689116436,0.5934348614025872,0.6941661846511776,2.076444588601589,1.3909284956753254,0.9268825873732567,0.5334209650754929
1643,0.0,8.944761659950018,4.040694888681173,-8.944761659950018,-4.040694888681173,0.5934826432490613,0.694187769559771,1.6966639086604118,1.1403159238398075,0.7622212171554565,0.44149383902549744
1644,0.0,8.600771240890026,3.313369769603014,-8.600771240890026,-3.313369769603014,0.593528587539878,0.6942054691846087,1.3857710175216198,0.93406205996871,0.6271876394748688,0.3663490526378155
1645,0.0,8.398325834423304,2.7169632725417614,-8.398325834423304,-2.7169632725417614,0.5935734503915576,0.6942199828773039,1.1325079016387463,0.765251787379384,0.5157944280654192,0.3034091554582119
1646,0.0,8.282272517681122,2.2279098397120833,-8.282272517681122,-2.2279098397120833,0.5936176933003059,0.6942318841050802,0.9260197170078754,0.6270445883274078,0.4239818546921015,0.2508636796846986
1647,0.0,8.217379078269005,1.8268860410898924,-8.217379078269005,-1.8268860410898924,0.5936615895560658,0.69424164311171,0.7575284224003553,0.5138629116117954,0.3483697073534131,0.20712499972432852
1648,0.0,8.182264026254416,1.49804656393826,-8.182264026254416,-1.49804656393826,0.5937052982314198,0.6942496454972011,0.6199396215379238,0.42115459218621254,0.286143203265965,0.17080914694815874
1649,0.0,8.164317905902863,1.228398154489696,-8.164317905902863,-1.228398154489696,0.5937489110407462,0.6942562074531546,0.5075117107480764,0.3452024422585964,0.23496332578361034,0.14072067569941282
1650,0.0,8.15620357170701,1.0072865057736635,-8.15620357170701,-1.0072865057736635,0.5937924805042704,0.6942615882571385,0.4156345035880804,0.2829640172421932,0.19284480949863791,0.11584317544475198
1651,0.0,8.153724111616611,0.8259749447461218,-8.153724111616611,-0.8259749447461218,0.5938360367228154,0.6942660005164587,0.34048138186335564,0.23195988032966852,0.1582340570166707,0.0952996255364269
1652,0.0,8.154445700347424,0.6772994587663561,-8.154445700347424,-0.6772994587663561,0.593879596796001,0.6942696185691231,0.27896626852452755,0.19015985308215022,0.12981975451111794,0.0783535826485604
1653,0.0,8.157005719840527,0.5553855444304645,-8.157005719840527,-0.5553855444304645,0.5939231705445044,0.694272585372245,0.22859976161271334,0.1559013850055635,0.1064945594407618,0.06438983837142587
1654,0.0,8.16061394289136,0.4554161394480616,-8.16061394289136,-0.4554161394480616,0.5939667635677036,0.6942750181507678,0.1873493893072009,0.12781897094100714,0.08735409937798977,0.05289367982186377
1655,0.0,8.164824545383453,0.3734412370249629,-8.164824545383453,-0.3734412370249629,0.5940103790834375,0.6942770130291707,0.15355785144492984,0.10479805059731007,0.07164950366131961,0.043435831321403384
1656,0.0,8.169375639408827,0.30622182530350983,-8.169375639408827,-0.30622182530350983,0.5940540189105711,0.6942786488295195,0.12587157543748617,0.08592528756707907,0.05876540089957416,0.03565956139937043
1657,0.0,8.174129948019981,0.25110188871622086,-8.174129948019981,-0.25110188871622086,0.5940976841346524,0.6942799901857627,0.10318410350009799,0.07045257952995598,0.048196237185038626,0.029268968501128256
1658,0.0,8.178999088704586,0.20590355270542204,-8.178999088704586,-0.20590355270542204,0.5941413753691006,0.6942810900979032,0.08459064410999417,0.05776698235422373,0.03952663391828537,0.024019292322918773
1659,0.0,8.18393798545003,0.16884091746760532,-8.18393798545003,-0.16884091746760532,0.5941850929865442,0.6942819920258811,0.0693508714903146,0.047366146463900805,0.03241566300857812,0.019708236504811794
1660,0.0,8.188917860388756,0.13844954955857247,-8.188917860388756,-0.13844954955857247,0.5942288372058839,0.6942827316068083,0.056858843890950084,0.03883836034219712,0.02658338053151965,0.016168964793905616
1661,0.0,8.19392716512084,0.11352863075444475,-8.19392716512084,-0.11352863075444475,0.5942726081843301,0.6942833380631692,0.04661844577640295,0.03184618544764817,0.021800045215059072,0.013263954315334558
1662,0.0,8.198953326791525,0.09309347442467697,-8.198953326791525,-0.09309347442467697,0.5943164060119305,0.6942838353573703,0.03822334692813456,0.02611302479635924,0.017877135542221367,0.0108799671579618
1663,0.0,8.203993458300829,0.07633664936292917,-8.203993458300829,-0.07633664936292917,0.5943602307633102,0.6942842431386168,0.03134070138912648,0.021412107162177563,0.014659974840469658,0.008923865971155465
1664,0.0,8.209041506052017,0.0625960536126513,-8.209041506052017,-0.0625960536126513,0.594404082480757,0.6942845775192451,0.02569782081991434,0.01755754492478445,0.012021648581139743,0.007319039286812767
1665,0.0,8.214099891483784,0.051328763947822154,-8.214099891483784,-0.051328763947822154,0.5944479612194936,0.6942848517113602,0.021071240189485252,0.01439692423446104,0.00985805454547517,0.006002544978400692
1666,0.0,8.219163492321968,0.042089587077498436,-8.219163492321968,-0.042089587077498436,0.59449186700738,0.694285076548898,0.017277819279115647,0.01180530889541842,0.008083794818958268,0.004922664084006101
1667,0.0,8.224233705550432,0.034513460923335515,-8.224233705550432,-0.034513460923335515,0.5945357998797387,0.6942852609156764,0.014167456538416445,0.00968023159657605,0.006628836126765236,0.0040369366615777835
1668,0.0,8.22931183502078,0.028301038400968537,-8.22931183502078,-0.028301038400968537,0.5945797598788574,0.6942854120964371,0.011617114796536043,0.007937712507555261,0.005435717685031705,0.0033104934118455276
1669,0.0,8.234398905187845,0.023206851619761437,-8.234398905187845,-0.023206851619761437,0.5946237470524962,0.6942855360646616,0.009525934001430869,0.0065088694100268185,0.004457330942386761,0.0027147172659169883
1670,0.0,8.239488769322634,0.019029618124477565,-8.239488769322634,-0.019029618124477565,0.5946677614155802,0.6942856377186045,0.007811224350007251,0.005337235779734328,0.003655036198324524,0.002226121796411462
1671,0.0,8.244584128260612,0.015604286818415858,-8.244584128260612,-0.015604286818415858,0.594711802997462,0.6942857210748375,0.006405196472769603,0.004376509241410531,0.0029971415642648935,0.00182543953997083
1672,0.0,8.249691501259804,0.012795515340258135,-8.249691501259804,-0.012795515340258135,0.5947558718623192,0.6942857894269494,0.005252274058875628,0.003588720574043691,0.0024576627765782177,0.0014968579307605978
1673,10.651247597691528,8.815913181751966,0.010492322326172143,1.8353344159395615,10.640755275365356,0.5947460677254819,0.6942289477855211,0.004326624184614047,0.002952957947854884,0.0020064759155502543,0.0012062642781529576
1674,50.865703103834264,11.73886340111494,6.450636405497789,39.12683970271932,44.415066698336474,0.594537056829634,0.693991687813842,2.7031540870666504,1.8330249935388565,1.2179695069789886,0.6964878179132938
1675,80.30698982209155,16.56396621838212,17.037821002304554,63.74302360370943,63.269168819787,0.5941965492249133,0.6936537114846765,7.195675373077393,4.855872318148613,3.2431568950414658,1.7431164160370827
1676,88.31533338213276,21.657808125019073,27.170546539127827,66.65752525711369,61.14478684300494,0.5938404727011038,0.6933270833498314,11.583727598190308,7.738198339939117,5.152389407157898,2.6962311938405037
1677,81.01975051257224,26.045410335063934,34.175584092736244,54.97434017750831,46.844166419836,0.5935468063540018,0.6930768474181015,14.651146531105042,9.741013497114182,6.423015147447586,3.360408917069435
1678,47.02459547094522,27.990184538066387,33.807793632149696,19.034410932878835,13.216801838795526,0.5934451268084202,0.6930062448441763,14.667294919490814,9.68930721282959,6.235921010375023,3.2152704894542694
1679,23.54726050956008,28.058356791734695,29.282318241894245,-4.511096282174616,-5.735057732334166,0.5934692245449703,0.6930368808363362,12.699392437934875,8.395195752382278,5.395841225981712,2.791888825595379
1680,25.692260950733345,28.27972937375307,25.956647098064423,-2.5874684230197253,-0.2643861473310771,0.5934830464916745,0.6930382931554993,11.21196299791336,7.431747764348984,4.814521223306656,2.4984151124954224
1681,18.119891336365058,27.91099976748228,21.866527386009693,-9.791108431117223,-3.7466360496446356,0.5935353494213279,0.693058307236961,9.450216591358185,6.254240870475769,4.056635871529579,2.10543405264616
1682,8.820112847419798,26.907172612845898,17.930552922189236,-18.087059765426098,-9.110440074769437,0.5936319683303313,0.6931069741177024,7.794198393821716,5.1017750054597855,3.3129122108221054,1.7216673120856285
1683,42.887318790658426,28.460301458835602,19.741290807724,14.427017331822825,23.146027982934427,0.5935549009300545,0.6929833308058277,8.54903981089592,5.633816123008728,3.674279898405075,1.8841549754142761
1684,65.10757901255519,31.26451075077057,25.22930335253477,33.84306826178462,39.87827566002042,0.593374115308998,0.6927703058290114,10.836886614561081,7.179673761129379,4.750978946685791,2.4617640301585197
1685,72.30834015461697,34.17294844985008,31.031744554638863,38.13539170476689,41.27659559997811,0.5931704006097204,0.6925498111943962,13.324663043022156,8.841125667095184,5.8287616819143295,3.037194162607193
1686,44.55479769521275,34.93491820991039,30.800459161400795,9.619879485302356,13.754338533811953,0.5931190123646066,0.6924763371637669,13.328352570533752,8.81277397274971,5.70952445268631,2.9498081654310226
1687,30.965353906412933,34.68642458319664,28.166822530329227,-3.7210706767837074,2.798531376083705,0.5931388898789057,0.6924613877440229,12.181279808282852,8.064352720975876,5.218330025672913,2.702859975397587
1688,32.24404259200769,34.561798721551895,26.237834431231022,-2.3177561295442075,6.006208160776666,0.5931512710548115,0.6924293032987195,11.333563923835754,7.507599890232086,4.872432351112366,2.5242382660508156
1689,46.29979082454073,35.40246784687042,27.18702219426632,10.897322977670306,19.11276863027441,0.5930930588594179,0.6923272051756946,11.746826022863388,7.764679938554764,5.06177581846714,2.613740414381027
1690,70.139682133645,37.68116198480129,32.25947804749012,32.458520148843704,37.880204086154876,0.5929196693287082,0.6921248536581404,13.86098861694336,9.200289845466614,6.047257781028748,3.1509418040513992
1691,60.34142124586233,39.10462483763695,34.661031141877174,21.23679640822538,25.680390103985154,0.5928062249034506,0.691987672087072,14.97185230255127,9.913008660078049,6.4390577375888824,3.3371124416589737
1692,53.24186965762977,39.95894379913807,35.35633720457554,13.282925858491701,17.885532453054232,0.5927352691029244,0.691892129712857,15.321925282478333,10.132549703121185,6.529300659894943,3.3725615590810776
1693,41.403892712949975,39.955805242061615,33.79840403795242,1.4480874708883604,7.605488674997552,0.5927275335929303,0.6918515021024136,14.670296013355255,9.696240723133087,6.221608817577362,3.2102584838867188
1694,42.25758915440618,40.01527167856693,32.6757337898016,2.2423174758392506,9.581855364604586,0.5927155554012858,0.6918003169776027,14.168666303157806,9.366951882839203,6.02804571390152,3.1120698899030685
1695,53.11185160594906,40.79771116375923,33.710386231541634,12.314140442189832,19.40146537440743,0.5926497747365306,0.6916966766711155,14.589759707450867,9.649588912725449,6.243298202753067,3.2277394086122513
1696,41.22459564091764,40.727876126766205,32.422079145908356,0.49671951415143667,8.802516495009286,0.5926471213203225,0.6916496546812917,14.056991040706635,9.294146299362183,5.982159450650215,3.0887823551893234
1697,44.64860255633079,40.896812453866005,31.983342207968235,3.7517901024647884,12.665260348362558,0.5926270797065273,0.691581998376012,13.85461539030075,9.15987715125084,5.914551764726639,3.0542979016900063
1698,85.2651857682212,43.662651628255844,38.93651254475117,41.60253413996536,46.328673223470034,0.5924048439472326,0.6913345161472542,16.738402843475342,11.120309680700302,7.276611030101776,3.8011889904737473
1699,89.38369697934583,46.476780250668526,45.38657031953335,42.9069167286773,43.99712665981248,0.5921756403322289,0.6910994887612509,19.57183927297592,13.005957007408142,8.415836095809937,4.392937943339348
1700,81.07201637151098,48.62394072115421,49.18628670275211,32.44807565035677,31.88572966875887,0.5920023065947805,0.6909291590087469,21.289490163326263,14.13382887840271,9.045587480068207,4.717380180954933
1701,95.50115811468314,51.5079315751791,54.90420497953892,43.993226539504036,40.59695313514422,0.5917673000427532,0.690712294942854,23.739217221736908,15.749523043632507,10.116676986217499,5.2987877279520035
1702,99.79813585196746,54.45462688803673,60.372597724199295,45.34350896393073,39.425538127768164,0.591525080443587,0.6905016884357612,26.096978783607483,17.30038672685623,11.136578023433685,5.838654190301895
1703,57.3938446065717,54.72665950655937,57.22997635602951,2.6671851000123254,0.1638682505421869,0.5915108326599331,0.690500813071175,24.86693561077118,16.411294043064117,10.503335297107697,5.448411405086517
1704,7.672467920491525,51.931676268577576,46.92857898771763,-44.25920834808605,-39.2561110672261,0.5917472600549549,0.6907105145191836,20.41114717721939,13.544119894504547,8.538856357336044,4.434455558657646
1705,23.666791756575467,50.262877345085144,40.12899547815323,-26.596085588509677,-16.46220372157776,0.5918893331617312,0.690798453641628,17.460641264915466,11.582203209400177,7.30661153793335,3.779539465904236
1706,-10.559175897462191,46.27550691366196,32.90577605366707,-56.834682811124146,-43.46495195112926,0.592192937236577,0.6910306382140164,14.317911863327026,9.464062750339508,6.007670611143112,3.116130828857422
1707,-26.137003564854783,41.44899323582649,26.982736587524414,-67.58599680068127,-53.119740152379194,0.5925539735442729,0.6913143975097022,11.70835793018341,7.7300578355789185,4.949496313929558,2.594824507832527
1708,6.023996854309589,38.944973796606064,22.125843726098537,-32.92097694229648,-16.10184687178895,0.5927298334638365,0.6914004116489746,9.572752565145493,6.333217024803162,4.089049622416496,2.130824513733387
1709,6.023996854309745,36.61790043115616,18.143191561102867,-30.593903576846415,-12.119194706793122,0.592893262435935,0.6914651509369383,7.8885093331336975,5.16214482486248,3.350001573562622,1.7425358295440674
1710,-12.370197766255252,33.265217021107674,14.87741768360138,-45.635414787362926,-27.24761544985663,0.5931370413610811,0.691610704438273,6.48835226893425,4.199807345867157,2.741166576743126,1.4480914920568466
1711,-97.19069030909961,25.350999645888805,12.19948260113597,-122.54168995498841,-109.39017291023558,0.5937916444057125,0.6921950536525371,5.176277458667755,3.400392457842827,2.2914087399840355,1.3314039446413517
1712,-97.54402268899419,17.463670298457146,10.003575310111046,-115.00769298745134,-107.54759799910524,0.5944060017400472,0.692769560052105,4.217379167675972,2.78302151709795,1.891026832163334,1.11214779317379
1713,-14.652618567413894,14.210091065615416,8.20293202996254,-28.86270963302931,-22.855550597376435,0.5945601828812492,0.6928916516685439,3.50070521235466,2.317318134009838,1.5282153151929379,0.8566933684051037
1714,1.4756395904917594,12.551901768893003,6.7264041397720575,-11.076262178401244,-5.250764549280298,0.5946193509484415,0.6929197006244696,2.865169569849968,1.9058756530284882,1.2534139677882195,0.701944949105382
1715,-4.879281531939458,10.863731894642115,5.515651497989893,-15.743013426581573,-10.394933029929351,0.594703448242387,0.6929752291128773,2.3316845297813416,1.5570270828902721,1.035661343485117,0.5912785418331623
1716,-8.974700231408205,9.470864571630955,4.52283420599997,-18.44556480303916,-13.497534437408175,0.5948019822424032,0.6930473313267523,1.8997905775904655,1.273274701088667,0.8543716743588448,0.4953972529619932
1717,-48.71992377640749,7.561065535992384,3.7087240256369114,-56.280989312399875,-52.4286478020444,0.5951026285528327,0.6933273988897974,1.5319117344915867,1.0343062691390514,0.710354233160615,0.4321517888456583
1718,-66.36410138980725,6.433578208088875,3.0411537270992994,-72.79767959789612,-69.40525511690655,0.5954915050464112,0.6936981534577297,1.2422392144799232,0.848871748894453,0.5867008585482836,0.36334190517663956
1719,-56.37492250018082,6.170295597985387,2.493746019899845,-62.54521809816621,-58.86866852008067,0.5958256141174485,0.6940126228408497,1.016797125339508,0.697030033916235,0.4814587999135256,0.2984600607305765
1720,-34.481867757496275,6.449666293337941,2.0448717521503568,-40.931534050834216,-36.52673950964663,0.5960442654745577,0.6942077443125894,0.838285218924284,0.5715062841773033,0.3935718908905983,0.24150835815817118
1721,-26.270117511081544,6.722720479592681,1.6767948167398572,-32.992837990674225,-27.9469123278214,0.5962205092672429,0.6943570333741697,0.6876297760754824,0.4687992390245199,0.32288634683936834,0.19747945480048656
1722,-15.45486277842476,7.049271417781711,1.374971796758473,-22.504134196206472,-16.829834575183234,0.5963407236593167,0.6944469363366439,0.5655350163578987,0.38443144876509905,0.26450532022863626,0.1605000114068389
1723,-1.831088964422951,7.662258017808199,1.1274768272414804,-9.49334698223115,-2.9585657916644315,0.5963914359829398,0.6944627406410866,0.46576792374253273,0.3165655070915818,0.21585149224847555,0.12929190415889025
1724,0.0,8.048177510499954,0.924531021155417,-8.048177510499954,-0.924531021155417,0.596434428384171,0.694467679375174,0.3818236058577895,0.25963441003113985,0.1770012779161334,0.1060717273503542
1725,0.0,8.256309106945992,0.7581154117360711,-8.256309106945992,-0.7581154117360711,0.5964785325994859,0.6944717291369887,0.3128235461190343,0.2128368243575096,0.14522571582347155,0.08722932543605566
1726,0.0,8.377805352210999,0.6216546520590782,-8.377805352210999,-0.6216546520590782,0.596523285833205,0.694475049941754,0.25633214972913265,0.1744831562973559,0.11914244387298822,0.07169690215960145
1727,0.0,8.449512347579002,0.5097568093333393,-8.449512347579002,-0.5097568093333393,0.596568422117113,0.6944777730016329,0.21006930619478226,0.14304692158475518,0.09773571509867907,0.05890486645512283
1728,0.0,8.492843247950077,0.418000589706935,-8.492843247950077,-0.418000589706935,0.596613789869506,0.694480005910766,0.17217447748407722,0.11727851815521717,0.08016960346139967,0.04837799060624093
1729,0.0,8.520083222538233,0.3427604853641242,-8.520083222538233,-0.3427604853641242,0.5966593031345836,0.6944818368962647,0.14112803619354963,0.09615477174520493,0.06575691513717175,0.039720762288197875
1730,0.0,8.538156282156706,0.2810635953210294,-8.538156282156706,-0.2810635953210294,0.5967049129437831,0.6944833383043594,0.11568835470825434,0.07883759099058807,0.05393276223912835,0.03260488738305867
1731,0.0,8.550982363522053,0.23047214781399816,-8.550982363522053,-0.23047214781399816,0.5967505912683746,0.6944845694589952,0.09484018082730472,0.06464041071012616,0.044233043445274234,0.026758512831293046
1732,0.0,8.560807351022959,0.18898716080002487,-8.560807351022959,-0.18898716080002487,0.5967963220768736,0.6944855790057943,0.07775288540869951,0.053000752814114094,0.036276638275012374,0.021956884302198887
1733,0.0,8.568910602480173,0.1549694687128067,-8.568910602480173,-0.1549694687128067,0.5968420961719724,0.6944864068341529,0.06374680669978261,0.043457592255435884,0.029750610701739788,0.01801445905584842
1734,0.0,8.576033171266317,0.1270749664399773,-8.576033171266317,-0.1270749664399773,0.5968879083149813,0.694487085653418,0.05226550274528563,0.035633103107102215,0.024398059758823365,0.014778300828766078
1735,0.0,8.582590892910957,0.10420147445984185,-8.582590892910957,-0.10420147445984185,0.5969337554885545,0.694487642285226,0.0428532570367679,0.029217664268799126,0.02000815875362605,0.012122394400648773
